0.2476094024 0.2015064129
0.2476519130 0.2015153367
0.2476944236 0.2015242648
0.2477369342 0.2015331972
0.2477794449 0.2015421338
0.2478219555 0.2015510745
0.2478644661 0.2015600195
0.2479069767 0.2015689685
0.2479494874 0.2015779217
0.2479919980 0.2015868791
0.2480345086 0.2015958405
0.2480770193 0.2016048059
0.2481195299 0.2016137754
0.2481620405 0.2016227490
0.2482045511 0.2016317265
0.2482470618 0.2016407080
0.2482895724 0.2016496935
0.2483320830 0.2016586829
0.2483745936 0.2016676762
0.2484171043 0.2016766734
0.2484596149 0.2016856745
0.2485021255 0.2016946794
0.2485446362 0.2017036882
0.2485871468 0.2017127008
0.2486296574 0.2017217171
0.2486721680 0.2017307373
0.2487146787 0.2017397611
0.2487571893 0.2017487887
0.2487996999 0.2017578200
0.2488422106 0.2017668550
0.2488847212 0.2017758937
0.2489272318 0.2017849360
0.2489697424 0.2017939819
0.2490122531 0.2018030314
0.2490547637 0.2018120845
0.2490972743 0.2018211411
0.2491397849 0.2018302013
0.2491822956 0.2018392650
0.2492248062 0.2018483322
0.2492673168 0.2018574029
0.2493098275 0.2018664770
0.2493523381 0.2018755546
0.2493948487 0.2018846356
0.2494373593 0.2018937199
0.2494798700 0.2019028077
0.2495223806 0.2019118988
0.2495648912 0.2019209932
0.2496074019 0.2019300910
0.2496499125 0.2019391920
0.2496924231 0.2019482963
0.2497349337 0.2019574039
0.2497774444 0.2019665146
0.2498199550 0.2019756286
0.2498624656 0.2019847458
0.2499049762 0.2019938662
0.2499474869 0.2020029897
0.2499899975 0.2020121163
0.2500325081 0.2020212461
0.2500750188 0.2020303789
0.2501175294 0.2020395148
0.2501600400 0.2020486538
0.2502025506 0.2020577957
0.2502450613 0.2020669407
0.2502875719 0.2020760887
0.2503300825 0.2020852397
0.2503725931 0.2020943936
0.2504151038 0.2021035504
0.2504576144 0.2021127101
0.2505001250 0.2021218728
0.2505426357 0.2021310383
0.2505851463 0.2021402066
0.2506276569 0.2021493778
0.2506701675 0.2021585518
0.2507126782 0.2021677286
0.2507551888 0.2021769082
0.2507976994 0.2021860905
0.2508402101 0.2021952755
0.2508827207 0.2022044633
0.2509252313 0.2022136537
0.2509677419 0.2022228468
0.2510102526 0.2022320426
0.2510527632 0.2022412410
0.2510952738 0.2022504421
0.2511377844 0.2022596457
0.2511802951 0.2022688519
0.2512228057 0.2022780607
0.2512653163 0.2022872720
0.2513078270 0.2022964858
0.2513503376 0.2023057021
0.2513928482 0.2023149209
0.2514353588 0.2023241422
0.2514778695 0.2023333659
0.2515203801 0.2023425920
0.2515628907 0.2023518205
0.2516054014 0.2023610515
0.2516479120 0.2023702848
0.2516904226 0.2023795204
0.2517329332 0.2023887583
0.2517754439 0.2023979986
0.2518179545 0.2024072412
0.2518604651 0.2024164860
0.2519029757 0.2024257331
0.2519454864 0.2024349824
0.2519879970 0.2024442339
0.2520305076 0.2024534877
0.2520730183 0.2024627436
0.2521155289 0.2024720017
0.2521580395 0.2024812619
0.2522005501 0.2024905242
0.2522430608 0.2024997886
0.2522855714 0.2025090551
0.2523280820 0.2025183237
0.2523705926 0.2025275943
0.2524131033 0.2025368670
0.2524556139 0.2025461417
0.2524981245 0.2025554183
0.2525406352 0.2025646969
0.2525831458 0.2025739775
0.2526256564 0.2025832600
0.2526681670 0.2025925445
0.2527106777 0.2026018308
0.2527531883 0.2026111190
0.2527956989 0.2026204091
0.2528382096 0.2026297010
0.2528807202 0.2026389948
0.2529232308 0.2026482903
0.2529657414 0.2026575877
0.2530082521 0.2026668868
0.2530507627 0.2026761877
0.2530932733 0.2026854903
0.2531357839 0.2026947946
0.2531782946 0.2027041006
0.2532208052 0.2027134083
0.2532633158 0.2027227177
0.2533058265 0.2027320287
0.2533483371 0.2027413413
0.2533908477 0.2027506556
0.2534333583 0.2027599714
0.2534758690 0.2027692888
0.2535183796 0.2027786078
0.2535608902 0.2027879283
0.2536034009 0.2027972503
0.2536459115 0.2028065738
0.2536884221 0.2028158988
0.2537309327 0.2028252253
0.2537734434 0.2028345532
0.2538159540 0.2028438826
0.2538584646 0.2028532134
0.2539009752 0.2028625455
0.2539434859 0.2028718791
0.2539859965 0.2028812140
0.2540285071 0.2028905502
0.2540710178 0.2028998878
0.2541135284 0.2029092267
0.2541560390 0.2029185669
0.2541985496 0.2029279083
0.2542410603 0.2029372510
0.2542835709 0.2029465950
0.2543260815 0.2029559402
0.2543685921 0.2029652865
0.2544111028 0.2029746341
0.2544536134 0.2029839828
0.2544961240 0.2029933327
0.2545386347 0.2030026837
0.2545811453 0.2030120358
0.2546236559 0.2030213891
0.2546661665 0.2030307434
0.2547086772 0.2030400988
0.2547511878 0.2030494552
0.2547936984 0.2030588127
0.2548362091 0.2030681712
0.2548787197 0.2030775306
0.2549212303 0.2030868911
0.2549637409 0.2030962525
0.2550062516 0.2031056149
0.2550487622 0.2031149782
0.2550912728 0.2031243424
0.2551337834 0.2031337076
0.2551762941 0.2031430736
0.2552188047 0.2031524404
0.2552613153 0.2031618081
0.2553038260 0.2031711767
0.2553463366 0.2031805460
0.2553888472 0.2031899162
0.2554313578 0.2031992871
0.2554738685 0.2032086588
0.2555163791 0.2032180312
0.2555588897 0.2032274044
0.2556014004 0.2032367783
0.2556439110 0.2032461529
0.2556864216 0.2032555281
0.2557289322 0.2032649041
0.2557714429 0.2032742806
0.2558139535 0.2032836579
0.2558564641 0.2032930357
0.2558989747 0.2033024141
0.2559414854 0.2033117931
0.2559839960 0.2033211727
0.2560265066 0.2033305528
0.2560690173 0.2033399334
0.2561115279 0.2033493146
0.2561540385 0.2033586963
0.2561965491 0.2033680784
0.2562390598 0.2033774611
0.2562815704 0.2033868442
0.2563240810 0.2033962277
0.2563665916 0.2034056116
0.2564091023 0.2034149959
0.2564516129 0.2034243807
0.2564941235 0.2034337658
0.2565366342 0.2034431512
0.2565791448 0.2034525370
0.2566216554 0.2034619232
0.2566641660 0.2034713096
0.2567066767 0.2034806963
0.2567491873 0.2034900833
0.2567916979 0.2034994706
0.2568342086 0.2035088581
0.2568767192 0.2035182458
0.2569192298 0.2035276338
0.2569617404 0.2035370219
0.2570042511 0.2035464103
0.2570467617 0.2035557988
0.2570892723 0.2035651874
0.2571317829 0.2035745762
0.2571742936 0.2035839651
0.2572168042 0.2035933541
0.2572593148 0.2036027432
0.2573018255 0.2036121324
0.2573443361 0.2036215216
0.2573868467 0.2036309109
0.2574293573 0.2036403002
0.2574718680 0.2036496895
0.2575143786 0.2036590788
0.2575568892 0.2036684681
0.2575993998 0.2036778574
0.2576419105 0.2036872466
0.2576844211 0.2036966357
0.2577269317 0.2037060248
0.2577694424 0.2037154137
0.2578119530 0.2037248026
0.2578544636 0.2037341913
0.2578969742 0.2037435799
0.2579394849 0.2037529683
0.2579819955 0.2037623566
0.2580245061 0.2037717446
0.2580670168 0.2037811325
0.2581095274 0.2037905202
0.2581520380 0.2037999076
0.2581945486 0.2038092948
0.2582370593 0.2038186817
0.2582795699 0.2038280683
0.2583220805 0.2038374547
0.2583645911 0.2038468407
0.2584071018 0.2038562264
0.2584496124 0.2038656118
0.2584921230 0.2038749968
0.2585346337 0.2038843815
0.2585771443 0.2038937658
0.2586196549 0.2039031497
0.2586621655 0.2039125332
0.2587046762 0.2039219162
0.2587471868 0.2039312989
0.2587896974 0.2039406810
0.2588322081 0.2039500627
0.2588747187 0.2039594439
0.2589172293 0.2039688246
0.2589597399 0.2039782049
0.2590022506 0.2039875845
0.2590447612 0.2039969637
0.2590872718 0.2040063423
0.2591297824 0.2040157203
0.2591722931 0.2040250977
0.2592148037 0.2040344745
0.2592573143 0.2040438507
0.2592998250 0.2040532263
0.2593423356 0.2040626013
0.2593848462 0.2040719756
0.2594273568 0.2040813492
0.2594698675 0.2040907221
0.2595123781 0.2041000944
0.2595548887 0.2041094659
0.2595973993 0.2041188367
0.2596399100 0.2041282068
0.2596824206 0.2041375761
0.2597249312 0.2041469446
0.2597674419 0.2041563124
0.2598099525 0.2041656793
0.2598524631 0.2041750455
0.2598949737 0.2041844108
0.2599374844 0.2041937753
0.2599799950 0.2042031389
0.2600225056 0.2042125016
0.2600650163 0.2042218635
0.2601075269 0.2042312245
0.2601500375 0.2042405846
0.2601925481 0.2042499437
0.2602350588 0.2042593019
0.2602775694 0.2042686592
0.2603200800 0.2042780155
0.2603625906 0.2042873708
0.2604051013 0.2042967252
0.2604476119 0.2043060785
0.2604901225 0.2043154308
0.2605326332 0.2043247821
0.2605751438 0.2043341323
0.2606176544 0.2043434815
0.2606601650 0.2043528296
0.2607026757 0.2043621766
0.2607451863 0.2043715225
0.2607876969 0.2043808673
0.2608302076 0.2043902110
0.2608727182 0.2043995535
0.2609152288 0.2044088949
0.2609577394 0.2044182351
0.2610002501 0.2044275741
0.2610427607 0.2044369120
0.2610852713 0.2044462486
0.2611277819 0.2044555840
0.2611702926 0.2044649182
0.2612128032 0.2044742511
0.2612553138 0.2044835828
0.2612978245 0.2044929132
0.2613403351 0.2045022423
0.2613828457 0.2045115701
0.2614253563 0.2045208966
0.2614678670 0.2045302217
0.2615103776 0.2045395456
0.2615528882 0.2045488681
0.2615953988 0.2045581892
0.2616379095 0.2045675089
0.2616804201 0.2045768273
0.2617229307 0.2045861442
0.2617654414 0.2045954597
0.2618079520 0.2046047738
0.2618504626 0.2046140865
0.2618929732 0.2046233977
0.2619354839 0.2046327074
0.2619779945 0.2046420156
0.2620205051 0.2046513224
0.2620630158 0.2046606276
0.2621055264 0.2046699314
0.2621480370 0.2046792336
0.2621905476 0.2046885342
0.2622330583 0.2046978333
0.2622755689 0.2047071308
0.2623180795 0.2047164268
0.2623605901 0.2047257211
0.2624031008 0.2047350138
0.2624456114 0.2047443050
0.2624881220 0.2047535944
0.2625306327 0.2047628823
0.2625731433 0.2047721685
0.2626156539 0.2047814530
0.2626581645 0.2047907358
0.2627006752 0.2048000169
0.2627431858 0.2048092963
0.2627856964 0.2048185740
0.2628282071 0.2048278500
0.2628707177 0.2048371242
0.2629132283 0.2048463967
0.2629557389 0.2048556674
0.2629982496 0.2048649363
0.2630407602 0.2048742034
0.2630832708 0.2048834688
0.2631257814 0.2048927323
0.2631682921 0.2049019939
0.2632108027 0.2049112538
0.2632533133 0.2049205117
0.2632958240 0.2049297678
0.2633383346 0.2049390221
0.2633808452 0.2049482744
0.2634233558 0.2049575248
0.2634658665 0.2049667733
0.2635083771 0.2049760199
0.2635508877 0.2049852646
0.2635933983 0.2049945073
0.2636359090 0.2050037480
0.2636784196 0.2050129868
0.2637209302 0.2050222236
0.2637634409 0.2050314584
0.2638059515 0.2050406911
0.2638484621 0.2050499219
0.2638909727 0.2050591506
0.2639334834 0.2050683773
0.2639759940 0.2050776019
0.2640185046 0.2050868244
0.2640610153 0.2050960449
0.2641035259 0.2051052633
0.2641460365 0.2051144795
0.2641885471 0.2051236937
0.2642310578 0.2051329057
0.2642735684 0.2051421156
0.2643160790 0.2051513234
0.2643585896 0.2051605289
0.2644011003 0.2051697323
0.2644436109 0.2051789336
0.2644861215 0.2051881326
0.2645286322 0.2051973294
0.2645711428 0.2052065240
0.2646136534 0.2052157164
0.2646561640 0.2052249065
0.2646986747 0.2052340944
0.2647411853 0.2052432800
0.2647836959 0.2052524633
0.2648262066 0.2052616444
0.2648687172 0.2052708231
0.2649112278 0.2052799996
0.2649537384 0.2052891737
0.2649962491 0.2052983455
0.2650387597 0.2053075150
0.2650812703 0.2053166820
0.2651237809 0.2053258468
0.2651662916 0.2053350091
0.2652088022 0.2053441691
0.2652513128 0.2053533267
0.2652938235 0.2053624818
0.2653363341 0.2053716346
0.2653788447 0.2053807849
0.2654213553 0.2053899328
0.2654638660 0.2053990782
0.2655063766 0.2054082211
0.2655488872 0.2054173616
0.2655913978 0.2054264996
0.2656339085 0.2054356351
0.2656764191 0.2054447681
0.2657189297 0.2054538986
0.2657614404 0.2054630265
0.2658039510 0.2054721519
0.2658464616 0.2054812748
0.2658889722 0.2054903951
0.2659314829 0.2054995128
0.2659739935 0.2055086280
0.2660165041 0.2055177405
0.2660590148 0.2055268504
0.2661015254 0.2055359578
0.2661440360 0.2055450625
0.2661865466 0.2055541646
0.2662290573 0.2055632640
0.2662715679 0.2055723608
0.2663140785 0.2055814549
0.2663565891 0.2055905463
0.2663990998 0.2055996350
0.2664416104 0.2056087211
0.2664841210 0.2056178044
0.2665266317 0.2056268850
0.2665691423 0.2056359629
0.2666116529 0.2056450380
0.2666541635 0.2056541104
0.2666966742 0.2056631801
0.2667391848 0.2056722469
0.2667816954 0.2056813110
0.2668242061 0.2056903723
0.2668667167 0.2056994308
0.2669092273 0.2057084865
0.2669517379 0.2057175394
0.2669942486 0.2057265894
0.2670367592 0.2057356366
0.2670792698 0.2057446809
0.2671217804 0.2057537224
0.2671642911 0.2057627610
0.2672068017 0.2057717967
0.2672493123 0.2057808296
0.2672918230 0.2057898595
0.2673343336 0.2057988865
0.2673768442 0.2058079106
0.2674193548 0.2058169318
0.2674618655 0.2058259500
0.2675043761 0.2058349653
0.2675468867 0.2058439776
0.2675893973 0.2058529869
0.2676319080 0.2058619933
0.2676744186 0.2058709966
0.2677169292 0.2058799970
0.2677594399 0.2058889944
0.2678019505 0.2058979887
0.2678444611 0.2059069800
0.2678869717 0.2059159683
0.2679294824 0.2059249535
0.2679719930 0.2059339357
0.2680145036 0.2059429148
0.2680570143 0.2059518908
0.2680995249 0.2059608637
0.2681420355 0.2059698335
0.2681845461 0.2059788003
0.2682270568 0.2059877639
0.2682695674 0.2059967244
0.2683120780 0.2060056817
0.2683545886 0.2060146359
0.2683970993 0.2060235870
0.2684396099 0.2060325348
0.2684821205 0.2060414796
0.2685246312 0.2060504211
0.2685671418 0.2060593594
0.2686096524 0.2060682946
0.2686521630 0.2060772265
0.2686946737 0.2060861552
0.2687371843 0.2060950807
0.2687796949 0.2061040030
0.2688222056 0.2061129220
0.2688647162 0.2061218377
0.2689072268 0.2061307502
0.2689497374 0.2061396594
0.2689922481 0.2061485653
0.2690347587 0.2061574679
0.2690772693 0.2061663673
0.2691197799 0.2061752633
0.2691622906 0.2061841560
0.2692048012 0.2061930453
0.2692473118 0.2062019314
0.2692898225 0.2062108140
0.2693323331 0.2062196934
0.2693748437 0.2062285693
0.2694173543 0.2062374419
0.2694598650 0.2062463111
0.2695023756 0.2062551769
0.2695448862 0.2062640394
0.2695873968 0.2062728984
0.2696299075 0.2062817539
0.2696724181 0.2062906061
0.2697149287 0.2062994548
0.2697574394 0.2063083001
0.2697999500 0.2063171419
0.2698424606 0.2063259803
0.2698849712 0.2063348152
0.2699274819 0.2063436466
0.2699699925 0.2063524745
0.2700125031 0.2063612990
0.2700550138 0.2063701199
0.2700975244 0.2063789373
0.2701400350 0.2063877512
0.2701825456 0.2063965615
0.2702250563 0.2064053684
0.2702675669 0.2064141716
0.2703100775 0.2064229714
0.2703525881 0.2064317675
0.2703950988 0.2064405601
0.2704376094 0.2064493491
0.2704801200 0.2064581345
0.2705226307 0.2064669163
0.2705651413 0.2064756945
0.2706076519 0.2064844691
0.2706501625 0.2064932400
0.2706926732 0.2065020074
0.2707351838 0.2065107710
0.2707776944 0.2065195311
0.2708202051 0.2065282875
0.2708627157 0.2065370402
0.2709052263 0.2065457892
0.2709477369 0.2065545346
0.2709902476 0.2065632763
0.2710327582 0.2065720143
0.2710752688 0.2065807485
0.2711177794 0.2065894791
0.2711602901 0.2065982059
0.2712028007 0.2066069290
0.2712453113 0.2066156484
0.2712878220 0.2066243640
0.2713303326 0.2066330759
0.2713728432 0.2066417840
0.2714153538 0.2066504883
0.2714578645 0.2066591889
0.2715003751 0.2066678856
0.2715428857 0.2066765786
0.2715853963 0.2066852678
0.2716279070 0.2066939532
0.2716704176 0.2067026347
0.2717129282 0.2067113124
0.2717554389 0.2067199863
0.2717979495 0.2067286564
0.2718404601 0.2067373226
0.2718829707 0.2067459849
0.2719254814 0.2067546434
0.2719679920 0.2067632980
0.2720105026 0.2067719487
0.2720530133 0.2067805956
0.2720955239 0.2067892385
0.2721380345 0.2067978776
0.2721805451 0.2068065127
0.2722230558 0.2068151439
0.2722655664 0.2068237712
0.2723080770 0.2068323946
0.2723505876 0.2068410140
0.2723930983 0.2068496295
0.2724356089 0.2068582410
0.2724781195 0.2068668485
0.2725206302 0.2068754521
0.2725631408 0.2068840517
0.2726056514 0.2068926473
0.2726481620 0.2069012390
0.2726906727 0.2069098266
0.2727331833 0.2069184102
0.2727756939 0.2069269898
0.2728182046 0.2069355654
0.2728607152 0.2069441370
0.2729032258 0.2069527045
0.2729457364 0.2069612680
0.2729882471 0.2069698274
0.2730307577 0.2069783827
0.2730732683 0.2069869340
0.2731157789 0.2069954813
0.2731582896 0.2070040244
0.2732008002 0.2070125635
0.2732433108 0.2070210984
0.2732858215 0.2070296293
0.2733283321 0.2070381561
0.2733708427 0.2070466787
0.2734133533 0.2070551972
0.2734558640 0.2070637116
0.2734983746 0.2070722219
0.2735408852 0.2070807280
0.2735833958 0.2070892300
0.2736259065 0.2070977278
0.2736684171 0.2071062214
0.2737109277 0.2071147109
0.2737534384 0.2071231962
0.2737959490 0.2071316773
0.2738384596 0.2071401542
0.2738809702 0.2071486269
0.2739234809 0.2071570954
0.2739659915 0.2071655597
0.2740085021 0.2071740198
0.2740510128 0.2071824756
0.2740935234 0.2071909273
0.2741360340 0.2071993746
0.2741785446 0.2072078178
0.2742210553 0.2072162567
0.2742635659 0.2072246913
0.2743060765 0.2072331216
0.2743485871 0.2072415477
0.2743910978 0.2072499695
0.2744336084 0.2072583871
0.2744761190 0.2072668003
0.2745186297 0.2072752092
0.2745611403 0.2072836139
0.2746036509 0.2072920142
0.2746461615 0.2073004102
0.2746886722 0.2073088018
0.2747311828 0.2073171892
0.2747736934 0.2073255722
0.2748162041 0.2073339508
0.2748587147 0.2073423251
0.2749012253 0.2073506951
0.2749437359 0.2073590607
0.2749862466 0.2073674219
0.2750287572 0.2073757787
0.2750712678 0.2073841312
0.2751137784 0.2073924793
0.2751562891 0.2074008229
0.2751987997 0.2074091622
0.2752413103 0.2074174971
0.2752838210 0.2074258275
0.2753263316 0.2074341536
0.2753688422 0.2074424752
0.2754113528 0.2074507924
0.2754538635 0.2074591051
0.2754963741 0.2074674134
0.2755388847 0.2074757172
0.2755813953 0.2074840166
0.2756239060 0.2074923116
0.2756664166 0.2075006020
0.2757089272 0.2075088880
0.2757514379 0.2075171695
0.2757939485 0.2075254465
0.2758364591 0.2075337190
0.2758789697 0.2075419870
0.2759214804 0.2075502506
0.2759639910 0.2075585096
0.2760065016 0.2075667641
0.2760490123 0.2075750140
0.2760915229 0.2075832595
0.2761340335 0.2075915004
0.2761765441 0.2075997368
0.2762190548 0.2076079686
0.2762615654 0.2076161958
0.2763040760 0.2076244186
0.2763465866 0.2076326367
0.2763890973 0.2076408503
0.2764316079 0.2076490593
0.2764741185 0.2076572637
0.2765166292 0.2076654636
0.2765591398 0.2076736588
0.2766016504 0.2076818495
0.2766441610 0.2076900355
0.2766866717 0.2076982170
0.2767291823 0.2077063938
0.2767716929 0.2077145660
0.2768142036 0.2077227336
0.2768567142 0.2077308965
0.2768992248 0.2077390548
0.2769417354 0.2077472085
0.2769842461 0.2077553575
0.2770267567 0.2077635019
0.2770692673 0.2077716416
0.2771117779 0.2077797767
0.2771542886 0.2077879071
0.2771967992 0.2077960328
0.2772393098 0.2078041538
0.2772818205 0.2078122702
0.2773243311 0.2078203818
0.2773668417 0.2078284888
0.2774093523 0.2078365910
0.2774518630 0.2078446886
0.2774943736 0.2078527814
0.2775368842 0.2078608695
0.2775793948 0.2078689529
0.2776219055 0.2078770316
0.2776644161 0.2078851056
0.2777069267 0.2078931748
0.2777494374 0.2079012392
0.2777919480 0.2079092989
0.2778344586 0.2079173539
0.2778769692 0.2079254041
0.2779194799 0.2079334495
0.2779619905 0.2079414902
0.2780045011 0.2079495261
0.2780470118 0.2079575572
0.2780895224 0.2079655835
0.2781320330 0.2079736051
0.2781745436 0.2079816218
0.2782170543 0.2079896338
0.2782595649 0.2079976409
0.2783020755 0.2080056433
0.2783445861 0.2080136408
0.2783870968 0.2080216335
0.2784296074 0.2080296214
0.2784721180 0.2080376044
0.2785146287 0.2080455826
0.2785571393 0.2080535560
0.2785996499 0.2080615246
0.2786421605 0.2080694883
0.2786846712 0.2080774471
0.2787271818 0.2080854011
0.2787696924 0.2080933502
0.2788122031 0.2081012945
0.2788547137 0.2081092338
0.2788972243 0.2081171683
0.2789397349 0.2081250980
0.2789822456 0.2081330227
0.2790247562 0.2081409426
0.2790672668 0.2081488575
0.2791097774 0.2081567676
0.2791522881 0.2081646727
0.2791947987 0.2081725730
0.2792373093 0.2081804683
0.2792798200 0.2081883587
0.2793223306 0.2081962442
0.2793648412 0.2082041248
0.2794073518 0.2082120004
0.2794498625 0.2082198711
0.2794923731 0.2082277369
0.2795348837 0.2082355977
0.2795773943 0.2082434536
0.2796199050 0.2082513045
0.2796624156 0.2082591504
0.2797049262 0.2082669914
0.2797474369 0.2082748274
0.2797899475 0.2082826585
0.2798324581 0.2082904846
0.2798749687 0.2082983057
0.2799174794 0.2083061218
0.2799599900 0.2083139329
0.2800025006 0.2083217390
0.2800450113 0.2083295402
0.2800875219 0.2083373363
0.2801300325 0.2083451275
0.2801725431 0.2083529136
0.2802150538 0.2083606947
0.2802575644 0.2083684708
0.2803000750 0.2083762418
0.2803425856 0.2083840079
0.2803850963 0.2083917689
0.2804276069 0.2083995249
0.2804701175 0.2084072758
0.2805126282 0.2084150217
0.2805551388 0.2084227626
0.2805976494 0.2084304984
0.2806401600 0.2084382291
0.2806826707 0.2084459548
0.2807251813 0.2084536754
0.2807676919 0.2084613910
0.2808102026 0.2084691015
0.2808527132 0.2084768069
0.2808952238 0.2084845072
0.2809377344 0.2084922025
0.2809802451 0.2084998927
0.2810227557 0.2085075778
0.2810652663 0.2085152577
0.2811077769 0.2085229326
0.2811502876 0.2085306024
0.2811927982 0.2085382671
0.2812353088 0.2085459267
0.2812778195 0.2085535811
0.2813203301 0.2085612305
0.2813628407 0.2085688747
0.2814053513 0.2085765138
0.2814478620 0.2085841478
0.2814903726 0.2085917766
0.2815328832 0.2085994003
0.2815753938 0.2086070189
0.2816179045 0.2086146323
0.2816604151 0.2086222406
0.2817029257 0.2086298437
0.2817454364 0.2086374417
0.2817879470 0.2086450345
0.2818304576 0.2086526222
0.2818729682 0.2086602047
0.2819154789 0.2086677820
0.2819579895 0.2086753542
0.2820005001 0.2086829211
0.2820430108 0.2086904829
0.2820855214 0.2086980396
0.2821280320 0.2087055910
0.2821705426 0.2087131373
0.2822130533 0.2087206783
0.2822555639 0.2087282142
0.2822980745 0.2087357448
0.2823405851 0.2087432703
0.2823830958 0.2087507906
0.2824256064 0.2087583056
0.2824681170 0.2087658154
0.2825106277 0.2087733201
0.2825531383 0.2087808195
0.2825956489 0.2087883137
0.2826381595 0.2087958026
0.2826806702 0.2088032863
0.2827231808 0.2088107648
0.2827656914 0.2088182381
0.2828082021 0.2088257061
0.2828507127 0.2088331689
0.2828932233 0.2088406265
0.2829357339 0.2088480787
0.2829782446 0.2088555258
0.2830207552 0.2088629676
0.2830632658 0.2088704041
0.2831057764 0.2088778354
0.2831482871 0.2088852614
0.2831907977 0.2088926821
0.2832333083 0.2089000976
0.2832758190 0.2089075078
0.2833183296 0.2089149127
0.2833608402 0.2089223124
0.2834033508 0.2089297067
0.2834458615 0.2089370958
0.2834883721 0.2089444796
0.2835308827 0.2089518581
0.2835733933 0.2089592313
0.2836159040 0.2089665992
0.2836584146 0.2089739619
0.2837009252 0.2089813192
0.2837434359 0.2089886712
0.2837859465 0.2089960179
0.2838284571 0.2090033593
0.2838709677 0.2090106954
0.2839134784 0.2090180261
0.2839559890 0.2090253516
0.2839984996 0.2090326717
0.2840410103 0.2090399865
0.2840835209 0.2090472960
0.2841260315 0.2090546001
0.2841685421 0.2090618989
0.2842110528 0.2090691924
0.2842535634 0.2090764806
0.2842960740 0.2090837634
0.2843385846 0.2090910408
0.2843810953 0.2090983129
0.2844236059 0.2091055797
0.2844661165 0.2091128411
0.2845086272 0.2091200972
0.2845511378 0.2091273479
0.2845936484 0.2091345932
0.2846361590 0.2091418332
0.2846786697 0.2091490678
0.2847211803 0.2091562971
0.2847636909 0.2091635209
0.2848062016 0.2091707395
0.2848487122 0.2091779526
0.2848912228 0.2091851604
0.2849337334 0.2091923627
0.2849762441 0.2091995597
0.2850187547 0.2092067514
0.2850612653 0.2092139376
0.2851037759 0.2092211184
0.2851462866 0.2092282939
0.2851887972 0.2092354640
0.2852313078 0.2092426286
0.2852738185 0.2092497879
0.2853163291 0.2092569418
0.2853588397 0.2092640902
0.2854013503 0.2092712333
0.2854438610 0.2092783710
0.2854863716 0.2092855032
0.2855288822 0.2092926300
0.2855713928 0.2092997515
0.2856139035 0.2093068675
0.2856564141 0.2093139781
0.2856989247 0.2093210832
0.2857414354 0.2093281830
0.2857839460 0.2093352773
0.2858264566 0.2093423662
0.2858689672 0.2093494497
0.2859114779 0.2093565277
0.2859539885 0.2093636003
0.2859964991 0.2093706675
0.2860390098 0.2093777292
0.2860815204 0.2093847855
0.2861240310 0.2093918364
0.2861665416 0.2093988818
0.2862090523 0.2094059217
0.2862515629 0.2094129563
0.2862940735 0.2094199853
0.2863365841 0.2094270089
0.2863790948 0.2094340271
0.2864216054 0.2094410398
0.2864641160 0.2094480471
0.2865066267 0.2094550489
0.2865491373 0.2094620452
0.2865916479 0.2094690361
0.2866341585 0.2094760215
0.2866766692 0.2094830014
0.2867191798 0.2094899759
0.2867616904 0.2094969449
0.2868042011 0.2095039084
0.2868467117 0.2095108665
0.2868892223 0.2095178191
0.2869317329 0.2095247662
0.2869742436 0.2095317078
0.2870167542 0.2095386439
0.2870592648 0.2095455746
0.2871017754 0.2095524998
0.2871442861 0.2095594195
0.2871867967 0.2095663337
0.2872293073 0.2095732424
0.2872718180 0.2095801456
0.2873143286 0.2095870434
0.2873568392 0.2095939356
0.2873993498 0.2096008223
0.2874418605 0.2096077036
0.2874843711 0.2096145793
0.2875268817 0.2096214496
0.2875693923 0.2096283143
0.2876119030 0.2096351736
0.2876544136 0.2096420273
0.2876969242 0.2096488755
0.2877394349 0.2096557183
0.2877819455 0.2096625555
0.2878244561 0.2096693872
0.2878669667 0.2096762134
0.2879094774 0.2096830340
0.2879519880 0.2096898492
0.2879944986 0.2096966588
0.2880370093 0.2097034630
0.2880795199 0.2097102616
0.2881220305 0.2097170547
0.2881645411 0.2097238422
0.2882070518 0.2097306243
0.2882495624 0.2097374008
0.2882920730 0.2097441718
0.2883345836 0.2097509372
0.2883770943 0.2097576971
0.2884196049 0.2097644515
0.2884621155 0.2097712004
0.2885046262 0.2097779438
0.2885471368 0.2097846816
0.2885896474 0.2097914138
0.2886321580 0.2097981406
0.2886746687 0.2098048617
0.2887171793 0.2098115774
0.2887596899 0.2098182875
0.2888022006 0.2098249921
0.2888447112 0.2098316911
0.2888872218 0.2098383846
0.2889297324 0.2098450725
0.2889722431 0.2098517549
0.2890147537 0.2098584318
0.2890572643 0.2098651031
0.2890997749 0.2098717688
0.2891422856 0.2098784290
0.2891847962 0.2098850837
0.2892273068 0.2098917328
0.2892698175 0.2098983763
0.2893123281 0.2099050143
0.2893548387 0.2099116467
0.2893973493 0.2099182736
0.2894398600 0.2099248949
0.2894823706 0.2099315107
0.2895248812 0.2099381209
0.2895673918 0.2099447255
0.2896099025 0.2099513246
0.2896524131 0.2099579181
0.2896949237 0.2099645061
0.2897374344 0.2099710885
0.2897799450 0.2099776653
0.2898224556 0.2099842366
0.2898649662 0.2099908023
0.2899074769 0.2099973624
0.2899499875 0.2100039170
0.2899924981 0.2100104660
0.2900350088 0.2100170094
0.2900775194 0.2100235472
0.2901200300 0.2100300795
0.2901625406 0.2100366062
0.2902050513 0.2100431274
0.2902475619 0.2100496429
0.2902900725 0.2100561529
0.2903325831 0.2100626573
0.2903750938 0.2100691562
0.2904176044 0.2100756494
0.2904601150 0.2100821371
0.2905026257 0.2100886192
0.2905451363 0.2100950958
0.2905876469 0.2101015667
0.2906301575 0.2101080321
0.2906726682 0.2101144919
0.2907151788 0.2101209461
0.2907576894 0.2101273947
0.2908002001 0.2101338378
0.2908427107 0.2101402753
0.2908852213 0.2101467071
0.2909277319 0.2101531334
0.2909702426 0.2101595542
0.2910127532 0.2101659693
0.2910552638 0.2101723788
0.2910977744 0.2101787828
0.2911402851 0.2101851812
0.2911827957 0.2101915740
0.2912253063 0.2101979612
0.2912678170 0.2102043428
0.2913103276 0.2102107188
0.2913528382 0.2102170893
0.2913953488 0.2102234541
0.2914378595 0.2102298134
0.2914803701 0.2102361671
0.2915228807 0.2102425151
0.2915653913 0.2102488576
0.2916079020 0.2102551946
0.2916504126 0.2102615259
0.2916929232 0.2102678516
0.2917354339 0.2102741717
0.2917779445 0.2102804863
0.2918204551 0.2102867952
0.2918629657 0.2102930986
0.2919054764 0.2102993964
0.2919479870 0.2103056885
0.2919904976 0.2103119751
0.2920330083 0.2103182561
0.2920755189 0.2103245315
0.2921180295 0.2103308013
0.2921605401 0.2103370655
0.2922030508 0.2103433241
0.2922455614 0.2103495772
0.2922880720 0.2103558246
0.2923305826 0.2103620664
0.2923730933 0.2103683027
0.2924156039 0.2103745333
0.2924581145 0.2103807584
0.2925006252 0.2103869778
0.2925431358 0.2103931917
0.2925856464 0.2103994000
0.2926281570 0.2104056027
0.2926706677 0.2104117997
0.2927131783 0.2104179912
0.2927556889 0.2104241771
0.2927981995 0.2104303574
0.2928407102 0.2104365321
0.2928832208 0.2104427012
0.2929257314 0.2104488647
0.2929682421 0.2104550227
0.2930107527 0.2104611750
0.2930532633 0.2104673217
0.2930957739 0.2104734629
0.2931382846 0.2104795984
0.2931807952 0.2104857284
0.2932233058 0.2104918527
0.2932658165 0.2104979715
0.2933083271 0.2105040847
0.2933508377 0.2105101922
0.2933933483 0.2105162942
0.2934358590 0.2105223906
0.2934783696 0.2105284814
0.2935208802 0.2105345666
0.2935633908 0.2105406462
0.2936059015 0.2105467202
0.2936484121 0.2105527887
0.2936909227 0.2105588515
0.2937334334 0.2105649087
0.2937759440 0.2105709604
0.2938184546 0.2105770065
0.2938609652 0.2105830469
0.2939034759 0.2105890818
0.2939459865 0.2105951111
0.2939884971 0.2106011348
0.2940310078 0.2106071529
0.2940735184 0.2106131654
0.2941160290 0.2106191724
0.2941585396 0.2106251737
0.2942010503 0.2106311695
0.2942435609 0.2106371597
0.2942860715 0.2106431442
0.2943285821 0.2106491232
0.2943710928 0.2106550966
0.2944136034 0.2106610645
0.2944561140 0.2106670267
0.2944986247 0.2106729834
0.2945411353 0.2106789344
0.2945836459 0.2106848799
0.2946261565 0.2106908198
0.2946686672 0.2106967541
0.2947111778 0.2107026829
0.2947536884 0.2107086060
0.2947961990 0.2107145236
0.2948387097 0.2107204356
0.2948812203 0.2107263420
0.2949237309 0.2107322428
0.2949662416 0.2107381381
0.2950087522 0.2107440278
0.2950512628 0.2107499119
0.2950937734 0.2107557904
0.2951362841 0.2107616633
0.2951787947 0.2107675307
0.2952213053 0.2107733925
0.2952638160 0.2107792487
0.2953063266 0.2107850993
0.2953488372 0.2107909444
0.2953913478 0.2107967839
0.2954338585 0.2108026178
0.2954763691 0.2108084462
0.2955188797 0.2108142690
0.2955613903 0.2108200862
0.2956039010 0.2108258978
0.2956464116 0.2108317039
0.2956889222 0.2108375044
0.2957314329 0.2108432993
0.2957739435 0.2108490887
0.2958164541 0.2108548725
0.2958589647 0.2108606507
0.2959014754 0.2108664234
0.2959439860 0.2108721905
0.2959864966 0.2108779521
0.2960290073 0.2108837081
0.2960715179 0.2108894585
0.2961140285 0.2108952034
0.2961565391 0.2109009427
0.2961990498 0.2109066765
0.2962415604 0.2109124047
0.2962840710 0.2109181273
0.2963265816 0.2109238444
0.2963690923 0.2109295559
0.2964116029 0.2109352619
0.2964541135 0.2109409623
0.2964966242 0.2109466572
0.2965391348 0.2109523465
0.2965816454 0.2109580303
0.2966241560 0.2109637085
0.2966666667 0.2109693812
0.2967091773 0.2109750483
0.2967516879 0.2109807099
0.2967941985 0.2109863660
0.2968367092 0.2109920165
0.2968792198 0.2109976614
0.2969217304 0.2110033008
0.2969642411 0.2110089347
0.2970067517 0.2110145631
0.2970492623 0.2110201859
0.2970917729 0.2110258031
0.2971342836 0.2110314149
0.2971767942 0.2110370210
0.2972193048 0.2110426217
0.2972618155 0.2110482168
0.2973043261 0.2110538064
0.2973468367 0.2110593905
0.2973893473 0.2110649690
0.2974318580 0.2110705420
0.2974743686 0.2110761095
0.2975168792 0.2110816715
0.2975593898 0.2110872279
0.2976019005 0.2110927788
0.2976444111 0.2110983242
0.2976869217 0.2111038641
0.2977294324 0.2111093984
0.2977719430 0.2111149273
0.2978144536 0.2111204506
0.2978569642 0.2111259684
0.2978994749 0.2111314807
0.2979419855 0.2111369874
0.2979844961 0.2111424887
0.2980270068 0.2111479845
0.2980695174 0.2111534747
0.2981120280 0.2111589594
0.2981545386 0.2111644387
0.2981970493 0.2111699124
0.2982395599 0.2111753806
0.2982820705 0.2111808433
0.2983245811 0.2111863005
0.2983670918 0.2111917523
0.2984096024 0.2111971985
0.2984521130 0.2112026392
0.2984946237 0.2112080744
0.2985371343 0.2112135042
0.2985796449 0.2112189284
0.2986221555 0.2112243472
0.2986646662 0.2112297604
0.2987071768 0.2112351682
0.2987496874 0.2112405705
0.2987921980 0.2112459673
0.2988347087 0.2112513586
0.2988772193 0.2112567445
0.2989197299 0.2112621248
0.2989622406 0.2112674997
0.2990047512 0.2112728691
0.2990472618 0.2112782330
0.2990897724 0.2112835915
0.2991322831 0.2112889445
0.2991747937 0.2112942920
0.2992173043 0.2112996340
0.2992598150 0.2113049706
0.2993023256 0.2113103017
0.2993448362 0.2113156273
0.2993873468 0.2113209475
0.2994298575 0.2113262622
0.2994723681 0.2113315715
0.2995148787 0.2113368753
0.2995573893 0.2113421736
0.2995999000 0.2113474665
0.2996424106 0.2113527540
0.2996849212 0.2113580359
0.2997274319 0.2113633125
0.2997699425 0.2113685836
0.2998124531 0.2113738492
0.2998549637 0.2113791094
0.2998974744 0.2113843642
0.2999399850 0.2113896135
0.2999824956 0.2113948573
0.3000250063 0.2114000958
0.3000675169 0.2114053288
0.3001100275 0.2114105563
0.3001525381 0.2114157785
0.3001950488 0.2114209952
0.3002375594 0.2114262064
0.3002800700 0.2114314123
0.3003225806 0.2114366127
0.3003650913 0.2114418077
0.3004076019 0.2114469973
0.3004501125 0.2114521814
0.3004926232 0.2114573602
0.3005351338 0.2114625335
0.3005776444 0.2114677014
0.3006201550 0.2114728639
0.3006626657 0.2114780210
0.3007051763 0.2114831727
0.3007476869 0.2114883189
0.3007901975 0.2114934598
0.3008327082 0.2114985953
0.3008752188 0.2115037253
0.3009177294 0.2115088500
0.3009602401 0.2115139693
0.3010027507 0.2115190831
0.3010452613 0.2115241916
0.3010877719 0.2115292947
0.3011302826 0.2115343924
0.3011727932 0.2115394847
0.3012153038 0.2115445717
0.3012578145 0.2115496532
0.3013003251 0.2115547294
0.3013428357 0.2115598001
0.3013853463 0.2115648656
0.3014278570 0.2115699256
0.3014703676 0.2115749803
0.3015128782 0.2115800295
0.3015553888 0.2115850735
0.3015978995 0.2115901120
0.3016404101 0.2115951452
0.3016829207 0.2116001730
0.3017254314 0.2116051955
0.3017679420 0.2116102126
0.3018104526 0.2116152244
0.3018529632 0.2116202308
0.3018954739 0.2116252318
0.3019379845 0.2116302275
0.3019804951 0.2116352179
0.3020230058 0.2116402029
0.3020655164 0.2116451825
0.3021080270 0.2116501568
0.3021505376 0.2116551258
0.3021930483 0.2116600895
0.3022355589 0.2116650478
0.3022780695 0.2116700007
0.3023205801 0.2116749484
0.3023630908 0.2116798907
0.3024056014 0.2116848277
0.3024481120 0.2116897594
0.3024906227 0.2116946857
0.3025331333 0.2116996067
0.3025756439 0.2117045225
0.3026181545 0.2117094329
0.3026606652 0.2117143379
0.3027031758 0.2117192377
0.3027456864 0.2117241322
0.3027881970 0.2117290213
0.3028307077 0.2117339052
0.3028732183 0.2117387838
0.3029157289 0.2117436570
0.3029582396 0.2117485250
0.3030007502 0.2117533877
0.3030432608 0.2117582450
0.3030857714 0.2117630971
0.3031282821 0.2117679439
0.3031707927 0.2117727854
0.3032133033 0.2117776217
0.3032558140 0.2117824526
0.3032983246 0.2117872783
0.3033408352 0.2117920987
0.3033833458 0.2117969139
0.3034258565 0.2118017237
0.3034683671 0.2118065283
0.3035108777 0.2118113276
0.3035533883 0.2118161217
0.3035958990 0.2118209105
0.3036384096 0.2118256941
0.3036809202 0.2118304724
0.3037234309 0.2118352454
0.3037659415 0.2118400132
0.3038084521 0.2118447757
0.3038509627 0.2118495330
0.3038934734 0.2118542851
0.3039359840 0.2118590319
0.3039784946 0.2118637735
0.3040210053 0.2118685098
0.3040635159 0.2118732409
0.3041060265 0.2118779668
0.3041485371 0.2118826875
0.3041910478 0.2118874029
0.3042335584 0.2118921131
0.3042760690 0.2118968181
0.3043185796 0.2119015178
0.3043610903 0.2119062124
0.3044036009 0.2119109017
0.3044461115 0.2119155858
0.3044886222 0.2119202648
0.3045311328 0.2119249385
0.3045736434 0.2119296070
0.3046161540 0.2119342703
0.3046586647 0.2119389284
0.3047011753 0.2119435813
0.3047436859 0.2119482291
0.3047861965 0.2119528716
0.3048287072 0.2119575090
0.3048712178 0.2119621411
0.3049137284 0.2119667681
0.3049562391 0.2119713899
0.3049987497 0.2119760066
0.3050412603 0.2119806180
0.3050837709 0.2119852243
0.3051262816 0.2119898255
0.3051687922 0.2119944214
0.3052113028 0.2119990122
0.3052538135 0.2120035979
0.3052963241 0.2120081783
0.3053388347 0.2120127537
0.3053813453 0.2120173239
0.3054238560 0.2120218889
0.3054663666 0.2120264488
0.3055088772 0.2120310035
0.3055513878 0.2120355531
0.3055938985 0.2120400976
0.3056364091 0.2120446369
0.3056789197 0.2120491711
0.3057214304 0.2120537002
0.3057639410 0.2120582241
0.3058064516 0.2120627430
0.3058489622 0.2120672567
0.3058914729 0.2120717652
0.3059339835 0.2120762687
0.3059764941 0.2120807671
0.3060190048 0.2120852603
0.3060615154 0.2120897484
0.3061040260 0.2120942315
0.3061465366 0.2120987094
0.3061890473 0.2121031823
0.3062315579 0.2121076500
0.3062740685 0.2121121127
0.3063165791 0.2121165702
0.3063590898 0.2121210227
0.3064016004 0.2121254701
0.3064441110 0.2121299124
0.3064866217 0.2121343496
0.3065291323 0.2121387818
0.3065716429 0.2121432089
0.3066141535 0.2121476309
0.3066566642 0.2121520479
0.3066991748 0.2121564598
0.3067416854 0.2121608666
0.3067841960 0.2121652684
0.3068267067 0.2121696651
0.3068692173 0.2121740568
0.3069117279 0.2121784434
0.3069542386 0.2121828250
0.3069967492 0.2121872015
0.3070392598 0.2121915730
0.3070817704 0.2121959395
0.3071242811 0.2122003009
0.3071667917 0.2122046573
0.3072093023 0.2122090087
0.3072518130 0.2122133550
0.3072943236 0.2122176963
0.3073368342 0.2122220327
0.3073793448 0.2122263640
0.3074218555 0.2122306902
0.3074643661 0.2122350115
0.3075068767 0.2122393278
0.3075493873 0.2122436390
0.3075918980 0.2122479453
0.3076344086 0.2122522466
0.3076769192 0.2122565429
0.3077194299 0.2122608342
0.3077619405 0.2122651205
0.3078044511 0.2122694018
0.3078469617 0.2122736781
0.3078894724 0.2122779495
0.3079319830 0.2122822159
0.3079744936 0.2122864773
0.3080170043 0.2122907337
0.3080595149 0.2122949852
0.3081020255 0.2122992317
0.3081445361 0.2123034733
0.3081870468 0.2123077099
0.3082295574 0.2123119415
0.3082720680 0.2123161682
0.3083145786 0.2123203900
0.3083570893 0.2123246068
0.3083995999 0.2123288187
0.3084421105 0.2123330256
0.3084846212 0.2123372276
0.3085271318 0.2123414247
0.3085696424 0.2123456168
0.3086121530 0.2123498040
0.3086546637 0.2123539863
0.3086971743 0.2123581637
0.3087396849 0.2123623362
0.3087821955 0.2123665037
0.3088247062 0.2123706664
0.3088672168 0.2123748241
0.3089097274 0.2123789770
0.3089522381 0.2123831249
0.3089947487 0.2123872680
0.3090372593 0.2123914061
0.3090797699 0.2123955394
0.3091222806 0.2123996678
0.3091647912 0.2124037913
0.3092073018 0.2124079099
0.3092498125 0.2124120237
0.3092923231 0.2124161325
0.3093348337 0.2124202366
0.3093773443 0.2124243357
0.3094198550 0.2124284300
0.3094623656 0.2124325194
0.3095048762 0.2124366040
0.3095473868 0.2124406837
0.3095898975 0.2124447586
0.3096324081 0.2124488286
0.3096749187 0.2124528938
0.3097174294 0.2124569541
0.3097599400 0.2124610097
0.3098024506 0.2124650603
0.3098449612 0.2124691062
0.3098874719 0.2124731472
0.3099299825 0.2124771834
0.3099724931 0.2124812148
0.3100150038 0.2124852414
0.3100575144 0.2124892631
0.3101000250 0.2124932801
0.3101425356 0.2124972922
0.3101850463 0.2125012996
0.3102275569 0.2125053021
0.3102700675 0.2125092999
0.3103125781 0.2125132929
0.3103550888 0.2125172810
0.3103975994 0.2125212644
0.3104401100 0.2125252430
0.3104826207 0.2125292169
0.3105251313 0.2125331859
0.3105676419 0.2125371502
0.3106101525 0.2125411098
0.3106526632 0.2125450645
0.3106951738 0.2125490145
0.3107376844 0.2125529598
0.3107801950 0.2125569003
0.3108227057 0.2125608360
0.3108652163 0.2125647670
0.3109077269 0.2125686933
0.3109502376 0.2125726148
0.3109927482 0.2125765316
0.3110352588 0.2125804436
0.3110777694 0.2125843509
0.3111202801 0.2125882535
0.3111627907 0.2125921514
0.3112053013 0.2125960445
0.3112478120 0.2125999330
0.3112903226 0.2126038167
0.3113328332 0.2126076957
0.3113753438 0.2126115701
0.3114178545 0.2126154397
0.3114603651 0.2126193046
0.3115028757 0.2126231648
0.3115453863 0.2126270204
0.3115878970 0.2126308712
0.3116304076 0.2126347174
0.3116729182 0.2126385589
0.3117154289 0.2126423957
0.3117579395 0.2126462279
0.3118004501 0.2126500553
0.3118429607 0.2126538782
0.3118854714 0.2126576963
0.3119279820 0.2126615098
0.3119704926 0.2126653187
0.3120130033 0.2126691228
0.3120555139 0.2126729224
0.3120980245 0.2126767173
0.3121405351 0.2126805076
0.3121830458 0.2126842932
0.3122255564 0.2126880742
0.3122680670 0.2126918506
0.3123105776 0.2126956223
0.3123530883 0.2126993894
0.3123955989 0.2127031519
0.3124381095 0.2127069098
0.3124806202 0.2127106631
0.3125231308 0.2127144118
0.3125656414 0.2127181559
0.3126081520 0.2127218953
0.3126506627 0.2127256302
0.3126931733 0.2127293605
0.3127356839 0.2127330862
0.3127781945 0.2127368073
0.3128207052 0.2127405238
0.3128632158 0.2127442358
0.3129057264 0.2127479432
0.3129482371 0.2127516460
0.3129907477 0.2127553442
0.3130332583 0.2127590379
0.3130757689 0.2127627270
0.3131182796 0.2127664116
0.3131607902 0.2127700916
0.3132033008 0.2127737671
0.3132458115 0.2127774380
0.3132883221 0.2127811044
0.3133308327 0.2127847663
0.3133733433 0.2127884236
0.3134158540 0.2127920764
0.3134583646 0.2127957247
0.3135008752 0.2127993684
0.3135433858 0.2128030076
0.3135858965 0.2128066424
0.3136284071 0.2128102726
0.3136709177 0.2128138983
0.3137134284 0.2128175195
0.3137559390 0.2128211361
0.3137984496 0.2128247484
0.3138409602 0.2128283561
0.3138834709 0.2128319593
0.3139259815 0.2128355580
0.3139684921 0.2128391523
0.3140110028 0.2128427421
0.3140535134 0.2128463274
0.3140960240 0.2128499082
0.3141385346 0.2128534846
0.3141810453 0.2128570565
0.3142235559 0.2128606240
0.3142660665 0.2128641870
0.3143085771 0.2128677456
0.3143510878 0.2128712997
0.3143935984 0.2128748493
0.3144361090 0.2128783946
0.3144786197 0.2128819354
0.3145211303 0.2128854717
0.3145636409 0.2128890037
0.3146061515 0.2128925312
0.3146486622 0.2128960543
0.3146911728 0.2128995730
0.3147336834 0.2129030873
0.3147761940 0.2129065971
0.3148187047 0.2129101026
0.3148612153 0.2129136037
0.3149037259 0.2129171004
0.3149462366 0.2129205926
0.3149887472 0.2129240805
0.3150312578 0.2129275640
0.3150737684 0.2129310432
0.3151162791 0.2129345179
0.3151587897 0.2129379883
0.3152013003 0.2129414543
0.3152438110 0.2129449159
0.3152863216 0.2129483732
0.3153288322 0.2129518261
0.3153713428 0.2129552747
0.3154138535 0.2129587189
0.3154563641 0.2129621588
0.3154988747 0.2129655944
0.3155413853 0.2129690256
0.3155838960 0.2129724524
0.3156264066 0.2129758750
0.3156689172 0.2129792932
0.3157114279 0.2129827071
0.3157539385 0.2129861166
0.3157964491 0.2129895219
0.3158389597 0.2129929229
0.3158814704 0.2129963195
0.3159239810 0.2129997118
0.3159664916 0.2130030999
0.3160090023 0.2130064836
0.3160515129 0.2130098631
0.3160940235 0.2130132383
0.3161365341 0.2130166091
0.3161790448 0.2130199758
0.3162215554 0.2130233381
0.3162640660 0.2130266962
0.3163065766 0.2130300500
0.3163490873 0.2130333995
0.3163915979 0.2130367448
0.3164341085 0.2130400858
0.3164766192 0.2130434226
0.3165191298 0.2130467551
0.3165616404 0.2130500834
0.3166041510 0.2130534074
0.3166466617 0.2130567272
0.3166891723 0.2130600428
0.3167316829 0.2130633542
0.3167741935 0.2130666613
0.3168167042 0.2130699642
0.3168592148 0.2130732629
0.3169017254 0.2130765574
0.3169442361 0.2130798476
0.3169867467 0.2130831337
0.3170292573 0.2130864156
0.3170717679 0.2130896933
0.3171142786 0.2130929667
0.3171567892 0.2130962360
0.3171992998 0.2130995012
0.3172418105 0.2131027621
0.3172843211 0.2131060189
0.3173268317 0.2131092715
0.3173693423 0.2131125199
0.3174118530 0.2131157641
0.3174543636 0.2131190042
0.3174968742 0.2131222402
0.3175393848 0.2131254720
0.3175818955 0.2131286996
0.3176244061 0.2131319231
0.3176669167 0.2131351425
0.3177094274 0.2131383577
0.3177519380 0.2131415688
0.3177944486 0.2131447758
0.3178369592 0.2131479787
0.3178794699 0.2131511774
0.3179219805 0.2131543720
0.3179644911 0.2131575625
0.3180070018 0.2131607489
0.3180495124 0.2131639312
0.3180920230 0.2131671094
0.3181345336 0.2131702835
0.3181770443 0.2131734536
0.3182195549 0.2131766195
0.3182620655 0.2131797813
0.3183045761 0.2131829391
0.3183470868 0.2131860928
0.3183895974 0.2131892424
0.3184321080 0.2131923880
0.3184746187 0.2131955295
0.3185171293 0.2131986669
0.3185596399 0.2132018003
0.3186021505 0.2132049296
0.3186446612 0.2132080549
0.3186871718 0.2132111762
0.3187296824 0.2132142934
0.3187721930 0.2132174066
0.3188147037 0.2132205157
0.3188572143 0.2132236208
0.3188997249 0.2132267219
0.3189422356 0.2132298190
0.3189847462 0.2132329121
0.3190272568 0.2132360012
0.3190697674 0.2132390862
0.3191122781 0.2132421673
0.3191547887 0.2132452443
0.3191972993 0.2132483174
0.3192398100 0.2132513865
0.3192823206 0.2132544516
0.3193248312 0.2132575127
0.3193673418 0.2132605698
0.3194098525 0.2132636230
0.3194523631 0.2132666722
0.3194948737 0.2132697174
0.3195373843 0.2132727587
0.3195798950 0.2132757960
0.3196224056 0.2132788294
0.3196649162 0.2132818588
0.3197074269 0.2132848843
0.3197499375 0.2132879058
0.3197924481 0.2132909234
0.3198349587 0.2132939371
0.3198774694 0.2132969468
0.3199199800 0.2132999526
0.3199624906 0.2133029545
0.3200050013 0.2133059525
0.3200475119 0.2133089466
0.3200900225 0.2133119367
0.3201325331 0.2133149230
0.3201750438 0.2133179054
0.3202175544 0.2133208839
0.3202600650 0.2133238584
0.3203025756 0.2133268291
0.3203450863 0.2133297959
0.3203875969 0.2133327589
0.3204301075 0.2133357180
0.3204726182 0.2133386731
0.3205151288 0.2133416245
0.3205576394 0.2133445719
0.3206001500 0.2133475156
0.3206426607 0.2133504553
0.3206851713 0.2133533912
0.3207276819 0.2133563233
0.3207701925 0.2133592515
0.3208127032 0.2133621759
0.3208552138 0.2133650965
0.3208977244 0.2133680132
0.3209402351 0.2133709261
0.3209827457 0.2133738352
0.3210252563 0.2133767405
0.3210677669 0.2133796419
0.3211102776 0.2133825396
0.3211527882 0.2133854334
0.3211952988 0.2133883235
0.3212378095 0.2133912097
0.3212803201 0.2133940922
0.3213228307 0.2133969709
0.3213653413 0.2133998458
0.3214078520 0.2134027169
0.3214503626 0.2134055842
0.3214928732 0.2134084478
0.3215353838 0.2134113076
0.3215778945 0.2134141636
0.3216204051 0.2134170159
0.3216629157 0.2134198645
0.3217054264 0.2134227092
0.3217479370 0.2134255503
0.3217904476 0.2134283876
0.3218329582 0.2134312211
0.3218754689 0.2134340510
0.3219179795 0.2134368771
0.3219604901 0.2134396994
0.3220030008 0.2134425181
0.3220455114 0.2134453330
0.3220880220 0.2134481443
0.3221305326 0.2134509518
0.3221730433 0.2134537556
0.3222155539 0.2134565557
0.3222580645 0.2134593521
0.3223005751 0.2134621449
0.3223430858 0.2134649339
0.3223855964 0.2134677193
0.3224281070 0.2134705010
0.3224706177 0.2134732790
0.3225131283 0.2134760533
0.3225556389 0.2134788240
0.3225981495 0.2134815910
0.3226406602 0.2134843543
0.3226831708 0.2134871140
0.3227256814 0.2134898701
0.3227681920 0.2134926225
0.3228107027 0.2134953712
0.3228532133 0.2134981164
0.3228957239 0.2135008579
0.3229382346 0.2135035957
0.3229807452 0.2135063299
0.3230232558 0.2135090606
0.3230657664 0.2135117876
0.3231082771 0.2135145110
0.3231507877 0.2135172307
0.3231932983 0.2135199469
0.3232358090 0.2135226595
0.3232783196 0.2135253685
0.3233208302 0.2135280739
0.3233633408 0.2135307757
0.3234058515 0.2135334739
0.3234483621 0.2135361685
0.3234908727 0.2135388596
0.3235333833 0.2135415471
0.3235758940 0.2135442310
0.3236184046 0.2135469114
0.3236609152 0.2135495882
0.3237034259 0.2135522614
0.3237459365 0.2135549311
0.3237884471 0.2135575973
0.3238309577 0.2135602599
0.3238734684 0.2135629190
0.3239159790 0.2135655745
0.3239584896 0.2135682265
0.3240010003 0.2135708750
0.3240435109 0.2135735200
0.3240860215 0.2135761615
0.3241285321 0.2135787994
0.3241710428 0.2135814338
0.3242135534 0.2135840648
0.3242560640 0.2135866922
0.3242985746 0.2135893161
0.3243410853 0.2135919366
0.3243835959 0.2135945535
0.3244261065 0.2135971670
0.3244686172 0.2135997770
0.3245111278 0.2136023835
0.3245536384 0.2136049865
0.3245961490 0.2136075861
0.3246386597 0.2136101822
0.3246811703 0.2136127749
0.3247236809 0.2136153641
0.3247661915 0.2136179499
0.3248087022 0.2136205322
0.3248512128 0.2136231110
0.3248937234 0.2136256864
0.3249362341 0.2136282584
0.3249787447 0.2136308270
0.3250212553 0.2136333921
0.3250637659 0.2136359539
0.3251062766 0.2136385121
0.3251487872 0.2136410670
0.3251912978 0.2136436185
0.3252338085 0.2136461666
0.3252763191 0.2136487113
0.3253188297 0.2136512525
0.3253613403 0.2136537904
0.3254038510 0.2136563249
0.3254463616 0.2136588560
0.3254888722 0.2136613837
0.3255313828 0.2136639081
0.3255738935 0.2136664291
0.3256164041 0.2136689467
0.3256589147 0.2136714609
0.3257014254 0.2136739718
0.3257439360 0.2136764794
0.3257864466 0.2136789836
0.3258289572 0.2136814844
0.3258714679 0.2136839819
0.3259139785 0.2136864760
0.3259564891 0.2136889669
0.3259989997 0.2136914544
0.3260415104 0.2136939385
0.3260840210 0.2136964194
0.3261265316 0.2136988969
0.3261690423 0.2137013711
0.3262115529 0.2137038420
0.3262540635 0.2137063096
0.3262965741 0.2137087739
0.3263390848 0.2137112349
0.3263815954 0.2137136926
0.3264241060 0.2137161470
0.3264666167 0.2137185981
0.3265091273 0.2137210459
0.3265516379 0.2137234905
0.3265941485 0.2137259318
0.3266366592 0.2137283698
0.3266791698 0.2137308046
0.3267216804 0.2137332361
0.3267641910 0.2137356643
0.3268067017 0.2137380893
0.3268492123 0.2137405111
0.3268917229 0.2137429296
0.3269342336 0.2137453448
0.3269767442 0.2137477568
0.3270192548 0.2137501656
0.3270617654 0.2137525712
0.3271042761 0.2137549735
0.3271467867 0.2137573726
0.3271892973 0.2137597685
0.3272318080 0.2137621612
0.3272743186 0.2137645507
0.3273168292 0.2137669370
0.3273593398 0.2137693201
0.3274018505 0.2137716999
0.3274443611 0.2137740766
0.3274868717 0.2137764501
0.3275293823 0.2137788205
0.3275718930 0.2137811876
0.3276144036 0.2137835516
0.3276569142 0.2137859124
0.3276994249 0.2137882700
0.3277419355 0.2137906244
0.3277844461 0.2137929757
0.3278269567 0.2137953239
0.3278694674 0.2137976689
0.3279119780 0.2138000107
0.3279544886 0.2138023495
0.3279969992 0.2138046850
0.3280395099 0.2138070175
0.3280820205 0.2138093468
0.3281245311 0.2138116729
0.3281670418 0.2138139960
0.3282095524 0.2138163159
0.3282520630 0.2138186328
0.3282945736 0.2138209465
0.3283370843 0.2138232571
0.3283795949 0.2138255646
0.3284221055 0.2138278690
0.3284646162 0.2138301703
0.3285071268 0.2138324685
0.3285496374 0.2138347636
0.3285921480 0.2138370557
0.3286346587 0.2138393447
0.3286771693 0.2138416306
0.3287196799 0.2138439134
0.3287621905 0.2138461931
0.3288047012 0.2138484698
0.3288472118 0.2138507435
0.3288897224 0.2138530141
0.3289322331 0.2138552816
0.3289747437 0.2138575461
0.3290172543 0.2138598075
0.3290597649 0.2138620659
0.3291022756 0.2138643213
0.3291447862 0.2138665737
0.3291872968 0.2138688230
0.3292298075 0.2138710693
0.3292723181 0.2138733125
0.3293148287 0.2138755528
0.3293573393 0.2138777900
0.3293998500 0.2138800243
0.3294423606 0.2138822555
0.3294848712 0.2138844838
0.3295273818 0.2138867090
0.3295698925 0.2138889313
0.3296124031 0.2138911505
0.3296549137 0.2138933668
0.3296974244 0.2138955801
0.3297399350 0.2138977905
0.3297824456 0.2138999978
0.3298249562 0.2139022022
0.3298674669 0.2139044037
0.3299099775 0.2139066021
0.3299524881 0.2139087976
0.3299949987 0.2139109902
0.3300375094 0.2139131798
0.3300800200 0.2139153665
0.3301225306 0.2139175502
0.3301650413 0.2139197310
0.3302075519 0.2139219089
0.3302500625 0.2139240839
0.3302925731 0.2139262559
0.3303350838 0.2139284250
0.3303775944 0.2139305911
0.3304201050 0.2139327544
0.3304626157 0.2139349148
0.3305051263 0.2139370722
0.3305476369 0.2139392268
0.3305901475 0.2139413784
0.3306326582 0.2139435272
0.3306751688 0.2139456731
0.3307176794 0.2139478161
0.3307601900 0.2139499562
0.3308027007 0.2139520934
0.3308452113 0.2139542278
0.3308877219 0.2139563593
0.3309302326 0.2139584879
0.3309727432 0.2139606137
0.3310152538 0.2139627366
0.3310577644 0.2139648566
0.3311002751 0.2139669738
0.3311427857 0.2139690882
0.3311852963 0.2139711997
0.3312278070 0.2139733084
0.3312703176 0.2139754142
0.3313128282 0.2139775172
0.3313553388 0.2139796174
0.3313978495 0.2139817148
0.3314403601 0.2139838093
0.3314828707 0.2139859010
0.3315253813 0.2139879899
0.3315678920 0.2139900760
0.3316104026 0.2139921593
0.3316529132 0.2139942398
0.3316954239 0.2139963175
0.3317379345 0.2139983925
0.3317804451 0.2140004646
0.3318229557 0.2140025339
0.3318654664 0.2140046005
0.3319079770 0.2140066642
0.3319504876 0.2140087253
0.3319929982 0.2140107835
0.3320355089 0.2140128390
0.3320780195 0.2140148917
0.3321205301 0.2140169416
0.3321630408 0.2140189888
0.3322055514 0.2140210332
0.3322480620 0.2140230749
0.3322905726 0.2140251139
0.3323330833 0.2140271501
0.3323755939 0.2140291836
0.3324181045 0.2140312143
0.3324606152 0.2140332423
0.3325031258 0.2140352676
0.3325456364 0.2140372902
0.3325881470 0.2140393101
0.3326306577 0.2140413272
0.3326731683 0.2140433416
0.3327156789 0.2140453533
0.3327581895 0.2140473624
0.3328007002 0.2140493687
0.3328432108 0.2140513723
0.3328857214 0.2140533732
0.3329282321 0.2140553715
0.3329707427 0.2140573671
0.3330132533 0.2140593599
0.3330557639 0.2140613502
0.3330982746 0.2140633377
0.3331407852 0.2140653226
0.3331832958 0.2140673048
0.3332258065 0.2140692843
0.3332683171 0.2140712612
0.3333108277 0.2140732354
0.3333533383 0.2140752070
0.3333958490 0.2140771759
0.3334383596 0.2140791422
0.3334808702 0.2140811058
0.3335233808 0.2140830668
0.3335658915 0.2140850252
0.3336084021 0.2140869810
0.3336509127 0.2140889341
0.3336934234 0.2140908846
0.3337359340 0.2140928325
0.3337784446 0.2140947778
0.3338209552 0.2140967204
0.3338634659 0.2140986605
0.3339059765 0.2141005979
0.3339484871 0.2141025328
0.3339909977 0.2141044650
0.3340335084 0.2141063947
0.3340760190 0.2141083218
0.3341185296 0.2141102462
0.3341610403 0.2141121681
0.3342035509 0.2141140875
0.3342460615 0.2141160042
0.3342885721 0.2141179184
0.3343310828 0.2141198300
0.3343735934 0.2141217391
0.3344161040 0.2141236456
0.3344586147 0.2141255495
0.3345011253 0.2141274509
0.3345436359 0.2141293497
0.3345861465 0.2141312460
0.3346286572 0.2141331397
0.3346711678 0.2141350309
0.3347136784 0.2141369196
0.3347561890 0.2141388057
0.3347986997 0.2141406893
0.3348412103 0.2141425704
0.3348837209 0.2141444490
0.3349262316 0.2141463250
0.3349687422 0.2141481985
0.3350112528 0.2141500695
0.3350537634 0.2141519380
0.3350962741 0.2141538041
0.3351387847 0.2141556676
0.3351812953 0.2141575286
0.3352238060 0.2141593871
0.3352663166 0.2141612431
0.3353088272 0.2141630966
0.3353513378 0.2141649477
0.3353938485 0.2141667963
0.3354363591 0.2141686424
0.3354788697 0.2141704860
0.3355213803 0.2141723271
0.3355638910 0.2141741658
0.3356064016 0.2141760020
0.3356489122 0.2141778358
0.3356914229 0.2141796671
0.3357339335 0.2141814960
0.3357764441 0.2141833224
0.3358189547 0.2141851464
0.3358614654 0.2141869679
0.3359039760 0.2141887870
0.3359464866 0.2141906036
0.3359889972 0.2141924178
0.3360315079 0.2141942296
0.3360740185 0.2141960390
0.3361165291 0.2141978459
0.3361590398 0.2141996504
0.3362015504 0.2142014525
0.3362440610 0.2142032522
0.3362865716 0.2142050495
0.3363290823 0.2142068444
0.3363715929 0.2142086369
0.3364141035 0.2142104270
0.3364566142 0.2142122147
0.3364991248 0.2142140000
0.3365416354 0.2142157829
0.3365841460 0.2142175634
0.3366266567 0.2142193415
0.3366691673 0.2142211173
0.3367116779 0.2142228907
0.3367541885 0.2142246617
0.3367966992 0.2142264303
0.3368392098 0.2142281966
0.3368817204 0.2142299605
0.3369242311 0.2142317221
0.3369667417 0.2142334813
0.3370092523 0.2142352382
0.3370517629 0.2142369927
0.3370942736 0.2142387448
0.3371367842 0.2142404946
0.3371792948 0.2142422421
0.3372218055 0.2142439872
0.3372643161 0.2142457301
0.3373068267 0.2142474705
0.3373493373 0.2142492087
0.3373918480 0.2142509445
0.3374343586 0.2142526780
0.3374768692 0.2142544092
0.3375193798 0.2142561381
0.3375618905 0.2142578647
0.3376044011 0.2142595889
0.3376469117 0.2142613109
0.3376894224 0.2142630305
0.3377319330 0.2142647479
0.3377744436 0.2142664630
0.3378169542 0.2142681757
0.3378594649 0.2142698862
0.3379019755 0.2142715944
0.3379444861 0.2142733003
0.3379869967 0.2142750040
0.3380295074 0.2142767053
0.3380720180 0.2142784044
0.3381145286 0.2142801012
0.3381570393 0.2142817958
0.3381995499 0.2142834881
0.3382420605 0.2142851781
0.3382845711 0.2142868659
0.3383270818 0.2142885514
0.3383695924 0.2142902347
0.3384121030 0.2142919157
0.3384546137 0.2142935945
0.3384971243 0.2142952710
0.3385396349 0.2142969453
0.3385821455 0.2142986174
0.3386246562 0.2143002872
0.3386671668 0.2143019548
0.3387096774 0.2143036202
0.3387521880 0.2143052833
0.3387946987 0.2143069443
0.3388372093 0.2143086030
0.3388797199 0.2143102595
0.3389222306 0.2143119138
0.3389647412 0.2143135658
0.3390072518 0.2143152157
0.3390497624 0.2143168634
0.3390922731 0.2143185088
0.3391347837 0.2143201521
0.3391772943 0.2143217932
0.3392198050 0.2143234321
0.3392623156 0.2143250688
0.3393048262 0.2143267033
0.3393473368 0.2143283356
0.3393898475 0.2143299658
0.3394323581 0.2143315938
0.3394748687 0.2143332196
0.3395173793 0.2143348432
0.3395598900 0.2143364647
0.3396024006 0.2143380840
0.3396449112 0.2143397011
0.3396874219 0.2143413161
0.3397299325 0.2143429289
0.3397724431 0.2143445396
0.3398149537 0.2143461482
0.3398574644 0.2143477545
0.3398999750 0.2143493588
0.3399424856 0.2143509609
0.3399849962 0.2143525608
0.3400275069 0.2143541586
0.3400700175 0.2143557543
0.3401125281 0.2143573479
0.3401550388 0.2143589393
0.3401975494 0.2143605286
0.3402400600 0.2143621158
0.3402825706 0.2143637009
0.3403250813 0.2143652838
0.3403675919 0.2143668647
0.3404101025 0.2143684434
0.3404526132 0.2143700200
0.3404951238 0.2143715945
0.3405376344 0.2143731669
0.3405801450 0.2143747372
0.3406226557 0.2143763054
0.3406651663 0.2143778716
0.3407076769 0.2143794356
0.3407501875 0.2143809975
0.3407926982 0.2143825574
0.3408352088 0.2143841152
0.3408777194 0.2143856708
0.3409202301 0.2143872245
0.3409627407 0.2143887760
0.3410052513 0.2143903255
0.3410477619 0.2143918729
0.3410902726 0.2143934182
0.3411327832 0.2143949615
0.3411752938 0.2143965027
0.3412178045 0.2143980418
0.3412603151 0.2143995789
0.3413028257 0.2144011139
0.3413453363 0.2144026469
0.3413878470 0.2144041778
0.3414303576 0.2144057067
0.3414728682 0.2144072336
0.3415153788 0.2144087584
0.3415578895 0.2144102811
0.3416004001 0.2144118019
0.3416429107 0.2144133205
0.3416854214 0.2144148372
0.3417279320 0.2144163518
0.3417704426 0.2144178645
0.3418129532 0.2144193750
0.3418554639 0.2144208836
0.3418979745 0.2144223902
0.3419404851 0.2144238947
0.3419829957 0.2144253972
0.3420255064 0.2144268977
0.3420680170 0.2144283962
0.3421105276 0.2144298927
0.3421530383 0.2144313872
0.3421955489 0.2144328797
0.3422380595 0.2144343702
0.3422805701 0.2144358587
0.3423230808 0.2144373452
0.3423655914 0.2144388297
0.3424081020 0.2144403123
0.3424506127 0.2144417928
0.3424931233 0.2144432714
0.3425356339 0.2144447480
0.3425781445 0.2144462226
0.3426206552 0.2144476952
0.3426631658 0.2144491658
0.3427056764 0.2144506345
0.3427481870 0.2144521012
0.3427906977 0.2144535660
0.3428332083 0.2144550288
0.3428757189 0.2144564896
0.3429182296 0.2144579484
0.3429607402 0.2144594053
0.3430032508 0.2144608603
0.3430457614 0.2144623133
0.3430882721 0.2144637643
0.3431307827 0.2144652134
0.3431732933 0.2144666606
0.3432158040 0.2144681058
0.3432583146 0.2144695490
0.3433008252 0.2144709904
0.3433433358 0.2144724298
0.3433858465 0.2144738672
0.3434283571 0.2144753027
0.3434708677 0.2144767363
0.3435133783 0.2144781680
0.3435558890 0.2144795977
0.3435983996 0.2144810256
0.3436409102 0.2144824515
0.3436834209 0.2144838754
0.3437259315 0.2144852975
0.3437684421 0.2144867176
0.3438109527 0.2144881359
0.3438534634 0.2144895522
0.3438959740 0.2144909666
0.3439384846 0.2144923791
0.3439809952 0.2144937898
0.3440235059 0.2144951985
0.3440660165 0.2144966053
0.3441085271 0.2144980102
0.3441510378 0.2144994132
0.3441935484 0.2145008143
0.3442360590 0.2145022136
0.3442785696 0.2145036109
0.3443210803 0.2145050064
0.3443635909 0.2145063999
0.3444061015 0.2145077916
0.3444486122 0.2145091814
0.3444911228 0.2145105694
0.3445336334 0.2145119554
0.3445761440 0.2145133396
0.3446186547 0.2145147219
0.3446611653 0.2145161024
0.3447036759 0.2145174809
0.3447461865 0.2145188576
0.3447886972 0.2145202325
0.3448312078 0.2145216055
0.3448737184 0.2145229766
0.3449162291 0.2145243458
0.3449587397 0.2145257132
0.3450012503 0.2145270788
0.3450437609 0.2145284425
0.3450862716 0.2145298043
0.3451287822 0.2145311643
0.3451712928 0.2145325225
0.3452138035 0.2145338788
0.3452563141 0.2145352332
0.3452988247 0.2145365859
0.3453413353 0.2145379366
0.3453838460 0.2145392856
0.3454263566 0.2145406327
0.3454688672 0.2145419780
0.3455113778 0.2145433214
0.3455538885 0.2145446630
0.3455963991 0.2145460028
0.3456389097 0.2145473408
0.3456814204 0.2145486769
0.3457239310 0.2145500112
0.3457664416 0.2145513437
0.3458089522 0.2145526744
0.3458514629 0.2145540033
0.3458939735 0.2145553303
0.3459364841 0.2145566555
0.3459789947 0.2145579789
0.3460215054 0.2145593005
0.3460640160 0.2145606203
0.3461065266 0.2145619383
0.3461490373 0.2145632545
0.3461915479 0.2145645689
0.3462340585 0.2145658815
0.3462765691 0.2145671922
0.3463190798 0.2145685012
0.3463615904 0.2145698084
0.3464041010 0.2145711138
0.3464466117 0.2145724174
0.3464891223 0.2145737192
0.3465316329 0.2145750192
0.3465741435 0.2145763174
0.3466166542 0.2145776139
0.3466591648 0.2145789085
0.3467016754 0.2145802014
0.3467441860 0.2145814925
0.3467866967 0.2145827818
0.3468292073 0.2145840693
0.3468717179 0.2145853550
0.3469142286 0.2145866390
0.3469567392 0.2145879212
0.3469992498 0.2145892016
0.3470417604 0.2145904803
0.3470842711 0.2145917572
0.3471267817 0.2145930323
0.3471692923 0.2145943056
0.3472118030 0.2145955772
0.3472543136 0.2145968470
0.3472968242 0.2145981151
0.3473393348 0.2145993814
0.3473818455 0.2146006459
0.3474243561 0.2146019087
0.3474668667 0.2146031697
0.3475093773 0.2146044290
0.3475518880 0.2146056865
0.3475943986 0.2146069423
0.3476369092 0.2146081963
0.3476794199 0.2146094485
0.3477219305 0.2146106990
0.3477644411 0.2146119478
0.3478069517 0.2146131948
0.3478494624 0.2146144401
0.3478919730 0.2146156836
0.3479344836 0.2146169254
0.3479769942 0.2146181654
0.3480195049 0.2146194038
0.3480620155 0.2146206403
0.3481045261 0.2146218752
0.3481470368 0.2146231083
0.3481895474 0.2146243396
0.3482320580 0.2146255693
0.3482745686 0.2146267972
0.3483170793 0.2146280233
0.3483595899 0.2146292478
0.3484021005 0.2146304705
0.3484446112 0.2146316915
0.3484871218 0.2146329107
0.3485296324 0.2146341283
0.3485721430 0.2146353441
0.3486146537 0.2146365582
0.3486571643 0.2146377705
0.3486996749 0.2146389812
0.3487421855 0.2146401901
0.3487846962 0.2146413973
0.3488272068 0.2146426028
0.3488697174 0.2146438066
0.3489122281 0.2146450087
0.3489547387 0.2146462091
0.3489972493 0.2146474077
0.3490397599 0.2146486046
0.3490822706 0.2146497999
0.3491247812 0.2146509934
0.3491672918 0.2146521852
0.3492098025 0.2146533753
0.3492523131 0.2146545637
0.3492948237 0.2146557504
0.3493373343 0.2146569354
0.3493798450 0.2146581186
0.3494223556 0.2146593002
0.3494648662 0.2146604801
0.3495073768 0.2146616583
0.3495498875 0.2146628348
0.3495923981 0.2146640096
0.3496349087 0.2146651826
0.3496774194 0.2146663540
0.3497199300 0.2146675237
0.3497624406 0.2146686917
0.3498049512 0.2146698580
0.3498474619 0.2146710227
0.3498899725 0.2146721856
0.3499324831 0.2146733468
0.3499749937 0.2146745064
0.3500175044 0.2146756642
0.3500600150 0.2146768204
0.3501025256 0.2146779749
0.3501450363 0.2146791276
0.3501875469 0.2146802788
0.3502300575 0.2146814282
0.3502725681 0.2146825759
0.3503150788 0.2146837220
0.3503575894 0.2146848663
0.3504001000 0.2146860090
0.3504426107 0.2146871500
0.3504851213 0.2146882893
0.3505276319 0.2146894270
0.3505701425 0.2146905629
0.3506126532 0.2146916972
0.3506551638 0.2146928298
0.3506976744 0.2146939608
0.3507401850 0.2146950900
0.3507826957 0.2146962176
0.3508252063 0.2146973435
0.3508677169 0.2146984677
0.3509102276 0.2146995903
0.3509527382 0.2147007111
0.3509952488 0.2147018303
0.3510377594 0.2147029479
0.3510802701 0.2147040637
0.3511227807 0.2147051779
0.3511652913 0.2147062904
0.3512078020 0.2147074013
0.3512503126 0.2147085104
0.3512928232 0.2147096180
0.3513353338 0.2147107238
0.3513778445 0.2147118280
0.3514203551 0.2147129305
0.3514628657 0.2147140313
0.3515053763 0.2147151305
0.3515478870 0.2147162280
0.3515903976 0.2147173238
0.3516329082 0.2147184179
0.3516754189 0.2147195105
0.3517179295 0.2147206013
0.3517604401 0.2147216905
0.3518029507 0.2147227780
0.3518454614 0.2147238638
0.3518879720 0.2147249480
0.3519304826 0.2147260305
0.3519729932 0.2147271114
0.3520155039 0.2147281905
0.3520580145 0.2147292681
0.3521005251 0.2147303439
0.3521430358 0.2147314181
0.3521855464 0.2147324907
0.3522280570 0.2147335616
0.3522705676 0.2147346308
0.3523130783 0.2147356983
0.3523555889 0.2147367642
0.3523980995 0.2147378285
0.3524406102 0.2147388910
0.3524831208 0.2147399520
0.3525256314 0.2147410112
0.3525681420 0.2147420688
0.3526106527 0.2147431248
0.3526531633 0.2147441790
0.3526956739 0.2147452317
0.3527381845 0.2147462826
0.3527806952 0.2147473319
0.3528232058 0.2147483796
0.3528657164 0.2147494256
0.3529082271 0.2147504699
0.3529507377 0.2147515125
0.3529932483 0.2147525536
0.3530357589 0.2147535929
0.3530782696 0.2147546306
0.3531207802 0.2147556666
0.3531632908 0.2147567010
0.3532058015 0.2147577337
0.3532483121 0.2147587648
0.3532908227 0.2147597942
0.3533333333 0.2147608219
0.3533758440 0.2147618480
0.3534183546 0.2147628724
0.3534608652 0.2147638952
0.3535033758 0.2147649163
0.3535458865 0.2147659357
0.3535883971 0.2147669535
0.3536309077 0.2147679696
0.3536734184 0.2147689841
0.3537159290 0.2147699969
0.3537584396 0.2147710081
0.3538009502 0.2147720176
0.3538434609 0.2147730254
0.3538859715 0.2147740316
0.3539284821 0.2147750361
0.3539709927 0.2147760389
0.3540135034 0.2147770401
0.3540560140 0.2147780396
0.3540985246 0.2147790375
0.3541410353 0.2147800337
0.3541835459 0.2147810282
0.3542260565 0.2147820211
0.3542685671 0.2147830123
0.3543110778 0.2147840019
0.3543535884 0.2147849898
0.3543960990 0.2147859760
0.3544386097 0.2147869606
0.3544811203 0.2147879435
0.3545236309 0.2147889247
0.3545661415 0.2147899043
0.3546086522 0.2147908822
0.3546511628 0.2147918584
0.3546936734 0.2147928330
0.3547361840 0.2147938059
0.3547786947 0.2147947771
0.3548212053 0.2147957467
0.3548637159 0.2147967146
0.3549062266 0.2147976808
0.3549487372 0.2147986454
0.3549912478 0.2147996083
0.3550337584 0.2148005695
0.3550762691 0.2148015290
0.3551187797 0.2148024869
0.3551612903 0.2148034431
0.3552038010 0.2148043977
0.3552463116 0.2148053505
0.3552888222 0.2148063017
0.3553313328 0.2148072512
0.3553738435 0.2148081991
0.3554163541 0.2148091452
0.3554588647 0.2148100897
0.3555013753 0.2148110325
0.3555438860 0.2148119737
0.3555863966 0.2148129131
0.3556289072 0.2148138509
0.3556714179 0.2148147870
0.3557139285 0.2148157214
0.3557564391 0.2148166542
0.3557989497 0.2148175852
0.3558414604 0.2148185146
0.3558839710 0.2148194423
0.3559264816 0.2148203683
0.3559689922 0.2148212926
0.3560115029 0.2148222152
0.3560540135 0.2148231362
0.3560965241 0.2148240554
0.3561390348 0.2148249730
0.3561815454 0.2148258889
0.3562240560 0.2148268031
0.3562665666 0.2148277156
0.3563090773 0.2148286264
0.3563515879 0.2148295355
0.3563940985 0.2148304429
0.3564366092 0.2148313487
0.3564791198 0.2148322527
0.3565216304 0.2148331550
0.3565641410 0.2148340557
0.3566066517 0.2148349546
0.3566491623 0.2148358519
0.3566916729 0.2148367474
0.3567341835 0.2148376412
0.3567766942 0.2148385334
0.3568192048 0.2148394238
0.3568617154 0.2148403125
0.3569042261 0.2148411996
0.3569467367 0.2148420849
0.3569892473 0.2148429685
0.3570317579 0.2148438504
0.3570742686 0.2148447306
0.3571167792 0.2148456090
0.3571592898 0.2148464858
0.3572018005 0.2148473609
0.3572443111 0.2148482342
0.3572868217 0.2148491058
0.3573293323 0.2148499757
0.3573718430 0.2148508439
0.3574143536 0.2148517103
0.3574568642 0.2148525751
0.3574993748 0.2148534381
0.3575418855 0.2148542994
0.3575843961 0.2148551590
0.3576269067 0.2148560168
0.3576694174 0.2148568729
0.3577119280 0.2148577273
0.3577544386 0.2148585800
0.3577969492 0.2148594309
0.3578394599 0.2148602801
0.3578819705 0.2148611275
0.3579244811 0.2148619732
0.3579669917 0.2148628172
0.3580095024 0.2148636595
0.3580520130 0.2148645000
0.3580945236 0.2148653387
0.3581370343 0.2148661758
0.3581795449 0.2148670110
0.3582220555 0.2148678445
0.3582645661 0.2148686763
0.3583070768 0.2148695064
0.3583495874 0.2148703346
0.3583920980 0.2148711612
0.3584346087 0.2148719859
0.3584771193 0.2148728089
0.3585196299 0.2148736302
0.3585621405 0.2148744497
0.3586046512 0.2148752674
0.3586471618 0.2148760834
0.3586896724 0.2148768976
0.3587321830 0.2148777101
0.3587746937 0.2148785208
0.3588172043 0.2148793297
0.3588597149 0.2148801368
0.3589022256 0.2148809422
0.3589447362 0.2148817458
0.3589872468 0.2148825476
0.3590297574 0.2148833476
0.3590722681 0.2148841459
0.3591147787 0.2148849424
0.3591572893 0.2148857371
0.3591997999 0.2148865300
0.3592423106 0.2148873211
0.3592848212 0.2148881105
0.3593273318 0.2148888980
0.3593698425 0.2148896838
0.3594123531 0.2148904677
0.3594548637 0.2148912499
0.3594973743 0.2148920303
0.3595398850 0.2148928088
0.3595823956 0.2148935856
0.3596249062 0.2148943606
0.3596674169 0.2148951337
0.3597099275 0.2148959051
0.3597524381 0.2148966746
0.3597949487 0.2148974423
0.3598374594 0.2148982083
0.3598799700 0.2148989724
0.3599224806 0.2148997346
0.3599649912 0.2149004951
0.3600075019 0.2149012537
0.3600500125 0.2149020106
0.3600925231 0.2149027655
0.3601350338 0.2149035187
0.3601775444 0.2149042700
0.3602200550 0.2149050195
0.3602625656 0.2149057672
0.3603050763 0.2149065130
0.3603475869 0.2149072570
0.3603900975 0.2149079992
0.3604326082 0.2149087395
0.3604751188 0.2149094779
0.3605176294 0.2149102145
0.3605601400 0.2149109493
0.3606026507 0.2149116822
0.3606451613 0.2149124132
0.3606876719 0.2149131424
0.3607301825 0.2149138697
0.3607726932 0.2149145952
0.3608152038 0.2149153188
0.3608577144 0.2149160406
0.3609002251 0.2149167604
0.3609427357 0.2149174784
0.3609852463 0.2149181945
0.3610277569 0.2149189088
0.3610702676 0.2149196211
0.3611127782 0.2149203316
0.3611552888 0.2149210402
0.3611977994 0.2149217469
0.3612403101 0.2149224518
0.3612828207 0.2149231547
0.3613253313 0.2149238557
0.3613678420 0.2149245549
0.3614103526 0.2149252521
0.3614528632 0.2149259475
0.3614953738 0.2149266409
0.3615378845 0.2149273324
0.3615803951 0.2149280220
0.3616229057 0.2149287098
0.3616654164 0.2149293955
0.3617079270 0.2149300794
0.3617504376 0.2149307614
0.3617929482 0.2149314414
0.3618354589 0.2149321195
0.3618779695 0.2149327957
0.3619204801 0.2149334699
0.3619629907 0.2149341422
0.3620055014 0.2149348126
0.3620480120 0.2149354811
0.3620905226 0.2149361475
0.3621330333 0.2149368121
0.3621755439 0.2149374747
0.3622180545 0.2149381353
0.3622605651 0.2149387940
0.3623030758 0.2149394508
0.3623455864 0.2149401055
0.3623880970 0.2149407584
0.3624306077 0.2149414092
0.3624731183 0.2149420581
0.3625156289 0.2149427050
0.3625581395 0.2149433499
0.3626006502 0.2149439929
0.3626431608 0.2149446339
0.3626856714 0.2149452729
0.3627281820 0.2149459099
0.3627706927 0.2149465449
0.3628132033 0.2149471779
0.3628557139 0.2149478089
0.3628982246 0.2149484380
0.3629407352 0.2149490650
0.3629832458 0.2149496900
0.3630257564 0.2149503130
0.3630682671 0.2149509340
0.3631107777 0.2149515530
0.3631532883 0.2149521700
0.3631957989 0.2149527849
0.3632383096 0.2149533978
0.3632808202 0.2149540087
0.3633233308 0.2149546176
0.3633658415 0.2149552244
0.3634083521 0.2149558292
0.3634508627 0.2149564320
0.3634933733 0.2149570327
0.3635358840 0.2149576313
0.3635783946 0.2149582280
0.3636209052 0.2149588225
0.3636634159 0.2149594150
0.3637059265 0.2149600054
0.3637484371 0.2149605938
0.3637909477 0.2149611801
0.3638334584 0.2149617644
0.3638759690 0.2149623465
0.3639184796 0.2149629266
0.3639609902 0.2149635046
0.3640035009 0.2149640805
0.3640460115 0.2149646543
0.3640885221 0.2149652261
0.3641310328 0.2149657957
0.3641735434 0.2149663632
0.3642160540 0.2149669287
0.3642585646 0.2149674920
0.3643010753 0.2149680532
0.3643435859 0.2149686123
0.3643860965 0.2149691693
0.3644286072 0.2149697242
0.3644711178 0.2149702769
0.3645136284 0.2149708275
0.3645561390 0.2149713760
0.3645986497 0.2149719224
0.3646411603 0.2149724666
0.3646836709 0.2149730086
0.3647261815 0.2149735485
0.3647686922 0.2149740863
0.3648112028 0.2149746219
0.3648537134 0.2149751554
0.3648962241 0.2149756866
0.3649387347 0.2149762158
0.3649812453 0.2149767427
0.3650237559 0.2149772675
0.3650662666 0.2149777901
0.3651087772 0.2149783105
0.3651512878 0.2149788287
0.3651937984 0.2149793447
0.3652363091 0.2149798586
0.3652788197 0.2149803702
0.3653213303 0.2149808797
0.3653638410 0.2149813869
0.3654063516 0.2149818919
0.3654488622 0.2149823947
0.3654913728 0.2149828953
0.3655338835 0.2149833937
0.3655763941 0.2149838899
0.3656189047 0.2149843838
0.3656614154 0.2149848754
0.3657039260 0.2149853649
0.3657464366 0.2149858521
0.3657889472 0.2149863370
0.3658314579 0.2149868197
0.3658739685 0.2149873002
0.3659164791 0.2149877783
0.3659589897 0.2149882543
0.3660015004 0.2149887279
0.3660440110 0.2149891993
0.3660865216 0.2149896684
0.3661290323 0.2149901352
0.3661715429 0.2149905997
0.3662140535 0.2149910620
0.3662565641 0.2149915219
0.3662990748 0.2149919796
0.3663415854 0.2149924349
0.3663840960 0.2149928879
0.3664266067 0.2149933387
0.3664691173 0.2149937871
0.3665116279 0.2149942332
0.3665541385 0.2149946769
0.3665966492 0.2149951183
0.3666391598 0.2149955574
0.3666816704 0.2149959942
0.3667241810 0.2149964286
0.3667666917 0.2149968607
0.3668092023 0.2149972904
0.3668517129 0.2149977177
0.3668942236 0.2149981427
0.3669367342 0.2149985653
0.3669792448 0.2149989856
0.3670217554 0.2149994035
0.3670642661 0.2149998189
0.3671067767 0.2150002320
0.3671492873 0.2150006428
0.3671917979 0.2150010511
0.3672343086 0.2150014570
0.3672768192 0.2150018605
0.3673193298 0.2150022616
0.3673618405 0.2150026603
0.3674043511 0.2150030566
0.3674468617 0.2150034504
0.3674893723 0.2150038419
0.3675318830 0.2150042308
0.3675743936 0.2150046174
0.3676169042 0.2150050015
0.3676594149 0.2150053831
0.3677019255 0.2150057623
0.3677444361 0.2150061391
0.3677869467 0.2150065134
0.3678294574 0.2150068852
0.3678719680 0.2150072545
0.3679144786 0.2150076213
0.3679569892 0.2150079857
0.3679994999 0.2150083476
0.3680420105 0.2150087070
0.3680845211 0.2150090639
0.3681270318 0.2150094183
0.3681695424 0.2150097701
0.3682120530 0.2150101195
0.3682545636 0.2150104663
0.3682970743 0.2150108107
0.3683395849 0.2150111524
0.3683820955 0.2150114917
0.3684246062 0.2150118284
0.3684671168 0.2150121626
0.3685096274 0.2150124942
0.3685521380 0.2150128232
0.3685946487 0.2150131497
0.3686371593 0.2150134737
0.3686796699 0.2150137950
0.3687221805 0.2150141138
0.3687646912 0.2150144300
0.3688072018 0.2150147436
0.3688497124 0.2150150546
0.3688922231 0.2150153630
0.3689347337 0.2150156688
0.3689772443 0.2150159720
0.3690197549 0.2150162726
0.3690622656 0.2150165705
0.3691047762 0.2150168659
0.3691472868 0.2150171586
0.3691897974 0.2150174486
0.3692323081 0.2150177360
0.3692748187 0.2150180208
0.3693173293 0.2150183029
0.3693598400 0.2150185824
0.3694023506 0.2150188591
0.3694448612 0.2150191333
0.3694873718 0.2150194047
0.3695298825 0.2150196734
0.3695723931 0.2150199395
0.3696149037 0.2150202029
0.3696574144 0.2150204635
0.3696999250 0.2150207215
0.3697424356 0.2150209767
0.3697849462 0.2150212292
0.3698274569 0.2150214790
0.3698699675 0.2150217261
0.3699124781 0.2150219704
0.3699549887 0.2150222120
0.3699974994 0.2150224509
0.3700400100 0.2150226870
0.3700825206 0.2150229203
0.3701250313 0.2150231509
0.3701675419 0.2150233787
0.3702100525 0.2150236037
0.3702525631 0.2150238259
0.3702950738 0.2150240454
0.3703375844 0.2150242620
0.3703800950 0.2150244758
0.3704226057 0.2150246869
0.3704651163 0.2150248951
0.3705076269 0.2150251005
0.3705501375 0.2150253031
0.3705926482 0.2150255028
0.3706351588 0.2150256997
0.3706776694 0.2150258938
0.3707201800 0.2150260850
0.3707626907 0.2150262734
0.3708052013 0.2150264588
0.3708477119 0.2150266415
0.3708902226 0.2150268212
0.3709327332 0.2150269981
0.3709752438 0.2150271720
0.3710177544 0.2150273431
0.3710602651 0.2150275113
0.3711027757 0.2150276765
0.3711452863 0.2150278389
0.3711877969 0.2150279983
0.3712303076 0.2150281548
0.3712728182 0.2150283084
0.3713153288 0.2150284590
0.3713578395 0.2150286067
0.3714003501 0.2150287514
0.3714428607 0.2150288932
0.3714853713 0.2150290320
0.3715278820 0.2150291678
0.3715703926 0.2150293007
0.3716129032 0.2150294305
0.3716554139 0.2150295574
0.3716979245 0.2150296813
0.3717404351 0.2150298021
0.3717829457 0.2150299200
0.3718254564 0.2150300348
0.3718679670 0.2150301466
0.3719104776 0.2150302554
0.3719529882 0.2150303611
0.3719954989 0.2150304638
0.3720380095 0.2150305634
0.3720805201 0.2150306600
0.3721230308 0.2150307535
0.3721655414 0.2150308439
0.3722080520 0.2150309312
0.3722505626 0.2150310155
0.3722930733 0.2150310967
0.3723355839 0.2150311747
0.3723780945 0.2150312497
0.3724206052 0.2150313215
0.3724631158 0.2150313902
0.3725056264 0.2150314558
0.3725481370 0.2150315182
0.3725906477 0.2150315775
0.3726331583 0.2150316337
0.3726756689 0.2150316867
0.3727181795 0.2150317365
0.3727606902 0.2150317832
0.3728032008 0.2150318266
0.3728457114 0.2150318669
0.3728882221 0.2150319040
0.3729307327 0.2150319379
0.3729732433 0.2150319686
0.3730157539 0.2150319960
0.3730582646 0.2150320203
0.3731007752 0.2150320413
0.3731432858 0.2150320591
0.3731857964 0.2150320736
0.3732283071 0.2150320849
0.3732708177 0.2150320929
0.3733133283 0.2150320977
0.3733558390 0.2150320991
0.3733983496 0.2150320973
0.3734408602 0.2150320922
0.3734833708 0.2150320839
0.3735258815 0.2150320722
0.3735683921 0.2150320572
0.3736109027 0.2150320388
0.3736534134 0.2150320172
0.3736959240 0.2150319922
0.3737384346 0.2150319639
0.3737809452 0.2150319322
0.3738234559 0.2150318971
0.3738659665 0.2150318587
0.3739084771 0.2150318170
0.3739509877 0.2150317718
0.3739934984 0.2150317233
0.3740360090 0.2150316713
0.3740785196 0.2150316160
0.3741210303 0.2150315572
0.3741635409 0.2150314951
0.3742060515 0.2150314295
0.3742485621 0.2150313604
0.3742910728 0.2150312880
0.3743335834 0.2150312120
0.3743760940 0.2150311326
0.3744186047 0.2150310498
0.3744611153 0.2150309635
0.3745036259 0.2150308737
0.3745461365 0.2150307804
0.3745886472 0.2150306836
0.3746311578 0.2150305833
0.3746736684 0.2150304795
0.3747161790 0.2150303721
0.3747586897 0.2150302613
0.3748012003 0.2150301468
0.3748437109 0.2150300289
0.3748862216 0.2150299074
0.3749287322 0.2150297823
0.3749712428 0.2150296537
0.3750137534 0.2150295215
0.3750562641 0.2150293857
0.3750987747 0.2150292463
0.3751412853 0.2150291033
0.3751837959 0.2150289566
0.3752263066 0.2150288064
0.3752688172 0.2150286525
0.3753113278 0.2150284950
0.3753538385 0.2150283339
0.3753963491 0.2150281691
0.3754388597 0.2150280006
0.3754813703 0.2150278285
0.3755238810 0.2150276527
0.3755663916 0.2150274732
0.3756089022 0.2150272900
0.3756514129 0.2150271031
0.3756939235 0.2150269125
0.3757364341 0.2150267181
0.3757789447 0.2150265201
0.3758214554 0.2150263183
0.3758639660 0.2150261127
0.3759064766 0.2150259034
0.3759489872 0.2150256904
0.3759914979 0.2150254735
0.3760340085 0.2150252529
0.3760765191 0.2150250285
0.3761190298 0.2150248003
0.3761615404 0.2150245683
0.3762040510 0.2150243324
0.3762465616 0.2150240928
0.3762890723 0.2150238493
0.3763315829 0.2150236019
0.3763740935 0.2150233508
0.3764166042 0.2150230957
0.3764591148 0.2150228368
0.3765016254 0.2150225740
0.3765441360 0.2150223073
0.3765866467 0.2150220367
0.3766291573 0.2150217622
0.3766716679 0.2150214839
0.3767141785 0.2150212015
0.3767566892 0.2150209153
0.3767991998 0.2150206251
0.3768417104 0.2150203309
0.3768842211 0.2150200328
0.3769267317 0.2150197308
0.3769692423 0.2150194247
0.3770117529 0.2150191147
0.3770542636 0.2150188006
0.3770967742 0.2150184826
0.3771392848 0.2150181605
0.3771817954 0.2150178345
0.3772243061 0.2150175044
0.3772668167 0.2150171702
0.3773093273 0.2150168320
0.3773518380 0.2150164897
0.3773943486 0.2150161434
0.3774368592 0.2150157930
0.3774793698 0.2150154385
0.3775218805 0.2150150799
0.3775643911 0.2150147172
0.3776069017 0.2150143504
0.3776494124 0.2150139794
0.3776919230 0.2150136043
0.3777344336 0.2150132251
0.3777769442 0.2150128417
0.3778194549 0.2150124542
0.3778619655 0.2150120624
0.3779044761 0.2150116665
0.3779469867 0.2150112664
0.3779894974 0.2150108621
0.3780320080 0.2150104536
0.3780745186 0.2150100409
0.3781170293 0.2150096239
0.3781595399 0.2150092027
0.3782020505 0.2150087772
0.3782445611 0.2150083475
0.3782870718 0.2150079135
0.3783295824 0.2150074752
0.3783720930 0.2150070326
0.3784146037 0.2150065858
0.3784571143 0.2150061346
0.3784996249 0.2150056791
0.3785421355 0.2150052192
0.3785846462 0.2150047551
0.3786271568 0.2150042866
0.3786696674 0.2150038137
0.3787121780 0.2150033364
0.3787546887 0.2150028548
0.3787971993 0.2150023688
0.3788397099 0.2150018783
0.3788822206 0.2150013835
0.3789247312 0.2150008842
0.3789672418 0.2150003806
0.3790097524 0.2149998724
0.3790522631 0.2149993599
0.3790947737 0.2149988428
0.3791372843 0.2149983213
0.3791797949 0.2149977953
0.3792223056 0.2149972648
0.3792648162 0.2149967299
0.3793073268 0.2149961904
0.3793498375 0.2149956463
0.3793923481 0.2149950978
0.3794348587 0.2149945447
0.3794773693 0.2149939870
0.3795198800 0.2149934248
0.3795623906 0.2149928580
0.3796049012 0.2149922867
0.3796474119 0.2149917107
0.3796899225 0.2149911301
0.3797324331 0.2149905449
0.3797749437 0.2149899551
0.3798174544 0.2149893606
0.3798599650 0.2149887615
0.3799024756 0.2149881578
0.3799449862 0.2149875493
0.3799874969 0.2149869362
0.3800300075 0.2149863184
0.3800725181 0.2149856959
0.3801150288 0.2149850687
0.3801575394 0.2149844367
0.3802000500 0.2149838001
0.3802425606 0.2149831586
0.3802850713 0.2149825125
0.3803275819 0.2149818615
0.3803700925 0.2149812058
0.3804126032 0.2149805453
0.3804551138 0.2149798800
0.3804976244 0.2149792099
0.3805401350 0.2149785349
0.3805826457 0.2149778551
0.3806251563 0.2149771705
0.3806676669 0.2149764811
0.3807101775 0.2149757867
0.3807526882 0.2149750875
0.3807951988 0.2149743834
0.3808377094 0.2149736744
0.3808802201 0.2149729605
0.3809227307 0.2149722417
0.3809652413 0.2149715179
0.3810077519 0.2149707892
0.3810502626 0.2149700556
0.3810927732 0.2149693170
0.3811352838 0.2149685734
0.3811777944 0.2149678248
0.3812203051 0.2149670712
0.3812628157 0.2149663126
0.3813053263 0.2149655490
0.3813478370 0.2149647803
0.3813903476 0.2149640067
0.3814328582 0.2149632279
0.3814753688 0.2149624441
0.3815178795 0.2149616552
0.3815603901 0.2149608612
0.3816029007 0.2149600621
0.3816454114 0.2149592579
0.3816879220 0.2149584486
0.3817304326 0.2149576341
0.3817729432 0.2149568145
0.3818154539 0.2149559898
0.3818579645 0.2149551598
0.3819004751 0.2149543247
0.3819429857 0.2149534844
0.3819854964 0.2149526388
0.3820280070 0.2149517881
0.3820705176 0.2149509321
0.3821130283 0.2149500709
0.3821555389 0.2149492044
0.3821980495 0.2149483327
0.3822405601 0.2149474557
0.3822830708 0.2149465734
0.3823255814 0.2149456858
0.3823680920 0.2149447929
0.3824106027 0.2149438946
0.3824531133 0.2149429911
0.3824956239 0.2149420821
0.3825381345 0.2149411679
0.3825806452 0.2149402482
0.3826231558 0.2149393232
0.3826656664 0.2149383927
0.3827081770 0.2149374569
0.3827506877 0.2149365156
0.3827931983 0.2149355689
0.3828357089 0.2149346167
0.3828782196 0.2149336591
0.3829207302 0.2149326960
0.3829632408 0.2149317275
0.3830057514 0.2149307534
0.3830482621 0.2149297739
0.3830907727 0.2149287888
0.3831332833 0.2149277982
0.3831757939 0.2149268020
0.3832183046 0.2149258003
0.3832608152 0.2149247930
0.3833033258 0.2149237802
0.3833458365 0.2149227617
0.3833883471 0.2149217376
0.3834308577 0.2149207080
0.3834733683 0.2149196726
0.3835158790 0.2149186317
0.3835583896 0.2149175851
0.3836009002 0.2149165328
0.3836434109 0.2149154748
0.3836859215 0.2149144112
0.3837284321 0.2149133418
0.3837709427 0.2149122667
0.3838134534 0.2149111859
0.3838559640 0.2149100994
0.3838984746 0.2149090070
0.3839409852 0.2149079090
0.3839834959 0.2149068051
0.3840260065 0.2149056954
0.3840685171 0.2149045799
0.3841110278 0.2149034586
0.3841535384 0.2149023315
0.3841960490 0.2149011985
0.3842385596 0.2149000597
0.3842810703 0.2148989150
0.3843235809 0.2148977644
0.3843660915 0.2148966079
0.3844086022 0.2148954455
0.3844511128 0.2148942771
0.3844936234 0.2148931029
0.3845361340 0.2148919226
0.3845786447 0.2148907364
0.3846211553 0.2148895443
0.3846636659 0.2148883461
0.3847061765 0.2148871419
0.3847486872 0.2148859318
0.3847911978 0.2148847155
0.3848337084 0.2148834933
0.3848762191 0.2148822650
0.3849187297 0.2148810306
0.3849612403 0.2148797901
0.3850037509 0.2148785435
0.3850462616 0.2148772908
0.3850887722 0.2148760320
0.3851312828 0.2148747671
0.3851737934 0.2148734960
0.3852163041 0.2148722187
0.3852588147 0.2148709353
0.3853013253 0.2148696457
0.3853438360 0.2148683498
0.3853863466 0.2148670478
0.3854288572 0.2148657395
0.3854713678 0.2148644249
0.3855138785 0.2148631042
0.3855563891 0.2148617771
0.3855988997 0.2148604437
0.3856414104 0.2148591041
0.3856839210 0.2148577581
0.3857264316 0.2148564058
0.3857689422 0.2148550471
0.3858114529 0.2148536821
0.3858539635 0.2148523108
0.3858964741 0.2148509330
0.3859389847 0.2148495489
0.3859814954 0.2148481583
0.3860240060 0.2148467613
0.3860665166 0.2148453579
0.3861090273 0.2148439480
0.3861515379 0.2148425316
0.3861940485 0.2148411088
0.3862365591 0.2148396795
0.3862790698 0.2148382436
0.3863215804 0.2148368012
0.3863640910 0.2148353523
0.3864066017 0.2148338969
0.3864491123 0.2148324349
0.3864916229 0.2148309662
0.3865341335 0.2148294910
0.3865766442 0.2148280092
0.3866191548 0.2148265208
0.3866616654 0.2148250257
0.3867041760 0.2148235240
0.3867466867 0.2148220156
0.3867891973 0.2148205005
0.3868317079 0.2148189787
0.3868742186 0.2148174503
0.3869167292 0.2148159150
0.3869592398 0.2148143731
0.3870017504 0.2148128244
0.3870442611 0.2148112689
0.3870867717 0.2148097067
0.3871292823 0.2148081376
0.3871717929 0.2148065617
0.3872143036 0.2148049791
0.3872568142 0.2148033895
0.3872993248 0.2148017931
0.3873418355 0.2148001899
0.3873843461 0.2147985797
0.3874268567 0.2147969627
0.3874693673 0.2147953387
0.3875118780 0.2147937078
0.3875543886 0.2147920700
0.3875968992 0.2147904252
0.3876394099 0.2147887734
0.3876819205 0.2147871147
0.3877244311 0.2147854489
0.3877669417 0.2147837761
0.3878094524 0.2147820963
0.3878519630 0.2147804094
0.3878944736 0.2147787155
0.3879369842 0.2147770145
0.3879794949 0.2147753063
0.3880220055 0.2147735911
0.3880645161 0.2147718688
0.3881070268 0.2147701393
0.3881495374 0.2147684026
0.3881920480 0.2147666588
0.3882345586 0.2147649078
0.3882770693 0.2147631496
0.3883195799 0.2147613842
0.3883620905 0.2147596116
0.3884046012 0.2147578317
0.3884471118 0.2147560445
0.3884896224 0.2147542501
0.3885321330 0.2147524483
0.3885746437 0.2147506393
0.3886171543 0.2147488229
0.3886596649 0.2147469992
0.3887021755 0.2147451681
0.3887446862 0.2147433297
0.3887871968 0.2147414839
0.3888297074 0.2147396307
0.3888722181 0.2147377700
0.3889147287 0.2147359020
0.3889572393 0.2147340264
0.3889997499 0.2147321434
0.3890422606 0.2147302530
0.3890847712 0.2147283550
0.3891272818 0.2147264495
0.3891697924 0.2147245365
0.3892123031 0.2147226160
0.3892548137 0.2147206879
0.3892973243 0.2147187522
0.3893398350 0.2147168089
0.3893823456 0.2147148580
0.3894248562 0.2147128995
0.3894673668 0.2147109334
0.3895098775 0.2147089595
0.3895523881 0.2147069781
0.3895948987 0.2147049889
0.3896374094 0.2147029920
0.3896799200 0.2147009874
0.3897224306 0.2146989751
0.3897649412 0.2146969550
0.3898074519 0.2146949272
0.3898499625 0.2146928916
0.3898924731 0.2146908481
0.3899349837 0.2146887969
0.3899774944 0.2146867378
0.3900200050 0.2146846709
0.3900625156 0.2146825961
0.3901050263 0.2146805134
0.3901475369 0.2146784228
0.3901900475 0.2146763243
0.3902325581 0.2146742179
0.3902750688 0.2146721035
0.3903175794 0.2146699812
0.3903600900 0.2146678509
0.3904026007 0.2146657125
0.3904451113 0.2146635662
0.3904876219 0.2146614118
0.3905301325 0.2146592494
0.3905726432 0.2146570789
0.3906151538 0.2146549004
0.3906576644 0.2146527137
0.3907001750 0.2146505190
0.3907426857 0.2146483160
0.3907851963 0.2146461050
0.3908277069 0.2146438858
0.3908702176 0.2146416584
0.3909127282 0.2146394228
0.3909552388 0.2146371790
0.3909977494 0.2146349269
0.3910402601 0.2146326666
0.3910827707 0.2146303981
0.3911252813 0.2146281212
0.3911677919 0.2146258361
0.3912103026 0.2146235426
0.3912528132 0.2146212408
0.3912953238 0.2146189306
0.3913378345 0.2146166121
0.3913803451 0.2146142852
0.3914228557 0.2146119499
0.3914653663 0.2146096062
0.3915078770 0.2146072540
0.3915503876 0.2146048934
0.3915928982 0.2146025243
0.3916354089 0.2146001467
0.3916779195 0.2145977606
0.3917204301 0.2145953660
0.3917629407 0.2145929628
0.3918054514 0.2145905511
0.3918479620 0.2145881308
0.3918904726 0.2145857019
0.3919329832 0.2145832644
0.3919754939 0.2145808182
0.3920180045 0.2145783635
0.3920605151 0.2145759000
0.3921030258 0.2145734279
0.3921455364 0.2145709470
0.3921880470 0.2145684575
0.3922305576 0.2145659592
0.3922730683 0.2145634522
0.3923155789 0.2145609364
0.3923580895 0.2145584118
0.3924006002 0.2145558784
0.3924431108 0.2145533362
0.3924856214 0.2145507851
0.3925281320 0.2145482252
0.3925706427 0.2145456564
0.3926131533 0.2145430787
0.3926556639 0.2145404920
0.3926981745 0.2145378965
0.3927406852 0.2145352920
0.3927831958 0.2145326785
0.3928257064 0.2145300561
0.3928682171 0.2145274246
0.3929107277 0.2145247841
0.3929532383 0.2145221346
0.3929957489 0.2145194760
0.3930382596 0.2145168084
0.3930807702 0.2145141316
0.3931232808 0.2145114458
0.3931657914 0.2145087508
0.3932083021 0.2145060466
0.3932508127 0.2145033333
0.3932933233 0.2145006108
0.3933358340 0.2144978791
0.3933783446 0.2144951382
0.3934208552 0.2144923880
0.3934633658 0.2144896286
0.3935058765 0.2144868599
0.3935483871 0.2144840819
0.3935908977 0.2144812945
0.3936334084 0.2144784979
0.3936759190 0.2144756919
0.3937184296 0.2144728765
0.3937609402 0.2144700517
0.3938034509 0.2144672175
0.3938459615 0.2144643739
0.3938884721 0.2144615209
0.3939309827 0.2144586583
0.3939734934 0.2144557863
0.3940160040 0.2144529048
0.3940585146 0.2144500138
0.3941010253 0.2144471132
0.3941435359 0.2144442031
0.3941860465 0.2144412833
0.3942285571 0.2144383540
0.3942710678 0.2144354151
0.3943135784 0.2144324665
0.3943560890 0.2144295083
0.3943985996 0.2144265404
0.3944411103 0.2144235628
0.3944836209 0.2144205755
0.3945261315 0.2144175785
0.3945686422 0.2144145717
0.3946111528 0.2144115551
0.3946536634 0.2144085288
0.3946961740 0.2144054926
0.3947386847 0.2144024467
0.3947811953 0.2143993908
0.3948237059 0.2143963251
0.3948662166 0.2143932496
0.3949087272 0.2143901641
0.3949512378 0.2143870687
0.3949937484 0.2143839633
0.3950362591 0.2143808480
0.3950787697 0.2143777227
0.3951212803 0.2143745874
0.3951637909 0.2143714420
0.3952063016 0.2143682867
0.3952488122 0.2143651212
0.3952913228 0.2143619457
0.3953338335 0.2143587601
0.3953763441 0.2143555643
0.3954188547 0.2143523585
0.3954613653 0.2143491424
0.3955038760 0.2143459162
0.3955463866 0.2143426798
0.3955888972 0.2143394331
0.3956314079 0.2143361763
0.3956739185 0.2143329091
0.3957164291 0.2143296317
0.3957589397 0.2143263440
0.3958014504 0.2143230459
0.3958439610 0.2143197375
0.3958864716 0.2143164188
0.3959289822 0.2143130897
0.3959714929 0.2143097501
0.3960140035 0.2143064002
0.3960565141 0.2143030398
0.3960990248 0.2142996690
0.3961415354 0.2142962876
0.3961840460 0.2142928958
0.3962265566 0.2142894935
0.3962690673 0.2142860806
0.3963115779 0.2142826571
0.3963540885 0.2142792231
0.3963965991 0.2142757784
0.3964391098 0.2142723232
0.3964816204 0.2142688573
0.3965241310 0.2142653807
0.3965666417 0.2142618934
0.3966091523 0.2142583955
0.3966516629 0.2142548868
0.3966941735 0.2142513673
0.3967366842 0.2142478371
0.3967791948 0.2142442961
0.3968217054 0.2142407443
0.3968642161 0.2142371817
0.3969067267 0.2142336082
0.3969492373 0.2142300239
0.3969917479 0.2142264286
0.3970342586 0.2142228225
0.3970767692 0.2142192054
0.3971192798 0.2142155773
0.3971617904 0.2142119383
0.3972043011 0.2142082883
0.3972468117 0.2142046272
0.3972893223 0.2142009551
0.3973318330 0.2141972720
0.3973743436 0.2141935778
0.3974168542 0.2141898725
0.3974593648 0.2141861560
0.3975018755 0.2141824284
0.3975443861 0.2141786897
0.3975868967 0.2141749398
0.3976294074 0.2141711786
0.3976719180 0.2141674062
0.3977144286 0.2141636226
0.3977569392 0.2141598277
0.3977994499 0.2141560215
0.3978419605 0.2141522040
0.3978844711 0.2141483752
0.3979269817 0.2141445350
0.3979694924 0.2141406834
0.3980120030 0.2141368204
0.3980545136 0.2141329460
0.3980970243 0.2141290602
0.3981395349 0.2141251629
0.3981820455 0.2141212541
0.3982245561 0.2141173338
0.3982670668 0.2141134020
0.3983095774 0.2141094586
0.3983520880 0.2141055036
0.3983945986 0.2141015371
0.3984371093 0.2140975589
0.3984796199 0.2140935691
0.3985221305 0.2140895676
0.3985646412 0.2140855545
0.3986071518 0.2140815296
0.3986496624 0.2140774930
0.3986921730 0.2140734447
0.3987346837 0.2140693846
0.3987771943 0.2140653127
0.3988197049 0.2140612290
0.3988622156 0.2140571335
0.3989047262 0.2140530261
0.3989472368 0.2140489068
0.3989897474 0.2140447756
0.3990322581 0.2140406325
0.3990747687 0.2140364774
0.3991172793 0.2140323104
0.3991597899 0.2140281314
0.3992023006 0.2140239403
0.3992448112 0.2140197373
0.3992873218 0.2140155221
0.3993298325 0.2140112949
0.3993723431 0.2140070556
0.3994148537 0.2140028042
0.3994573643 0.2139985406
0.3994998750 0.2139942648
0.3995423856 0.2139899769
0.3995848962 0.2139856767
0.3996274069 0.2139813643
0.3996699175 0.2139770396
0.3997124281 0.2139727026
0.3997549387 0.2139683534
0.3997974494 0.2139639918
0.3998399600 0.2139596178
0.3998824706 0.2139552315
0.3999249812 0.2139508328
0.3999674919 0.2139464216
0.4000100025 0.2139419980
0.4000525131 0.2139375620
0.4000950238 0.2139331134
0.4001375344 0.2139286524
0.4001800450 0.2139241788
0.4002225556 0.2139196926
0.4002650663 0.2139151939
0.4003075769 0.2139106825
0.4003500875 0.2139061586
0.4003925981 0.2139016219
0.4004351088 0.2138970726
0.4004776194 0.2138925106
0.4005201300 0.2138879359
0.4005626407 0.2138833485
0.4006051513 0.2138787482
0.4006476619 0.2138741352
0.4006901725 0.2138695094
0.4007326832 0.2138648707
0.4007751938 0.2138602192
0.4008177044 0.2138555548
0.4008602151 0.2138508774
0.4009027257 0.2138461872
0.4009452363 0.2138414840
0.4009877469 0.2138367678
0.4010302576 0.2138320386
0.4010727682 0.2138272963
0.4011152788 0.2138225411
0.4011577894 0.2138177727
0.4012003001 0.2138129913
0.4012428107 0.2138081967
0.4012853213 0.2138033890
0.4013278320 0.2137985681
0.4013703426 0.2137937340
0.4014128532 0.2137888868
0.4014553638 0.2137840262
0.4014978745 0.2137791524
0.4015403851 0.2137742653
0.4015828957 0.2137693650
0.4016254064 0.2137644512
0.4016679170 0.2137595241
0.4017104276 0.2137545837
0.4017529382 0.2137496298
0.4017954489 0.2137446624
0.4018379595 0.2137396817
0.4018804701 0.2137346874
0.4019229807 0.2137296797
0.4019654914 0.2137246584
0.4020080020 0.2137196235
0.4020505126 0.2137145751
0.4020930233 0.2137095131
0.4021355339 0.2137044374
0.4021780445 0.2136993481
0.4022205551 0.2136942451
0.4022630658 0.2136891284
0.4023055764 0.2136839980
0.4023480870 0.2136788539
0.4023905976 0.2136736959
0.4024331083 0.2136685242
0.4024756189 0.2136633386
0.4025181295 0.2136581392
0.4025606402 0.2136529260
0.4026031508 0.2136476988
0.4026456614 0.2136424577
0.4026881720 0.2136372027
0.4027306827 0.2136319336
0.4027731933 0.2136266506
0.4028157039 0.2136213536
0.4028582146 0.2136160425
0.4029007252 0.2136107173
0.4029432358 0.2136053781
0.4029857464 0.2136000247
0.4030282571 0.2135946572
0.4030707677 0.2135892755
0.4031132783 0.2135838796
0.4031557889 0.2135784695
0.4031982996 0.2135730451
0.4032408102 0.2135676065
0.4032833208 0.2135621536
0.4033258315 0.2135566863
0.4033683421 0.2135512047
0.4034108527 0.2135457088
0.4034533633 0.2135401984
0.4034958740 0.2135346736
0.4035383846 0.2135291343
0.4035808952 0.2135235806
0.4036234059 0.2135180124
0.4036659165 0.2135124296
0.4037084271 0.2135068323
0.4037509377 0.2135012204
0.4037934484 0.2134955940
0.4038359590 0.2134899528
0.4038784696 0.2134842971
0.4039209802 0.2134786266
0.4039634909 0.2134729415
0.4040060015 0.2134672416
0.4040485121 0.2134615269
0.4040910228 0.2134557975
0.4041335334 0.2134500533
0.4041760440 0.2134442942
0.4042185546 0.2134385203
0.4042610653 0.2134327314
0.4043035759 0.2134269277
0.4043460865 0.2134211090
0.4043885971 0.2134152754
0.4044311078 0.2134094268
0.4044736184 0.2134035631
0.4045161290 0.2133976844
0.4045586397 0.2133917907
0.4046011503 0.2133858818
0.4046436609 0.2133799578
0.4046861715 0.2133740187
0.4047286822 0.2133680644
0.4047711928 0.2133620949
0.4048137034 0.2133561102
0.4048562141 0.2133501102
0.4048987247 0.2133440949
0.4049412353 0.2133380644
0.4049837459 0.2133320185
0.4050262566 0.2133259572
0.4050687672 0.2133198805
0.4051112778 0.2133137885
0.4051537884 0.2133076810
0.4051962991 0.2133015580
0.4052388097 0.2132954195
0.4052813203 0.2132892656
0.4053238310 0.2132830960
0.4053663416 0.2132769109
0.4054088522 0.2132707102
0.4054513628 0.2132644939
0.4054938735 0.2132582619
0.4055363841 0.2132520143
0.4055788947 0.2132457509
0.4056214054 0.2132394718
0.4056639160 0.2132331769
0.4057064266 0.2132268663
0.4057489372 0.2132205398
0.4057914479 0.2132141975
0.4058339585 0.2132078393
0.4058764691 0.2132014652
0.4059189797 0.2131950752
0.4059614904 0.2131886693
0.4060040010 0.2131822473
0.4060465116 0.2131758094
0.4060890223 0.2131693554
0.4061315329 0.2131628854
0.4061740435 0.2131563993
0.4062165541 0.2131498970
0.4062590648 0.2131433786
0.4063015754 0.2131368441
0.4063440860 0.2131302933
0.4063865966 0.2131237264
0.4064291073 0.2131171431
0.4064716179 0.2131105436
0.4065141285 0.2131039278
0.4065566392 0.2130972956
0.4065991498 0.2130906471
0.4066416604 0.2130839822
0.4066841710 0.2130773009
0.4067266817 0.2130706031
0.4067691923 0.2130638889
0.4068117029 0.2130571581
0.4068542136 0.2130504108
0.4068967242 0.2130436470
0.4069392348 0.2130368665
0.4069817454 0.2130300695
0.4070242561 0.2130232558
0.4070667667 0.2130164254
0.4071092773 0.2130095784
0.4071517879 0.2130027146
0.4071942986 0.2129958341
0.4072368092 0.2129889367
0.4072793198 0.2129820226
0.4073218305 0.2129750916
0.4073643411 0.2129681438
0.4074068517 0.2129611790
0.4074493623 0.2129541974
0.4074918730 0.2129471987
0.4075343836 0.2129401831
0.4075768942 0.2129331505
0.4076194049 0.2129261009
0.4076619155 0.2129190341
0.4077044261 0.2129119503
0.4077469367 0.2129048494
0.4077894474 0.2128977313
0.4078319580 0.2128905960
0.4078744686 0.2128834435
0.4079169792 0.2128762738
0.4079594899 0.2128690868
0.4080020005 0.2128618825
0.4080445111 0.2128546609
0.4080870218 0.2128474219
0.4081295324 0.2128401656
0.4081720430 0.2128328918
0.4082145536 0.2128256006
0.4082570643 0.2128182919
0.4082995749 0.2128109657
0.4083420855 0.2128036220
0.4083845961 0.2127962608
0.4084271068 0.2127888819
0.4084696174 0.2127814854
0.4085121280 0.2127740713
0.4085546387 0.2127666395
0.4085971493 0.2127591901
0.4086396599 0.2127517228
0.4086821705 0.2127442378
0.4087246812 0.2127367351
0.4087671918 0.2127292145
0.4088097024 0.2127216760
0.4088522131 0.2127141197
0.4088947237 0.2127065455
0.4089372343 0.2126989533
0.4089797449 0.2126913431
0.4090222556 0.2126837150
0.4090647662 0.2126760688
0.4091072768 0.2126684046
0.4091497874 0.2126607223
0.4091922981 0.2126530219
0.4092348087 0.2126453033
0.4092773193 0.2126375665
0.4093198300 0.2126298116
0.4093623406 0.2126220384
0.4094048512 0.2126142469
0.4094473618 0.2126064371
0.4094898725 0.2125986091
0.4095323831 0.2125907626
0.4095748937 0.2125828978
0.4096174044 0.2125750146
0.4096599150 0.2125671129
0.4097024256 0.2125591927
0.4097449362 0.2125512540
0.4097874469 0.2125432968
0.4098299575 0.2125353211
0.4098724681 0.2125273267
0.4099149787 0.2125193137
0.4099574894 0.2125112821
0.4100000000 0.2125032317
0.4100000000 0.2085032317
0.4099574894 0.2085112821
0.4099149787 0.2085193137
0.4098724681 0.2085273267
0.4098299575 0.2085353211
0.4097874469 0.2085432968
0.4097449362 0.2085512540
0.4097024256 0.2085591927
0.4096599150 0.2085671129
0.4096174044 0.2085750146
0.4095748937 0.2085828978
0.4095323831 0.2085907626
0.4094898725 0.2085986091
0.4094473618 0.2086064371
0.4094048512 0.2086142469
0.4093623406 0.2086220384
0.4093198300 0.2086298116
0.4092773193 0.2086375665
0.4092348087 0.2086453033
0.4091922981 0.2086530219
0.4091497874 0.2086607223
0.4091072768 0.2086684046
0.4090647662 0.2086760688
0.4090222556 0.2086837150
0.4089797449 0.2086913431
0.4089372343 0.2086989533
0.4088947237 0.2087065455
0.4088522131 0.2087141197
0.4088097024 0.2087216760
0.4087671918 0.2087292145
0.4087246812 0.2087367351
0.4086821705 0.2087442378
0.4086396599 0.2087517228
0.4085971493 0.2087591901
0.4085546387 0.2087666395
0.4085121280 0.2087740713
0.4084696174 0.2087814854
0.4084271068 0.2087888819
0.4083845961 0.2087962608
0.4083420855 0.2088036220
0.4082995749 0.2088109657
0.4082570643 0.2088182919
0.4082145536 0.2088256006
0.4081720430 0.2088328918
0.4081295324 0.2088401656
0.4080870218 0.2088474219
0.4080445111 0.2088546609
0.4080020005 0.2088618825
0.4079594899 0.2088690868
0.4079169792 0.2088762738
0.4078744686 0.2088834435
0.4078319580 0.2088905960
0.4077894474 0.2088977313
0.4077469367 0.2089048494
0.4077044261 0.2089119503
0.4076619155 0.2089190341
0.4076194049 0.2089261009
0.4075768942 0.2089331505
0.4075343836 0.2089401831
0.4074918730 0.2089471987
0.4074493623 0.2089541974
0.4074068517 0.2089611790
0.4073643411 0.2089681438
0.4073218305 0.2089750916
0.4072793198 0.2089820226
0.4072368092 0.2089889367
0.4071942986 0.2089958341
0.4071517879 0.2090027146
0.4071092773 0.2090095784
0.4070667667 0.2090164254
0.4070242561 0.2090232558
0.4069817454 0.2090300695
0.4069392348 0.2090368665
0.4068967242 0.2090436470
0.4068542136 0.2090504108
0.4068117029 0.2090571581
0.4067691923 0.2090638889
0.4067266817 0.2090706031
0.4066841710 0.2090773009
0.4066416604 0.2090839822
0.4065991498 0.2090906471
0.4065566392 0.2090972956
0.4065141285 0.2091039278
0.4064716179 0.2091105436
0.4064291073 0.2091171431
0.4063865966 0.2091237264
0.4063440860 0.2091302933
0.4063015754 0.2091368441
0.4062590648 0.2091433786
0.4062165541 0.2091498970
0.4061740435 0.2091563993
0.4061315329 0.2091628854
0.4060890223 0.2091693554
0.4060465116 0.2091758094
0.4060040010 0.2091822473
0.4059614904 0.2091886693
0.4059189797 0.2091950752
0.4058764691 0.2092014652
0.4058339585 0.2092078393
0.4057914479 0.2092141975
0.4057489372 0.2092205398
0.4057064266 0.2092268663
0.4056639160 0.2092331769
0.4056214054 0.2092394718
0.4055788947 0.2092457509
0.4055363841 0.2092520143
0.4054938735 0.2092582619
0.4054513628 0.2092644939
0.4054088522 0.2092707102
0.4053663416 0.2092769109
0.4053238310 0.2092830960
0.4052813203 0.2092892656
0.4052388097 0.2092954195
0.4051962991 0.2093015580
0.4051537884 0.2093076810
0.4051112778 0.2093137885
0.4050687672 0.2093198805
0.4050262566 0.2093259572
0.4049837459 0.2093320185
0.4049412353 0.2093380644
0.4048987247 0.2093440949
0.4048562141 0.2093501102
0.4048137034 0.2093561102
0.4047711928 0.2093620949
0.4047286822 0.2093680644
0.4046861715 0.2093740187
0.4046436609 0.2093799578
0.4046011503 0.2093858818
0.4045586397 0.2093917907
0.4045161290 0.2093976844
0.4044736184 0.2094035631
0.4044311078 0.2094094268
0.4043885971 0.2094152754
0.4043460865 0.2094211090
0.4043035759 0.2094269277
0.4042610653 0.2094327314
0.4042185546 0.2094385203
0.4041760440 0.2094442942
0.4041335334 0.2094500533
0.4040910228 0.2094557975
0.4040485121 0.2094615269
0.4040060015 0.2094672416
0.4039634909 0.2094729415
0.4039209802 0.2094786266
0.4038784696 0.2094842971
0.4038359590 0.2094899528
0.4037934484 0.2094955940
0.4037509377 0.2095012204
0.4037084271 0.2095068323
0.4036659165 0.2095124296
0.4036234059 0.2095180124
0.4035808952 0.2095235806
0.4035383846 0.2095291343
0.4034958740 0.2095346736
0.4034533633 0.2095401984
0.4034108527 0.2095457088
0.4033683421 0.2095512047
0.4033258315 0.2095566863
0.4032833208 0.2095621536
0.4032408102 0.2095676065
0.4031982996 0.2095730451
0.4031557889 0.2095784695
0.4031132783 0.2095838796
0.4030707677 0.2095892755
0.4030282571 0.2095946572
0.4029857464 0.2096000247
0.4029432358 0.2096053781
0.4029007252 0.2096107173
0.4028582146 0.2096160425
0.4028157039 0.2096213536
0.4027731933 0.2096266506
0.4027306827 0.2096319336
0.4026881720 0.2096372027
0.4026456614 0.2096424577
0.4026031508 0.2096476988
0.4025606402 0.2096529260
0.4025181295 0.2096581392
0.4024756189 0.2096633386
0.4024331083 0.2096685242
0.4023905976 0.2096736959
0.4023480870 0.2096788539
0.4023055764 0.2096839980
0.4022630658 0.2096891284
0.4022205551 0.2096942451
0.4021780445 0.2096993481
0.4021355339 0.2097044374
0.4020930233 0.2097095131
0.4020505126 0.2097145751
0.4020080020 0.2097196235
0.4019654914 0.2097246584
0.4019229807 0.2097296797
0.4018804701 0.2097346874
0.4018379595 0.2097396817
0.4017954489 0.2097446624
0.4017529382 0.2097496298
0.4017104276 0.2097545837
0.4016679170 0.2097595241
0.4016254064 0.2097644512
0.4015828957 0.2097693650
0.4015403851 0.2097742653
0.4014978745 0.2097791524
0.4014553638 0.2097840262
0.4014128532 0.2097888868
0.4013703426 0.2097937340
0.4013278320 0.2097985681
0.4012853213 0.2098033890
0.4012428107 0.2098081967
0.4012003001 0.2098129913
0.4011577894 0.2098177727
0.4011152788 0.2098225411
0.4010727682 0.2098272963
0.4010302576 0.2098320386
0.4009877469 0.2098367678
0.4009452363 0.2098414840
0.4009027257 0.2098461872
0.4008602151 0.2098508774
0.4008177044 0.2098555548
0.4007751938 0.2098602192
0.4007326832 0.2098648707
0.4006901725 0.2098695094
0.4006476619 0.2098741352
0.4006051513 0.2098787482
0.4005626407 0.2098833485
0.4005201300 0.2098879359
0.4004776194 0.2098925106
0.4004351088 0.2098970726
0.4003925981 0.2099016219
0.4003500875 0.2099061586
0.4003075769 0.2099106825
0.4002650663 0.2099151939
0.4002225556 0.2099196926
0.4001800450 0.2099241788
0.4001375344 0.2099286524
0.4000950238 0.2099331134
0.4000525131 0.2099375620
0.4000100025 0.2099419980
0.3999674919 0.2099464216
0.3999249812 0.2099508328
0.3998824706 0.2099552315
0.3998399600 0.2099596178
0.3997974494 0.2099639918
0.3997549387 0.2099683534
0.3997124281 0.2099727026
0.3996699175 0.2099770396
0.3996274069 0.2099813643
0.3995848962 0.2099856767
0.3995423856 0.2099899769
0.3994998750 0.2099942648
0.3994573643 0.2099985406
0.3994148537 0.2100028042
0.3993723431 0.2100070556
0.3993298325 0.2100112949
0.3992873218 0.2100155221
0.3992448112 0.2100197373
0.3992023006 0.2100239403
0.3991597899 0.2100281314
0.3991172793 0.2100323104
0.3990747687 0.2100364774
0.3990322581 0.2100406325
0.3989897474 0.2100447756
0.3989472368 0.2100489068
0.3989047262 0.2100530261
0.3988622156 0.2100571335
0.3988197049 0.2100612290
0.3987771943 0.2100653127
0.3987346837 0.2100693846
0.3986921730 0.2100734447
0.3986496624 0.2100774930
0.3986071518 0.2100815296
0.3985646412 0.2100855545
0.3985221305 0.2100895676
0.3984796199 0.2100935691
0.3984371093 0.2100975589
0.3983945986 0.2101015371
0.3983520880 0.2101055036
0.3983095774 0.2101094586
0.3982670668 0.2101134020
0.3982245561 0.2101173338
0.3981820455 0.2101212541
0.3981395349 0.2101251629
0.3980970243 0.2101290602
0.3980545136 0.2101329460
0.3980120030 0.2101368204
0.3979694924 0.2101406834
0.3979269817 0.2101445350
0.3978844711 0.2101483752
0.3978419605 0.2101522040
0.3977994499 0.2101560215
0.3977569392 0.2101598277
0.3977144286 0.2101636226
0.3976719180 0.2101674062
0.3976294074 0.2101711786
0.3975868967 0.2101749398
0.3975443861 0.2101786897
0.3975018755 0.2101824284
0.3974593648 0.2101861560
0.3974168542 0.2101898725
0.3973743436 0.2101935778
0.3973318330 0.2101972720
0.3972893223 0.2102009551
0.3972468117 0.2102046272
0.3972043011 0.2102082883
0.3971617904 0.2102119383
0.3971192798 0.2102155773
0.3970767692 0.2102192054
0.3970342586 0.2102228225
0.3969917479 0.2102264286
0.3969492373 0.2102300239
0.3969067267 0.2102336082
0.3968642161 0.2102371817
0.3968217054 0.2102407443
0.3967791948 0.2102442961
0.3967366842 0.2102478371
0.3966941735 0.2102513673
0.3966516629 0.2102548868
0.3966091523 0.2102583955
0.3965666417 0.2102618934
0.3965241310 0.2102653807
0.3964816204 0.2102688573
0.3964391098 0.2102723232
0.3963965991 0.2102757784
0.3963540885 0.2102792231
0.3963115779 0.2102826571
0.3962690673 0.2102860806
0.3962265566 0.2102894935
0.3961840460 0.2102928958
0.3961415354 0.2102962876
0.3960990248 0.2102996690
0.3960565141 0.2103030398
0.3960140035 0.2103064002
0.3959714929 0.2103097501
0.3959289822 0.2103130897
0.3958864716 0.2103164188
0.3958439610 0.2103197375
0.3958014504 0.2103230459
0.3957589397 0.2103263440
0.3957164291 0.2103296317
0.3956739185 0.2103329091
0.3956314079 0.2103361763
0.3955888972 0.2103394331
0.3955463866 0.2103426798
0.3955038760 0.2103459162
0.3954613653 0.2103491424
0.3954188547 0.2103523585
0.3953763441 0.2103555643
0.3953338335 0.2103587601
0.3952913228 0.2103619457
0.3952488122 0.2103651212
0.3952063016 0.2103682867
0.3951637909 0.2103714420
0.3951212803 0.2103745874
0.3950787697 0.2103777227
0.3950362591 0.2103808480
0.3949937484 0.2103839633
0.3949512378 0.2103870687
0.3949087272 0.2103901641
0.3948662166 0.2103932496
0.3948237059 0.2103963251
0.3947811953 0.2103993908
0.3947386847 0.2104024467
0.3946961740 0.2104054926
0.3946536634 0.2104085288
0.3946111528 0.2104115551
0.3945686422 0.2104145717
0.3945261315 0.2104175785
0.3944836209 0.2104205755
0.3944411103 0.2104235628
0.3943985996 0.2104265404
0.3943560890 0.2104295083
0.3943135784 0.2104324665
0.3942710678 0.2104354151
0.3942285571 0.2104383540
0.3941860465 0.2104412833
0.3941435359 0.2104442031
0.3941010253 0.2104471132
0.3940585146 0.2104500138
0.3940160040 0.2104529048
0.3939734934 0.2104557863
0.3939309827 0.2104586583
0.3938884721 0.2104615209
0.3938459615 0.2104643739
0.3938034509 0.2104672175
0.3937609402 0.2104700517
0.3937184296 0.2104728765
0.3936759190 0.2104756919
0.3936334084 0.2104784979
0.3935908977 0.2104812945
0.3935483871 0.2104840819
0.3935058765 0.2104868599
0.3934633658 0.2104896286
0.3934208552 0.2104923880
0.3933783446 0.2104951382
0.3933358340 0.2104978791
0.3932933233 0.2105006108
0.3932508127 0.2105033333
0.3932083021 0.2105060466
0.3931657914 0.2105087508
0.3931232808 0.2105114458
0.3930807702 0.2105141316
0.3930382596 0.2105168084
0.3929957489 0.2105194760
0.3929532383 0.2105221346
0.3929107277 0.2105247841
0.3928682171 0.2105274246
0.3928257064 0.2105300561
0.3927831958 0.2105326785
0.3927406852 0.2105352920
0.3926981745 0.2105378965
0.3926556639 0.2105404920
0.3926131533 0.2105430787
0.3925706427 0.2105456564
0.3925281320 0.2105482252
0.3924856214 0.2105507851
0.3924431108 0.2105533362
0.3924006002 0.2105558784
0.3923580895 0.2105584118
0.3923155789 0.2105609364
0.3922730683 0.2105634522
0.3922305576 0.2105659592
0.3921880470 0.2105684575
0.3921455364 0.2105709470
0.3921030258 0.2105734279
0.3920605151 0.2105759000
0.3920180045 0.2105783635
0.3919754939 0.2105808182
0.3919329832 0.2105832644
0.3918904726 0.2105857019
0.3918479620 0.2105881308
0.3918054514 0.2105905511
0.3917629407 0.2105929628
0.3917204301 0.2105953660
0.3916779195 0.2105977606
0.3916354089 0.2106001467
0.3915928982 0.2106025243
0.3915503876 0.2106048934
0.3915078770 0.2106072540
0.3914653663 0.2106096062
0.3914228557 0.2106119499
0.3913803451 0.2106142852
0.3913378345 0.2106166121
0.3912953238 0.2106189306
0.3912528132 0.2106212408
0.3912103026 0.2106235426
0.3911677919 0.2106258361
0.3911252813 0.2106281212
0.3910827707 0.2106303981
0.3910402601 0.2106326666
0.3909977494 0.2106349269
0.3909552388 0.2106371790
0.3909127282 0.2106394228
0.3908702176 0.2106416584
0.3908277069 0.2106438858
0.3907851963 0.2106461050
0.3907426857 0.2106483160
0.3907001750 0.2106505190
0.3906576644 0.2106527137
0.3906151538 0.2106549004
0.3905726432 0.2106570789
0.3905301325 0.2106592494
0.3904876219 0.2106614118
0.3904451113 0.2106635662
0.3904026007 0.2106657125
0.3903600900 0.2106678509
0.3903175794 0.2106699812
0.3902750688 0.2106721035
0.3902325581 0.2106742179
0.3901900475 0.2106763243
0.3901475369 0.2106784228
0.3901050263 0.2106805134
0.3900625156 0.2106825961
0.3900200050 0.2106846709
0.3899774944 0.2106867378
0.3899349837 0.2106887969
0.3898924731 0.2106908481
0.3898499625 0.2106928916
0.3898074519 0.2106949272
0.3897649412 0.2106969550
0.3897224306 0.2106989751
0.3896799200 0.2107009874
0.3896374094 0.2107029920
0.3895948987 0.2107049889
0.3895523881 0.2107069781
0.3895098775 0.2107089595
0.3894673668 0.2107109334
0.3894248562 0.2107128995
0.3893823456 0.2107148580
0.3893398350 0.2107168089
0.3892973243 0.2107187522
0.3892548137 0.2107206879
0.3892123031 0.2107226160
0.3891697924 0.2107245365
0.3891272818 0.2107264495
0.3890847712 0.2107283550
0.3890422606 0.2107302530
0.3889997499 0.2107321434
0.3889572393 0.2107340264
0.3889147287 0.2107359020
0.3888722181 0.2107377700
0.3888297074 0.2107396307
0.3887871968 0.2107414839
0.3887446862 0.2107433297
0.3887021755 0.2107451681
0.3886596649 0.2107469992
0.3886171543 0.2107488229
0.3885746437 0.2107506393
0.3885321330 0.2107524483
0.3884896224 0.2107542501
0.3884471118 0.2107560445
0.3884046012 0.2107578317
0.3883620905 0.2107596116
0.3883195799 0.2107613842
0.3882770693 0.2107631496
0.3882345586 0.2107649078
0.3881920480 0.2107666588
0.3881495374 0.2107684026
0.3881070268 0.2107701393
0.3880645161 0.2107718688
0.3880220055 0.2107735911
0.3879794949 0.2107753063
0.3879369842 0.2107770145
0.3878944736 0.2107787155
0.3878519630 0.2107804094
0.3878094524 0.2107820963
0.3877669417 0.2107837761
0.3877244311 0.2107854489
0.3876819205 0.2107871147
0.3876394099 0.2107887734
0.3875968992 0.2107904252
0.3875543886 0.2107920700
0.3875118780 0.2107937078
0.3874693673 0.2107953387
0.3874268567 0.2107969627
0.3873843461 0.2107985797
0.3873418355 0.2108001899
0.3872993248 0.2108017931
0.3872568142 0.2108033895
0.3872143036 0.2108049791
0.3871717929 0.2108065617
0.3871292823 0.2108081376
0.3870867717 0.2108097067
0.3870442611 0.2108112689
0.3870017504 0.2108128244
0.3869592398 0.2108143731
0.3869167292 0.2108159150
0.3868742186 0.2108174503
0.3868317079 0.2108189787
0.3867891973 0.2108205005
0.3867466867 0.2108220156
0.3867041760 0.2108235240
0.3866616654 0.2108250257
0.3866191548 0.2108265208
0.3865766442 0.2108280092
0.3865341335 0.2108294910
0.3864916229 0.2108309662
0.3864491123 0.2108324349
0.3864066017 0.2108338969
0.3863640910 0.2108353523
0.3863215804 0.2108368012
0.3862790698 0.2108382436
0.3862365591 0.2108396795
0.3861940485 0.2108411088
0.3861515379 0.2108425316
0.3861090273 0.2108439480
0.3860665166 0.2108453579
0.3860240060 0.2108467613
0.3859814954 0.2108481583
0.3859389847 0.2108495489
0.3858964741 0.2108509330
0.3858539635 0.2108523108
0.3858114529 0.2108536821
0.3857689422 0.2108550471
0.3857264316 0.2108564058
0.3856839210 0.2108577581
0.3856414104 0.2108591041
0.3855988997 0.2108604437
0.3855563891 0.2108617771
0.3855138785 0.2108631042
0.3854713678 0.2108644249
0.3854288572 0.2108657395
0.3853863466 0.2108670478
0.3853438360 0.2108683498
0.3853013253 0.2108696457
0.3852588147 0.2108709353
0.3852163041 0.2108722187
0.3851737934 0.2108734960
0.3851312828 0.2108747671
0.3850887722 0.2108760320
0.3850462616 0.2108772908
0.3850037509 0.2108785435
0.3849612403 0.2108797901
0.3849187297 0.2108810306
0.3848762191 0.2108822650
0.3848337084 0.2108834933
0.3847911978 0.2108847155
0.3847486872 0.2108859318
0.3847061765 0.2108871419
0.3846636659 0.2108883461
0.3846211553 0.2108895443
0.3845786447 0.2108907364
0.3845361340 0.2108919226
0.3844936234 0.2108931029
0.3844511128 0.2108942771
0.3844086022 0.2108954455
0.3843660915 0.2108966079
0.3843235809 0.2108977644
0.3842810703 0.2108989150
0.3842385596 0.2109000597
0.3841960490 0.2109011985
0.3841535384 0.2109023315
0.3841110278 0.2109034586
0.3840685171 0.2109045799
0.3840260065 0.2109056954
0.3839834959 0.2109068051
0.3839409852 0.2109079090
0.3838984746 0.2109090070
0.3838559640 0.2109100994
0.3838134534 0.2109111859
0.3837709427 0.2109122667
0.3837284321 0.2109133418
0.3836859215 0.2109144112
0.3836434109 0.2109154748
0.3836009002 0.2109165328
0.3835583896 0.2109175851
0.3835158790 0.2109186317
0.3834733683 0.2109196726
0.3834308577 0.2109207080
0.3833883471 0.2109217376
0.3833458365 0.2109227617
0.3833033258 0.2109237802
0.3832608152 0.2109247930
0.3832183046 0.2109258003
0.3831757939 0.2109268020
0.3831332833 0.2109277982
0.3830907727 0.2109287888
0.3830482621 0.2109297739
0.3830057514 0.2109307534
0.3829632408 0.2109317275
0.3829207302 0.2109326960
0.3828782196 0.2109336591
0.3828357089 0.2109346167
0.3827931983 0.2109355689
0.3827506877 0.2109365156
0.3827081770 0.2109374569
0.3826656664 0.2109383927
0.3826231558 0.2109393232
0.3825806452 0.2109402482
0.3825381345 0.2109411679
0.3824956239 0.2109420821
0.3824531133 0.2109429911
0.3824106027 0.2109438946
0.3823680920 0.2109447929
0.3823255814 0.2109456858
0.3822830708 0.2109465734
0.3822405601 0.2109474557
0.3821980495 0.2109483327
0.3821555389 0.2109492044
0.3821130283 0.2109500709
0.3820705176 0.2109509321
0.3820280070 0.2109517881
0.3819854964 0.2109526388
0.3819429857 0.2109534844
0.3819004751 0.2109543247
0.3818579645 0.2109551598
0.3818154539 0.2109559898
0.3817729432 0.2109568145
0.3817304326 0.2109576341
0.3816879220 0.2109584486
0.3816454114 0.2109592579
0.3816029007 0.2109600621
0.3815603901 0.2109608612
0.3815178795 0.2109616552
0.3814753688 0.2109624441
0.3814328582 0.2109632279
0.3813903476 0.2109640067
0.3813478370 0.2109647803
0.3813053263 0.2109655490
0.3812628157 0.2109663126
0.3812203051 0.2109670712
0.3811777944 0.2109678248
0.3811352838 0.2109685734
0.3810927732 0.2109693170
0.3810502626 0.2109700556
0.3810077519 0.2109707892
0.3809652413 0.2109715179
0.3809227307 0.2109722417
0.3808802201 0.2109729605
0.3808377094 0.2109736744
0.3807951988 0.2109743834
0.3807526882 0.2109750875
0.3807101775 0.2109757867
0.3806676669 0.2109764811
0.3806251563 0.2109771705
0.3805826457 0.2109778551
0.3805401350 0.2109785349
0.3804976244 0.2109792099
0.3804551138 0.2109798800
0.3804126032 0.2109805453
0.3803700925 0.2109812058
0.3803275819 0.2109818615
0.3802850713 0.2109825125
0.3802425606 0.2109831586
0.3802000500 0.2109838001
0.3801575394 0.2109844367
0.3801150288 0.2109850687
0.3800725181 0.2109856959
0.3800300075 0.2109863184
0.3799874969 0.2109869362
0.3799449862 0.2109875493
0.3799024756 0.2109881578
0.3798599650 0.2109887615
0.3798174544 0.2109893606
0.3797749437 0.2109899551
0.3797324331 0.2109905449
0.3796899225 0.2109911301
0.3796474119 0.2109917107
0.3796049012 0.2109922867
0.3795623906 0.2109928580
0.3795198800 0.2109934248
0.3794773693 0.2109939870
0.3794348587 0.2109945447
0.3793923481 0.2109950978
0.3793498375 0.2109956463
0.3793073268 0.2109961904
0.3792648162 0.2109967299
0.3792223056 0.2109972648
0.3791797949 0.2109977953
0.3791372843 0.2109983213
0.3790947737 0.2109988428
0.3790522631 0.2109993599
0.3790097524 0.2109998724
0.3789672418 0.2110003806
0.3789247312 0.2110008842
0.3788822206 0.2110013835
0.3788397099 0.2110018783
0.3787971993 0.2110023688
0.3787546887 0.2110028548
0.3787121780 0.2110033364
0.3786696674 0.2110038137
0.3786271568 0.2110042866
0.3785846462 0.2110047551
0.3785421355 0.2110052192
0.3784996249 0.2110056791
0.3784571143 0.2110061346
0.3784146037 0.2110065858
0.3783720930 0.2110070326
0.3783295824 0.2110074752
0.3782870718 0.2110079135
0.3782445611 0.2110083475
0.3782020505 0.2110087772
0.3781595399 0.2110092027
0.3781170293 0.2110096239
0.3780745186 0.2110100409
0.3780320080 0.2110104536
0.3779894974 0.2110108621
0.3779469867 0.2110112664
0.3779044761 0.2110116665
0.3778619655 0.2110120624
0.3778194549 0.2110124542
0.3777769442 0.2110128417
0.3777344336 0.2110132251
0.3776919230 0.2110136043
0.3776494124 0.2110139794
0.3776069017 0.2110143504
0.3775643911 0.2110147172
0.3775218805 0.2110150799
0.3774793698 0.2110154385
0.3774368592 0.2110157930
0.3773943486 0.2110161434
0.3773518380 0.2110164897
0.3773093273 0.2110168320
0.3772668167 0.2110171702
0.3772243061 0.2110175044
0.3771817954 0.2110178345
0.3771392848 0.2110181605
0.3770967742 0.2110184826
0.3770542636 0.2110188006
0.3770117529 0.2110191147
0.3769692423 0.2110194247
0.3769267317 0.2110197308
0.3768842211 0.2110200328
0.3768417104 0.2110203309
0.3767991998 0.2110206251
0.3767566892 0.2110209153
0.3767141785 0.2110212015
0.3766716679 0.2110214839
0.3766291573 0.2110217622
0.3765866467 0.2110220367
0.3765441360 0.2110223073
0.3765016254 0.2110225740
0.3764591148 0.2110228368
0.3764166042 0.2110230957
0.3763740935 0.2110233508
0.3763315829 0.2110236019
0.3762890723 0.2110238493
0.3762465616 0.2110240928
0.3762040510 0.2110243324
0.3761615404 0.2110245683
0.3761190298 0.2110248003
0.3760765191 0.2110250285
0.3760340085 0.2110252529
0.3759914979 0.2110254735
0.3759489872 0.2110256904
0.3759064766 0.2110259034
0.3758639660 0.2110261127
0.3758214554 0.2110263183
0.3757789447 0.2110265201
0.3757364341 0.2110267181
0.3756939235 0.2110269125
0.3756514129 0.2110271031
0.3756089022 0.2110272900
0.3755663916 0.2110274732
0.3755238810 0.2110276527
0.3754813703 0.2110278285
0.3754388597 0.2110280006
0.3753963491 0.2110281691
0.3753538385 0.2110283339
0.3753113278 0.2110284950
0.3752688172 0.2110286525
0.3752263066 0.2110288064
0.3751837959 0.2110289566
0.3751412853 0.2110291033
0.3750987747 0.2110292463
0.3750562641 0.2110293857
0.3750137534 0.2110295215
0.3749712428 0.2110296537
0.3749287322 0.2110297823
0.3748862216 0.2110299074
0.3748437109 0.2110300289
0.3748012003 0.2110301468
0.3747586897 0.2110302613
0.3747161790 0.2110303721
0.3746736684 0.2110304795
0.3746311578 0.2110305833
0.3745886472 0.2110306836
0.3745461365 0.2110307804
0.3745036259 0.2110308737
0.3744611153 0.2110309635
0.3744186047 0.2110310498
0.3743760940 0.2110311326
0.3743335834 0.2110312120
0.3742910728 0.2110312880
0.3742485621 0.2110313604
0.3742060515 0.2110314295
0.3741635409 0.2110314951
0.3741210303 0.2110315572
0.3740785196 0.2110316160
0.3740360090 0.2110316713
0.3739934984 0.2110317233
0.3739509877 0.2110317718
0.3739084771 0.2110318170
0.3738659665 0.2110318587
0.3738234559 0.2110318971
0.3737809452 0.2110319322
0.3737384346 0.2110319639
0.3736959240 0.2110319922
0.3736534134 0.2110320172
0.3736109027 0.2110320388
0.3735683921 0.2110320572
0.3735258815 0.2110320722
0.3734833708 0.2110320839
0.3734408602 0.2110320922
0.3733983496 0.2110320973
0.3733558390 0.2110320991
0.3733133283 0.2110320977
0.3732708177 0.2110320929
0.3732283071 0.2110320849
0.3731857964 0.2110320736
0.3731432858 0.2110320591
0.3731007752 0.2110320413
0.3730582646 0.2110320203
0.3730157539 0.2110319960
0.3729732433 0.2110319686
0.3729307327 0.2110319379
0.3728882221 0.2110319040
0.3728457114 0.2110318669
0.3728032008 0.2110318266
0.3727606902 0.2110317832
0.3727181795 0.2110317365
0.3726756689 0.2110316867
0.3726331583 0.2110316337
0.3725906477 0.2110315775
0.3725481370 0.2110315182
0.3725056264 0.2110314558
0.3724631158 0.2110313902
0.3724206052 0.2110313215
0.3723780945 0.2110312497
0.3723355839 0.2110311747
0.3722930733 0.2110310967
0.3722505626 0.2110310155
0.3722080520 0.2110309312
0.3721655414 0.2110308439
0.3721230308 0.2110307535
0.3720805201 0.2110306600
0.3720380095 0.2110305634
0.3719954989 0.2110304638
0.3719529882 0.2110303611
0.3719104776 0.2110302554
0.3718679670 0.2110301466
0.3718254564 0.2110300348
0.3717829457 0.2110299200
0.3717404351 0.2110298021
0.3716979245 0.2110296813
0.3716554139 0.2110295574
0.3716129032 0.2110294305
0.3715703926 0.2110293007
0.3715278820 0.2110291678
0.3714853713 0.2110290320
0.3714428607 0.2110288932
0.3714003501 0.2110287514
0.3713578395 0.2110286067
0.3713153288 0.2110284590
0.3712728182 0.2110283084
0.3712303076 0.2110281548
0.3711877969 0.2110279983
0.3711452863 0.2110278389
0.3711027757 0.2110276765
0.3710602651 0.2110275113
0.3710177544 0.2110273431
0.3709752438 0.2110271720
0.3709327332 0.2110269981
0.3708902226 0.2110268212
0.3708477119 0.2110266415
0.3708052013 0.2110264588
0.3707626907 0.2110262734
0.3707201800 0.2110260850
0.3706776694 0.2110258938
0.3706351588 0.2110256997
0.3705926482 0.2110255028
0.3705501375 0.2110253031
0.3705076269 0.2110251005
0.3704651163 0.2110248951
0.3704226057 0.2110246869
0.3703800950 0.2110244758
0.3703375844 0.2110242620
0.3702950738 0.2110240454
0.3702525631 0.2110238259
0.3702100525 0.2110236037
0.3701675419 0.2110233787
0.3701250313 0.2110231509
0.3700825206 0.2110229203
0.3700400100 0.2110226870
0.3699974994 0.2110224509
0.3699549887 0.2110222120
0.3699124781 0.2110219704
0.3698699675 0.2110217261
0.3698274569 0.2110214790
0.3697849462 0.2110212292
0.3697424356 0.2110209767
0.3696999250 0.2110207215
0.3696574144 0.2110204635
0.3696149037 0.2110202029
0.3695723931 0.2110199395
0.3695298825 0.2110196734
0.3694873718 0.2110194047
0.3694448612 0.2110191333
0.3694023506 0.2110188591
0.3693598400 0.2110185824
0.3693173293 0.2110183029
0.3692748187 0.2110180208
0.3692323081 0.2110177360
0.3691897974 0.2110174486
0.3691472868 0.2110171586
0.3691047762 0.2110168659
0.3690622656 0.2110165705
0.3690197549 0.2110162726
0.3689772443 0.2110159720
0.3689347337 0.2110156688
0.3688922231 0.2110153630
0.3688497124 0.2110150546
0.3688072018 0.2110147436
0.3687646912 0.2110144300
0.3687221805 0.2110141138
0.3686796699 0.2110137950
0.3686371593 0.2110134737
0.3685946487 0.2110131497
0.3685521380 0.2110128232
0.3685096274 0.2110124942
0.3684671168 0.2110121626
0.3684246062 0.2110118284
0.3683820955 0.2110114917
0.3683395849 0.2110111524
0.3682970743 0.2110108107
0.3682545636 0.2110104663
0.3682120530 0.2110101195
0.3681695424 0.2110097701
0.3681270318 0.2110094183
0.3680845211 0.2110090639
0.3680420105 0.2110087070
0.3679994999 0.2110083476
0.3679569892 0.2110079857
0.3679144786 0.2110076213
0.3678719680 0.2110072545
0.3678294574 0.2110068852
0.3677869467 0.2110065134
0.3677444361 0.2110061391
0.3677019255 0.2110057623
0.3676594149 0.2110053831
0.3676169042 0.2110050015
0.3675743936 0.2110046174
0.3675318830 0.2110042308
0.3674893723 0.2110038419
0.3674468617 0.2110034504
0.3674043511 0.2110030566
0.3673618405 0.2110026603
0.3673193298 0.2110022616
0.3672768192 0.2110018605
0.3672343086 0.2110014570
0.3671917979 0.2110010511
0.3671492873 0.2110006428
0.3671067767 0.2110002320
0.3670642661 0.2109998189
0.3670217554 0.2109994035
0.3669792448 0.2109989856
0.3669367342 0.2109985653
0.3668942236 0.2109981427
0.3668517129 0.2109977177
0.3668092023 0.2109972904
0.3667666917 0.2109968607
0.3667241810 0.2109964286
0.3666816704 0.2109959942
0.3666391598 0.2109955574
0.3665966492 0.2109951183
0.3665541385 0.2109946769
0.3665116279 0.2109942332
0.3664691173 0.2109937871
0.3664266067 0.2109933387
0.3663840960 0.2109928879
0.3663415854 0.2109924349
0.3662990748 0.2109919796
0.3662565641 0.2109915219
0.3662140535 0.2109910620
0.3661715429 0.2109905997
0.3661290323 0.2109901352
0.3660865216 0.2109896684
0.3660440110 0.2109891993
0.3660015004 0.2109887279
0.3659589897 0.2109882543
0.3659164791 0.2109877783
0.3658739685 0.2109873002
0.3658314579 0.2109868197
0.3657889472 0.2109863370
0.3657464366 0.2109858521
0.3657039260 0.2109853649
0.3656614154 0.2109848754
0.3656189047 0.2109843838
0.3655763941 0.2109838899
0.3655338835 0.2109833937
0.3654913728 0.2109828953
0.3654488622 0.2109823947
0.3654063516 0.2109818919
0.3653638410 0.2109813869
0.3653213303 0.2109808797
0.3652788197 0.2109803702
0.3652363091 0.2109798586
0.3651937984 0.2109793447
0.3651512878 0.2109788287
0.3651087772 0.2109783105
0.3650662666 0.2109777901
0.3650237559 0.2109772675
0.3649812453 0.2109767427
0.3649387347 0.2109762158
0.3648962241 0.2109756866
0.3648537134 0.2109751554
0.3648112028 0.2109746219
0.3647686922 0.2109740863
0.3647261815 0.2109735485
0.3646836709 0.2109730086
0.3646411603 0.2109724666
0.3645986497 0.2109719224
0.3645561390 0.2109713760
0.3645136284 0.2109708275
0.3644711178 0.2109702769
0.3644286072 0.2109697242
0.3643860965 0.2109691693
0.3643435859 0.2109686123
0.3643010753 0.2109680532
0.3642585646 0.2109674920
0.3642160540 0.2109669287
0.3641735434 0.2109663632
0.3641310328 0.2109657957
0.3640885221 0.2109652261
0.3640460115 0.2109646543
0.3640035009 0.2109640805
0.3639609902 0.2109635046
0.3639184796 0.2109629266
0.3638759690 0.2109623465
0.3638334584 0.2109617644
0.3637909477 0.2109611801
0.3637484371 0.2109605938
0.3637059265 0.2109600054
0.3636634159 0.2109594150
0.3636209052 0.2109588225
0.3635783946 0.2109582280
0.3635358840 0.2109576313
0.3634933733 0.2109570327
0.3634508627 0.2109564320
0.3634083521 0.2109558292
0.3633658415 0.2109552244
0.3633233308 0.2109546176
0.3632808202 0.2109540087
0.3632383096 0.2109533978
0.3631957989 0.2109527849
0.3631532883 0.2109521700
0.3631107777 0.2109515530
0.3630682671 0.2109509340
0.3630257564 0.2109503130
0.3629832458 0.2109496900
0.3629407352 0.2109490650
0.3628982246 0.2109484380
0.3628557139 0.2109478089
0.3628132033 0.2109471779
0.3627706927 0.2109465449
0.3627281820 0.2109459099
0.3626856714 0.2109452729
0.3626431608 0.2109446339
0.3626006502 0.2109439929
0.3625581395 0.2109433499
0.3625156289 0.2109427050
0.3624731183 0.2109420581
0.3624306077 0.2109414092
0.3623880970 0.2109407584
0.3623455864 0.2109401055
0.3623030758 0.2109394508
0.3622605651 0.2109387940
0.3622180545 0.2109381353
0.3621755439 0.2109374747
0.3621330333 0.2109368121
0.3620905226 0.2109361475
0.3620480120 0.2109354811
0.3620055014 0.2109348126
0.3619629907 0.2109341422
0.3619204801 0.2109334699
0.3618779695 0.2109327957
0.3618354589 0.2109321195
0.3617929482 0.2109314414
0.3617504376 0.2109307614
0.3617079270 0.2109300794
0.3616654164 0.2109293955
0.3616229057 0.2109287098
0.3615803951 0.2109280220
0.3615378845 0.2109273324
0.3614953738 0.2109266409
0.3614528632 0.2109259475
0.3614103526 0.2109252521
0.3613678420 0.2109245549
0.3613253313 0.2109238557
0.3612828207 0.2109231547
0.3612403101 0.2109224518
0.3611977994 0.2109217469
0.3611552888 0.2109210402
0.3611127782 0.2109203316
0.3610702676 0.2109196211
0.3610277569 0.2109189088
0.3609852463 0.2109181945
0.3609427357 0.2109174784
0.3609002251 0.2109167604
0.3608577144 0.2109160406
0.3608152038 0.2109153188
0.3607726932 0.2109145952
0.3607301825 0.2109138697
0.3606876719 0.2109131424
0.3606451613 0.2109124132
0.3606026507 0.2109116822
0.3605601400 0.2109109493
0.3605176294 0.2109102145
0.3604751188 0.2109094779
0.3604326082 0.2109087395
0.3603900975 0.2109079992
0.3603475869 0.2109072570
0.3603050763 0.2109065130
0.3602625656 0.2109057672
0.3602200550 0.2109050195
0.3601775444 0.2109042700
0.3601350338 0.2109035187
0.3600925231 0.2109027655
0.3600500125 0.2109020106
0.3600075019 0.2109012537
0.3599649912 0.2109004951
0.3599224806 0.2108997346
0.3598799700 0.2108989724
0.3598374594 0.2108982083
0.3597949487 0.2108974423
0.3597524381 0.2108966746
0.3597099275 0.2108959051
0.3596674169 0.2108951337
0.3596249062 0.2108943606
0.3595823956 0.2108935856
0.3595398850 0.2108928088
0.3594973743 0.2108920303
0.3594548637 0.2108912499
0.3594123531 0.2108904677
0.3593698425 0.2108896838
0.3593273318 0.2108888980
0.3592848212 0.2108881105
0.3592423106 0.2108873211
0.3591997999 0.2108865300
0.3591572893 0.2108857371
0.3591147787 0.2108849424
0.3590722681 0.2108841459
0.3590297574 0.2108833476
0.3589872468 0.2108825476
0.3589447362 0.2108817458
0.3589022256 0.2108809422
0.3588597149 0.2108801368
0.3588172043 0.2108793297
0.3587746937 0.2108785208
0.3587321830 0.2108777101
0.3586896724 0.2108768976
0.3586471618 0.2108760834
0.3586046512 0.2108752674
0.3585621405 0.2108744497
0.3585196299 0.2108736302
0.3584771193 0.2108728089
0.3584346087 0.2108719859
0.3583920980 0.2108711612
0.3583495874 0.2108703346
0.3583070768 0.2108695064
0.3582645661 0.2108686763
0.3582220555 0.2108678445
0.3581795449 0.2108670110
0.3581370343 0.2108661758
0.3580945236 0.2108653387
0.3580520130 0.2108645000
0.3580095024 0.2108636595
0.3579669917 0.2108628172
0.3579244811 0.2108619732
0.3578819705 0.2108611275
0.3578394599 0.2108602801
0.3577969492 0.2108594309
0.3577544386 0.2108585800
0.3577119280 0.2108577273
0.3576694174 0.2108568729
0.3576269067 0.2108560168
0.3575843961 0.2108551590
0.3575418855 0.2108542994
0.3574993748 0.2108534381
0.3574568642 0.2108525751
0.3574143536 0.2108517103
0.3573718430 0.2108508439
0.3573293323 0.2108499757
0.3572868217 0.2108491058
0.3572443111 0.2108482342
0.3572018005 0.2108473609
0.3571592898 0.2108464858
0.3571167792 0.2108456090
0.3570742686 0.2108447306
0.3570317579 0.2108438504
0.3569892473 0.2108429685
0.3569467367 0.2108420849
0.3569042261 0.2108411996
0.3568617154 0.2108403125
0.3568192048 0.2108394238
0.3567766942 0.2108385334
0.3567341835 0.2108376412
0.3566916729 0.2108367474
0.3566491623 0.2108358519
0.3566066517 0.2108349546
0.3565641410 0.2108340557
0.3565216304 0.2108331550
0.3564791198 0.2108322527
0.3564366092 0.2108313487
0.3563940985 0.2108304429
0.3563515879 0.2108295355
0.3563090773 0.2108286264
0.3562665666 0.2108277156
0.3562240560 0.2108268031
0.3561815454 0.2108258889
0.3561390348 0.2108249730
0.3560965241 0.2108240554
0.3560540135 0.2108231362
0.3560115029 0.2108222152
0.3559689922 0.2108212926
0.3559264816 0.2108203683
0.3558839710 0.2108194423
0.3558414604 0.2108185146
0.3557989497 0.2108175852
0.3557564391 0.2108166542
0.3557139285 0.2108157214
0.3556714179 0.2108147870
0.3556289072 0.2108138509
0.3555863966 0.2108129131
0.3555438860 0.2108119737
0.3555013753 0.2108110325
0.3554588647 0.2108100897
0.3554163541 0.2108091452
0.3553738435 0.2108081991
0.3553313328 0.2108072512
0.3552888222 0.2108063017
0.3552463116 0.2108053505
0.3552038010 0.2108043977
0.3551612903 0.2108034431
0.3551187797 0.2108024869
0.3550762691 0.2108015290
0.3550337584 0.2108005695
0.3549912478 0.2107996083
0.3549487372 0.2107986454
0.3549062266 0.2107976808
0.3548637159 0.2107967146
0.3548212053 0.2107957467
0.3547786947 0.2107947771
0.3547361840 0.2107938059
0.3546936734 0.2107928330
0.3546511628 0.2107918584
0.3546086522 0.2107908822
0.3545661415 0.2107899043
0.3545236309 0.2107889247
0.3544811203 0.2107879435
0.3544386097 0.2107869606
0.3543960990 0.2107859760
0.3543535884 0.2107849898
0.3543110778 0.2107840019
0.3542685671 0.2107830123
0.3542260565 0.2107820211
0.3541835459 0.2107810282
0.3541410353 0.2107800337
0.3540985246 0.2107790375
0.3540560140 0.2107780396
0.3540135034 0.2107770401
0.3539709927 0.2107760389
0.3539284821 0.2107750361
0.3538859715 0.2107740316
0.3538434609 0.2107730254
0.3538009502 0.2107720176
0.3537584396 0.2107710081
0.3537159290 0.2107699969
0.3536734184 0.2107689841
0.3536309077 0.2107679696
0.3535883971 0.2107669535
0.3535458865 0.2107659357
0.3535033758 0.2107649163
0.3534608652 0.2107638952
0.3534183546 0.2107628724
0.3533758440 0.2107618480
0.3533333333 0.2107608219
0.3532908227 0.2107597942
0.3532483121 0.2107587648
0.3532058015 0.2107577337
0.3531632908 0.2107567010
0.3531207802 0.2107556666
0.3530782696 0.2107546306
0.3530357589 0.2107535929
0.3529932483 0.2107525536
0.3529507377 0.2107515125
0.3529082271 0.2107504699
0.3528657164 0.2107494256
0.3528232058 0.2107483796
0.3527806952 0.2107473319
0.3527381845 0.2107462826
0.3526956739 0.2107452317
0.3526531633 0.2107441790
0.3526106527 0.2107431248
0.3525681420 0.2107420688
0.3525256314 0.2107410112
0.3524831208 0.2107399520
0.3524406102 0.2107388910
0.3523980995 0.2107378285
0.3523555889 0.2107367642
0.3523130783 0.2107356983
0.3522705676 0.2107346308
0.3522280570 0.2107335616
0.3521855464 0.2107324907
0.3521430358 0.2107314181
0.3521005251 0.2107303439
0.3520580145 0.2107292681
0.3520155039 0.2107281905
0.3519729932 0.2107271114
0.3519304826 0.2107260305
0.3518879720 0.2107249480
0.3518454614 0.2107238638
0.3518029507 0.2107227780
0.3517604401 0.2107216905
0.3517179295 0.2107206013
0.3516754189 0.2107195105
0.3516329082 0.2107184179
0.3515903976 0.2107173238
0.3515478870 0.2107162280
0.3515053763 0.2107151305
0.3514628657 0.2107140313
0.3514203551 0.2107129305
0.3513778445 0.2107118280
0.3513353338 0.2107107238
0.3512928232 0.2107096180
0.3512503126 0.2107085104
0.3512078020 0.2107074013
0.3511652913 0.2107062904
0.3511227807 0.2107051779
0.3510802701 0.2107040637
0.3510377594 0.2107029479
0.3509952488 0.2107018303
0.3509527382 0.2107007111
0.3509102276 0.2106995903
0.3508677169 0.2106984677
0.3508252063 0.2106973435
0.3507826957 0.2106962176
0.3507401850 0.2106950900
0.3506976744 0.2106939608
0.3506551638 0.2106928298
0.3506126532 0.2106916972
0.3505701425 0.2106905629
0.3505276319 0.2106894270
0.3504851213 0.2106882893
0.3504426107 0.2106871500
0.3504001000 0.2106860090
0.3503575894 0.2106848663
0.3503150788 0.2106837220
0.3502725681 0.2106825759
0.3502300575 0.2106814282
0.3501875469 0.2106802788
0.3501450363 0.2106791276
0.3501025256 0.2106779749
0.3500600150 0.2106768204
0.3500175044 0.2106756642
0.3499749937 0.2106745064
0.3499324831 0.2106733468
0.3498899725 0.2106721856
0.3498474619 0.2106710227
0.3498049512 0.2106698580
0.3497624406 0.2106686917
0.3497199300 0.2106675237
0.3496774194 0.2106663540
0.3496349087 0.2106651826
0.3495923981 0.2106640096
0.3495498875 0.2106628348
0.3495073768 0.2106616583
0.3494648662 0.2106604801
0.3494223556 0.2106593002
0.3493798450 0.2106581186
0.3493373343 0.2106569354
0.3492948237 0.2106557504
0.3492523131 0.2106545637
0.3492098025 0.2106533753
0.3491672918 0.2106521852
0.3491247812 0.2106509934
0.3490822706 0.2106497999
0.3490397599 0.2106486046
0.3489972493 0.2106474077
0.3489547387 0.2106462091
0.3489122281 0.2106450087
0.3488697174 0.2106438066
0.3488272068 0.2106426028
0.3487846962 0.2106413973
0.3487421855 0.2106401901
0.3486996749 0.2106389812
0.3486571643 0.2106377705
0.3486146537 0.2106365582
0.3485721430 0.2106353441
0.3485296324 0.2106341283
0.3484871218 0.2106329107
0.3484446112 0.2106316915
0.3484021005 0.2106304705
0.3483595899 0.2106292478
0.3483170793 0.2106280233
0.3482745686 0.2106267972
0.3482320580 0.2106255693
0.3481895474 0.2106243396
0.3481470368 0.2106231083
0.3481045261 0.2106218752
0.3480620155 0.2106206403
0.3480195049 0.2106194038
0.3479769942 0.2106181654
0.3479344836 0.2106169254
0.3478919730 0.2106156836
0.3478494624 0.2106144401
0.3478069517 0.2106131948
0.3477644411 0.2106119478
0.3477219305 0.2106106990
0.3476794199 0.2106094485
0.3476369092 0.2106081963
0.3475943986 0.2106069423
0.3475518880 0.2106056865
0.3475093773 0.2106044290
0.3474668667 0.2106031697
0.3474243561 0.2106019087
0.3473818455 0.2106006459
0.3473393348 0.2105993814
0.3472968242 0.2105981151
0.3472543136 0.2105968470
0.3472118030 0.2105955772
0.3471692923 0.2105943056
0.3471267817 0.2105930323
0.3470842711 0.2105917572
0.3470417604 0.2105904803
0.3469992498 0.2105892016
0.3469567392 0.2105879212
0.3469142286 0.2105866390
0.3468717179 0.2105853550
0.3468292073 0.2105840693
0.3467866967 0.2105827818
0.3467441860 0.2105814925
0.3467016754 0.2105802014
0.3466591648 0.2105789085
0.3466166542 0.2105776139
0.3465741435 0.2105763174
0.3465316329 0.2105750192
0.3464891223 0.2105737192
0.3464466117 0.2105724174
0.3464041010 0.2105711138
0.3463615904 0.2105698084
0.3463190798 0.2105685012
0.3462765691 0.2105671922
0.3462340585 0.2105658815
0.3461915479 0.2105645689
0.3461490373 0.2105632545
0.3461065266 0.2105619383
0.3460640160 0.2105606203
0.3460215054 0.2105593005
0.3459789947 0.2105579789
0.3459364841 0.2105566555
0.3458939735 0.2105553303
0.3458514629 0.2105540033
0.3458089522 0.2105526744
0.3457664416 0.2105513437
0.3457239310 0.2105500112
0.3456814204 0.2105486769
0.3456389097 0.2105473408
0.3455963991 0.2105460028
0.3455538885 0.2105446630
0.3455113778 0.2105433214
0.3454688672 0.2105419780
0.3454263566 0.2105406327
0.3453838460 0.2105392856
0.3453413353 0.2105379366
0.3452988247 0.2105365859
0.3452563141 0.2105352332
0.3452138035 0.2105338788
0.3451712928 0.2105325225
0.3451287822 0.2105311643
0.3450862716 0.2105298043
0.3450437609 0.2105284425
0.3450012503 0.2105270788
0.3449587397 0.2105257132
0.3449162291 0.2105243458
0.3448737184 0.2105229766
0.3448312078 0.2105216055
0.3447886972 0.2105202325
0.3447461865 0.2105188576
0.3447036759 0.2105174809
0.3446611653 0.2105161024
0.3446186547 0.2105147219
0.3445761440 0.2105133396
0.3445336334 0.2105119554
0.3444911228 0.2105105694
0.3444486122 0.2105091814
0.3444061015 0.2105077916
0.3443635909 0.2105063999
0.3443210803 0.2105050064
0.3442785696 0.2105036109
0.3442360590 0.2105022136
0.3441935484 0.2105008143
0.3441510378 0.2104994132
0.3441085271 0.2104980102
0.3440660165 0.2104966053
0.3440235059 0.2104951985
0.3439809952 0.2104937898
0.3439384846 0.2104923791
0.3438959740 0.2104909666
0.3438534634 0.2104895522
0.3438109527 0.2104881359
0.3437684421 0.2104867176
0.3437259315 0.2104852975
0.3436834209 0.2104838754
0.3436409102 0.2104824515
0.3435983996 0.2104810256
0.3435558890 0.2104795977
0.3435133783 0.2104781680
0.3434708677 0.2104767363
0.3434283571 0.2104753027
0.3433858465 0.2104738672
0.3433433358 0.2104724298
0.3433008252 0.2104709904
0.3432583146 0.2104695490
0.3432158040 0.2104681058
0.3431732933 0.2104666606
0.3431307827 0.2104652134
0.3430882721 0.2104637643
0.3430457614 0.2104623133
0.3430032508 0.2104608603
0.3429607402 0.2104594053
0.3429182296 0.2104579484
0.3428757189 0.2104564896
0.3428332083 0.2104550288
0.3427906977 0.2104535660
0.3427481870 0.2104521012
0.3427056764 0.2104506345
0.3426631658 0.2104491658
0.3426206552 0.2104476952
0.3425781445 0.2104462226
0.3425356339 0.2104447480
0.3424931233 0.2104432714
0.3424506127 0.2104417928
0.3424081020 0.2104403123
0.3423655914 0.2104388297
0.3423230808 0.2104373452
0.3422805701 0.2104358587
0.3422380595 0.2104343702
0.3421955489 0.2104328797
0.3421530383 0.2104313872
0.3421105276 0.2104298927
0.3420680170 0.2104283962
0.3420255064 0.2104268977
0.3419829957 0.2104253972
0.3419404851 0.2104238947
0.3418979745 0.2104223902
0.3418554639 0.2104208836
0.3418129532 0.2104193750
0.3417704426 0.2104178645
0.3417279320 0.2104163518
0.3416854214 0.2104148372
0.3416429107 0.2104133205
0.3416004001 0.2104118019
0.3415578895 0.2104102811
0.3415153788 0.2104087584
0.3414728682 0.2104072336
0.3414303576 0.2104057067
0.3413878470 0.2104041778
0.3413453363 0.2104026469
0.3413028257 0.2104011139
0.3412603151 0.2103995789
0.3412178045 0.2103980418
0.3411752938 0.2103965027
0.3411327832 0.2103949615
0.3410902726 0.2103934182
0.3410477619 0.2103918729
0.3410052513 0.2103903255
0.3409627407 0.2103887760
0.3409202301 0.2103872245
0.3408777194 0.2103856708
0.3408352088 0.2103841152
0.3407926982 0.2103825574
0.3407501875 0.2103809975
0.3407076769 0.2103794356
0.3406651663 0.2103778716
0.3406226557 0.2103763054
0.3405801450 0.2103747372
0.3405376344 0.2103731669
0.3404951238 0.2103715945
0.3404526132 0.2103700200
0.3404101025 0.2103684434
0.3403675919 0.2103668647
0.3403250813 0.2103652838
0.3402825706 0.2103637009
0.3402400600 0.2103621158
0.3401975494 0.2103605286
0.3401550388 0.2103589393
0.3401125281 0.2103573479
0.3400700175 0.2103557543
0.3400275069 0.2103541586
0.3399849962 0.2103525608
0.3399424856 0.2103509609
0.3398999750 0.2103493588
0.3398574644 0.2103477545
0.3398149537 0.2103461482
0.3397724431 0.2103445396
0.3397299325 0.2103429289
0.3396874219 0.2103413161
0.3396449112 0.2103397011
0.3396024006 0.2103380840
0.3395598900 0.2103364647
0.3395173793 0.2103348432
0.3394748687 0.2103332196
0.3394323581 0.2103315938
0.3393898475 0.2103299658
0.3393473368 0.2103283356
0.3393048262 0.2103267033
0.3392623156 0.2103250688
0.3392198050 0.2103234321
0.3391772943 0.2103217932
0.3391347837 0.2103201521
0.3390922731 0.2103185088
0.3390497624 0.2103168634
0.3390072518 0.2103152157
0.3389647412 0.2103135658
0.3389222306 0.2103119138
0.3388797199 0.2103102595
0.3388372093 0.2103086030
0.3387946987 0.2103069443
0.3387521880 0.2103052833
0.3387096774 0.2103036202
0.3386671668 0.2103019548
0.3386246562 0.2103002872
0.3385821455 0.2102986174
0.3385396349 0.2102969453
0.3384971243 0.2102952710
0.3384546137 0.2102935945
0.3384121030 0.2102919157
0.3383695924 0.2102902347
0.3383270818 0.2102885514
0.3382845711 0.2102868659
0.3382420605 0.2102851781
0.3381995499 0.2102834881
0.3381570393 0.2102817958
0.3381145286 0.2102801012
0.3380720180 0.2102784044
0.3380295074 0.2102767053
0.3379869967 0.2102750040
0.3379444861 0.2102733003
0.3379019755 0.2102715944
0.3378594649 0.2102698862
0.3378169542 0.2102681757
0.3377744436 0.2102664630
0.3377319330 0.2102647479
0.3376894224 0.2102630305
0.3376469117 0.2102613109
0.3376044011 0.2102595889
0.3375618905 0.2102578647
0.3375193798 0.2102561381
0.3374768692 0.2102544092
0.3374343586 0.2102526780
0.3373918480 0.2102509445
0.3373493373 0.2102492087
0.3373068267 0.2102474705
0.3372643161 0.2102457301
0.3372218055 0.2102439872
0.3371792948 0.2102422421
0.3371367842 0.2102404946
0.3370942736 0.2102387448
0.3370517629 0.2102369927
0.3370092523 0.2102352382
0.3369667417 0.2102334813
0.3369242311 0.2102317221
0.3368817204 0.2102299605
0.3368392098 0.2102281966
0.3367966992 0.2102264303
0.3367541885 0.2102246617
0.3367116779 0.2102228907
0.3366691673 0.2102211173
0.3366266567 0.2102193415
0.3365841460 0.2102175634
0.3365416354 0.2102157829
0.3364991248 0.2102140000
0.3364566142 0.2102122147
0.3364141035 0.2102104270
0.3363715929 0.2102086369
0.3363290823 0.2102068444
0.3362865716 0.2102050495
0.3362440610 0.2102032522
0.3362015504 0.2102014525
0.3361590398 0.2101996504
0.3361165291 0.2101978459
0.3360740185 0.2101960390
0.3360315079 0.2101942296
0.3359889972 0.2101924178
0.3359464866 0.2101906036
0.3359039760 0.2101887870
0.3358614654 0.2101869679
0.3358189547 0.2101851464
0.3357764441 0.2101833224
0.3357339335 0.2101814960
0.3356914229 0.2101796671
0.3356489122 0.2101778358
0.3356064016 0.2101760020
0.3355638910 0.2101741658
0.3355213803 0.2101723271
0.3354788697 0.2101704860
0.3354363591 0.2101686424
0.3353938485 0.2101667963
0.3353513378 0.2101649477
0.3353088272 0.2101630966
0.3352663166 0.2101612431
0.3352238060 0.2101593871
0.3351812953 0.2101575286
0.3351387847 0.2101556676
0.3350962741 0.2101538041
0.3350537634 0.2101519380
0.3350112528 0.2101500695
0.3349687422 0.2101481985
0.3349262316 0.2101463250
0.3348837209 0.2101444490
0.3348412103 0.2101425704
0.3347986997 0.2101406893
0.3347561890 0.2101388057
0.3347136784 0.2101369196
0.3346711678 0.2101350309
0.3346286572 0.2101331397
0.3345861465 0.2101312460
0.3345436359 0.2101293497
0.3345011253 0.2101274509
0.3344586147 0.2101255495
0.3344161040 0.2101236456
0.3343735934 0.2101217391
0.3343310828 0.2101198300
0.3342885721 0.2101179184
0.3342460615 0.2101160042
0.3342035509 0.2101140875
0.3341610403 0.2101121681
0.3341185296 0.2101102462
0.3340760190 0.2101083218
0.3340335084 0.2101063947
0.3339909977 0.2101044650
0.3339484871 0.2101025328
0.3339059765 0.2101005979
0.3338634659 0.2100986605
0.3338209552 0.2100967204
0.3337784446 0.2100947778
0.3337359340 0.2100928325
0.3336934234 0.2100908846
0.3336509127 0.2100889341
0.3336084021 0.2100869810
0.3335658915 0.2100850252
0.3335233808 0.2100830668
0.3334808702 0.2100811058
0.3334383596 0.2100791422
0.3333958490 0.2100771759
0.3333533383 0.2100752070
0.3333108277 0.2100732354
0.3332683171 0.2100712612
0.3332258065 0.2100692843
0.3331832958 0.2100673048
0.3331407852 0.2100653226
0.3330982746 0.2100633377
0.3330557639 0.2100613502
0.3330132533 0.2100593599
0.3329707427 0.2100573671
0.3329282321 0.2100553715
0.3328857214 0.2100533732
0.3328432108 0.2100513723
0.3328007002 0.2100493687
0.3327581895 0.2100473624
0.3327156789 0.2100453533
0.3326731683 0.2100433416
0.3326306577 0.2100413272
0.3325881470 0.2100393101
0.3325456364 0.2100372902
0.3325031258 0.2100352676
0.3324606152 0.2100332423
0.3324181045 0.2100312143
0.3323755939 0.2100291836
0.3323330833 0.2100271501
0.3322905726 0.2100251139
0.3322480620 0.2100230749
0.3322055514 0.2100210332
0.3321630408 0.2100189888
0.3321205301 0.2100169416
0.3320780195 0.2100148917
0.3320355089 0.2100128390
0.3319929982 0.2100107835
0.3319504876 0.2100087253
0.3319079770 0.2100066642
0.3318654664 0.2100046005
0.3318229557 0.2100025339
0.3317804451 0.2100004646
0.3317379345 0.2099983925
0.3316954239 0.2099963175
0.3316529132 0.2099942398
0.3316104026 0.2099921593
0.3315678920 0.2099900760
0.3315253813 0.2099879899
0.3314828707 0.2099859010
0.3314403601 0.2099838093
0.3313978495 0.2099817148
0.3313553388 0.2099796174
0.3313128282 0.2099775172
0.3312703176 0.2099754142
0.3312278070 0.2099733084
0.3311852963 0.2099711997
0.3311427857 0.2099690882
0.3311002751 0.2099669738
0.3310577644 0.2099648566
0.3310152538 0.2099627366
0.3309727432 0.2099606137
0.3309302326 0.2099584879
0.3308877219 0.2099563593
0.3308452113 0.2099542278
0.3308027007 0.2099520934
0.3307601900 0.2099499562
0.3307176794 0.2099478161
0.3306751688 0.2099456731
0.3306326582 0.2099435272
0.3305901475 0.2099413784
0.3305476369 0.2099392268
0.3305051263 0.2099370722
0.3304626157 0.2099349148
0.3304201050 0.2099327544
0.3303775944 0.2099305911
0.3303350838 0.2099284250
0.3302925731 0.2099262559
0.3302500625 0.2099240839
0.3302075519 0.2099219089
0.3301650413 0.2099197310
0.3301225306 0.2099175502
0.3300800200 0.2099153665
0.3300375094 0.2099131798
0.3299949987 0.2099109902
0.3299524881 0.2099087976
0.3299099775 0.2099066021
0.3298674669 0.2099044037
0.3298249562 0.2099022022
0.3297824456 0.2098999978
0.3297399350 0.2098977905
0.3296974244 0.2098955801
0.3296549137 0.2098933668
0.3296124031 0.2098911505
0.3295698925 0.2098889313
0.3295273818 0.2098867090
0.3294848712 0.2098844838
0.3294423606 0.2098822555
0.3293998500 0.2098800243
0.3293573393 0.2098777900
0.3293148287 0.2098755528
0.3292723181 0.2098733125
0.3292298075 0.2098710693
0.3291872968 0.2098688230
0.3291447862 0.2098665737
0.3291022756 0.2098643213
0.3290597649 0.2098620659
0.3290172543 0.2098598075
0.3289747437 0.2098575461
0.3289322331 0.2098552816
0.3288897224 0.2098530141
0.3288472118 0.2098507435
0.3288047012 0.2098484698
0.3287621905 0.2098461931
0.3287196799 0.2098439134
0.3286771693 0.2098416306
0.3286346587 0.2098393447
0.3285921480 0.2098370557
0.3285496374 0.2098347636
0.3285071268 0.2098324685
0.3284646162 0.2098301703
0.3284221055 0.2098278690
0.3283795949 0.2098255646
0.3283370843 0.2098232571
0.3282945736 0.2098209465
0.3282520630 0.2098186328
0.3282095524 0.2098163159
0.3281670418 0.2098139960
0.3281245311 0.2098116729
0.3280820205 0.2098093468
0.3280395099 0.2098070175
0.3279969992 0.2098046850
0.3279544886 0.2098023495
0.3279119780 0.2098000107
0.3278694674 0.2097976689
0.3278269567 0.2097953239
0.3277844461 0.2097929757
0.3277419355 0.2097906244
0.3276994249 0.2097882700
0.3276569142 0.2097859124
0.3276144036 0.2097835516
0.3275718930 0.2097811876
0.3275293823 0.2097788205
0.3274868717 0.2097764501
0.3274443611 0.2097740766
0.3274018505 0.2097716999
0.3273593398 0.2097693201
0.3273168292 0.2097669370
0.3272743186 0.2097645507
0.3272318080 0.2097621612
0.3271892973 0.2097597685
0.3271467867 0.2097573726
0.3271042761 0.2097549735
0.3270617654 0.2097525712
0.3270192548 0.2097501656
0.3269767442 0.2097477568
0.3269342336 0.2097453448
0.3268917229 0.2097429296
0.3268492123 0.2097405111
0.3268067017 0.2097380893
0.3267641910 0.2097356643
0.3267216804 0.2097332361
0.3266791698 0.2097308046
0.3266366592 0.2097283698
0.3265941485 0.2097259318
0.3265516379 0.2097234905
0.3265091273 0.2097210459
0.3264666167 0.2097185981
0.3264241060 0.2097161470
0.3263815954 0.2097136926
0.3263390848 0.2097112349
0.3262965741 0.2097087739
0.3262540635 0.2097063096
0.3262115529 0.2097038420
0.3261690423 0.2097013711
0.3261265316 0.2096988969
0.3260840210 0.2096964194
0.3260415104 0.2096939385
0.3259989997 0.2096914544
0.3259564891 0.2096889669
0.3259139785 0.2096864760
0.3258714679 0.2096839819
0.3258289572 0.2096814844
0.3257864466 0.2096789836
0.3257439360 0.2096764794
0.3257014254 0.2096739718
0.3256589147 0.2096714609
0.3256164041 0.2096689467
0.3255738935 0.2096664291
0.3255313828 0.2096639081
0.3254888722 0.2096613837
0.3254463616 0.2096588560
0.3254038510 0.2096563249
0.3253613403 0.2096537904
0.3253188297 0.2096512525
0.3252763191 0.2096487113
0.3252338085 0.2096461666
0.3251912978 0.2096436185
0.3251487872 0.2096410670
0.3251062766 0.2096385121
0.3250637659 0.2096359539
0.3250212553 0.2096333921
0.3249787447 0.2096308270
0.3249362341 0.2096282584
0.3248937234 0.2096256864
0.3248512128 0.2096231110
0.3248087022 0.2096205322
0.3247661915 0.2096179499
0.3247236809 0.2096153641
0.3246811703 0.2096127749
0.3246386597 0.2096101822
0.3245961490 0.2096075861
0.3245536384 0.2096049865
0.3245111278 0.2096023835
0.3244686172 0.2095997770
0.3244261065 0.2095971670
0.3243835959 0.2095945535
0.3243410853 0.2095919366
0.3242985746 0.2095893161
0.3242560640 0.2095866922
0.3242135534 0.2095840648
0.3241710428 0.2095814338
0.3241285321 0.2095787994
0.3240860215 0.2095761615
0.3240435109 0.2095735200
0.3240010003 0.2095708750
0.3239584896 0.2095682265
0.3239159790 0.2095655745
0.3238734684 0.2095629190
0.3238309577 0.2095602599
0.3237884471 0.2095575973
0.3237459365 0.2095549311
0.3237034259 0.2095522614
0.3236609152 0.2095495882
0.3236184046 0.2095469114
0.3235758940 0.2095442310
0.3235333833 0.2095415471
0.3234908727 0.2095388596
0.3234483621 0.2095361685
0.3234058515 0.2095334739
0.3233633408 0.2095307757
0.3233208302 0.2095280739
0.3232783196 0.2095253685
0.3232358090 0.2095226595
0.3231932983 0.2095199469
0.3231507877 0.2095172307
0.3231082771 0.2095145110
0.3230657664 0.2095117876
0.3230232558 0.2095090606
0.3229807452 0.2095063299
0.3229382346 0.2095035957
0.3228957239 0.2095008579
0.3228532133 0.2094981164
0.3228107027 0.2094953712
0.3227681920 0.2094926225
0.3227256814 0.2094898701
0.3226831708 0.2094871140
0.3226406602 0.2094843543
0.3225981495 0.2094815910
0.3225556389 0.2094788240
0.3225131283 0.2094760533
0.3224706177 0.2094732790
0.3224281070 0.2094705010
0.3223855964 0.2094677193
0.3223430858 0.2094649339
0.3223005751 0.2094621449
0.3222580645 0.2094593521
0.3222155539 0.2094565557
0.3221730433 0.2094537556
0.3221305326 0.2094509518
0.3220880220 0.2094481443
0.3220455114 0.2094453330
0.3220030008 0.2094425181
0.3219604901 0.2094396994
0.3219179795 0.2094368771
0.3218754689 0.2094340510
0.3218329582 0.2094312211
0.3217904476 0.2094283876
0.3217479370 0.2094255503
0.3217054264 0.2094227092
0.3216629157 0.2094198645
0.3216204051 0.2094170159
0.3215778945 0.2094141636
0.3215353838 0.2094113076
0.3214928732 0.2094084478
0.3214503626 0.2094055842
0.3214078520 0.2094027169
0.3213653413 0.2093998458
0.3213228307 0.2093969709
0.3212803201 0.2093940922
0.3212378095 0.2093912097
0.3211952988 0.2093883235
0.3211527882 0.2093854334
0.3211102776 0.2093825396
0.3210677669 0.2093796419
0.3210252563 0.2093767405
0.3209827457 0.2093738352
0.3209402351 0.2093709261
0.3208977244 0.2093680132
0.3208552138 0.2093650965
0.3208127032 0.2093621759
0.3207701925 0.2093592515
0.3207276819 0.2093563233
0.3206851713 0.2093533912
0.3206426607 0.2093504553
0.3206001500 0.2093475156
0.3205576394 0.2093445719
0.3205151288 0.2093416245
0.3204726182 0.2093386731
0.3204301075 0.2093357180
0.3203875969 0.2093327589
0.3203450863 0.2093297959
0.3203025756 0.2093268291
0.3202600650 0.2093238584
0.3202175544 0.2093208839
0.3201750438 0.2093179054
0.3201325331 0.2093149230
0.3200900225 0.2093119367
0.3200475119 0.2093089466
0.3200050013 0.2093059525
0.3199624906 0.2093029545
0.3199199800 0.2092999526
0.3198774694 0.2092969468
0.3198349587 0.2092939371
0.3197924481 0.2092909234
0.3197499375 0.2092879058
0.3197074269 0.2092848843
0.3196649162 0.2092818588
0.3196224056 0.2092788294
0.3195798950 0.2092757960
0.3195373843 0.2092727587
0.3194948737 0.2092697174
0.3194523631 0.2092666722
0.3194098525 0.2092636230
0.3193673418 0.2092605698
0.3193248312 0.2092575127
0.3192823206 0.2092544516
0.3192398100 0.2092513865
0.3191972993 0.2092483174
0.3191547887 0.2092452443
0.3191122781 0.2092421673
0.3190697674 0.2092390862
0.3190272568 0.2092360012
0.3189847462 0.2092329121
0.3189422356 0.2092298190
0.3188997249 0.2092267219
0.3188572143 0.2092236208
0.3188147037 0.2092205157
0.3187721930 0.2092174066
0.3187296824 0.2092142934
0.3186871718 0.2092111762
0.3186446612 0.2092080549
0.3186021505 0.2092049296
0.3185596399 0.2092018003
0.3185171293 0.2091986669
0.3184746187 0.2091955295
0.3184321080 0.2091923880
0.3183895974 0.2091892424
0.3183470868 0.2091860928
0.3183045761 0.2091829391
0.3182620655 0.2091797813
0.3182195549 0.2091766195
0.3181770443 0.2091734536
0.3181345336 0.2091702835
0.3180920230 0.2091671094
0.3180495124 0.2091639312
0.3180070018 0.2091607489
0.3179644911 0.2091575625
0.3179219805 0.2091543720
0.3178794699 0.2091511774
0.3178369592 0.2091479787
0.3177944486 0.2091447758
0.3177519380 0.2091415688
0.3177094274 0.2091383577
0.3176669167 0.2091351425
0.3176244061 0.2091319231
0.3175818955 0.2091286996
0.3175393848 0.2091254720
0.3174968742 0.2091222402
0.3174543636 0.2091190042
0.3174118530 0.2091157641
0.3173693423 0.2091125199
0.3173268317 0.2091092715
0.3172843211 0.2091060189
0.3172418105 0.2091027621
0.3171992998 0.2090995012
0.3171567892 0.2090962360
0.3171142786 0.2090929667
0.3170717679 0.2090896933
0.3170292573 0.2090864156
0.3169867467 0.2090831337
0.3169442361 0.2090798476
0.3169017254 0.2090765574
0.3168592148 0.2090732629
0.3168167042 0.2090699642
0.3167741935 0.2090666613
0.3167316829 0.2090633542
0.3166891723 0.2090600428
0.3166466617 0.2090567272
0.3166041510 0.2090534074
0.3165616404 0.2090500834
0.3165191298 0.2090467551
0.3164766192 0.2090434226
0.3164341085 0.2090400858
0.3163915979 0.2090367448
0.3163490873 0.2090333995
0.3163065766 0.2090300500
0.3162640660 0.2090266962
0.3162215554 0.2090233381
0.3161790448 0.2090199758
0.3161365341 0.2090166091
0.3160940235 0.2090132383
0.3160515129 0.2090098631
0.3160090023 0.2090064836
0.3159664916 0.2090030999
0.3159239810 0.2089997118
0.3158814704 0.2089963195
0.3158389597 0.2089929229
0.3157964491 0.2089895219
0.3157539385 0.2089861166
0.3157114279 0.2089827071
0.3156689172 0.2089792932
0.3156264066 0.2089758750
0.3155838960 0.2089724524
0.3155413853 0.2089690256
0.3154988747 0.2089655944
0.3154563641 0.2089621588
0.3154138535 0.2089587189
0.3153713428 0.2089552747
0.3153288322 0.2089518261
0.3152863216 0.2089483732
0.3152438110 0.2089449159
0.3152013003 0.2089414543
0.3151587897 0.2089379883
0.3151162791 0.2089345179
0.3150737684 0.2089310432
0.3150312578 0.2089275640
0.3149887472 0.2089240805
0.3149462366 0.2089205926
0.3149037259 0.2089171004
0.3148612153 0.2089136037
0.3148187047 0.2089101026
0.3147761940 0.2089065971
0.3147336834 0.2089030873
0.3146911728 0.2088995730
0.3146486622 0.2088960543
0.3146061515 0.2088925312
0.3145636409 0.2088890037
0.3145211303 0.2088854717
0.3144786197 0.2088819354
0.3144361090 0.2088783946
0.3143935984 0.2088748493
0.3143510878 0.2088712997
0.3143085771 0.2088677456
0.3142660665 0.2088641870
0.3142235559 0.2088606240
0.3141810453 0.2088570565
0.3141385346 0.2088534846
0.3140960240 0.2088499082
0.3140535134 0.2088463274
0.3140110028 0.2088427421
0.3139684921 0.2088391523
0.3139259815 0.2088355580
0.3138834709 0.2088319593
0.3138409602 0.2088283561
0.3137984496 0.2088247484
0.3137559390 0.2088211361
0.3137134284 0.2088175195
0.3136709177 0.2088138983
0.3136284071 0.2088102726
0.3135858965 0.2088066424
0.3135433858 0.2088030076
0.3135008752 0.2087993684
0.3134583646 0.2087957247
0.3134158540 0.2087920764
0.3133733433 0.2087884236
0.3133308327 0.2087847663
0.3132883221 0.2087811044
0.3132458115 0.2087774380
0.3132033008 0.2087737671
0.3131607902 0.2087700916
0.3131182796 0.2087664116
0.3130757689 0.2087627270
0.3130332583 0.2087590379
0.3129907477 0.2087553442
0.3129482371 0.2087516460
0.3129057264 0.2087479432
0.3128632158 0.2087442358
0.3128207052 0.2087405238
0.3127781945 0.2087368073
0.3127356839 0.2087330862
0.3126931733 0.2087293605
0.3126506627 0.2087256302
0.3126081520 0.2087218953
0.3125656414 0.2087181559
0.3125231308 0.2087144118
0.3124806202 0.2087106631
0.3124381095 0.2087069098
0.3123955989 0.2087031519
0.3123530883 0.2086993894
0.3123105776 0.2086956223
0.3122680670 0.2086918506
0.3122255564 0.2086880742
0.3121830458 0.2086842932
0.3121405351 0.2086805076
0.3120980245 0.2086767173
0.3120555139 0.2086729224
0.3120130033 0.2086691228
0.3119704926 0.2086653187
0.3119279820 0.2086615098
0.3118854714 0.2086576963
0.3118429607 0.2086538782
0.3118004501 0.2086500553
0.3117579395 0.2086462279
0.3117154289 0.2086423957
0.3116729182 0.2086385589
0.3116304076 0.2086347174
0.3115878970 0.2086308712
0.3115453863 0.2086270204
0.3115028757 0.2086231648
0.3114603651 0.2086193046
0.3114178545 0.2086154397
0.3113753438 0.2086115701
0.3113328332 0.2086076957
0.3112903226 0.2086038167
0.3112478120 0.2085999330
0.3112053013 0.2085960445
0.3111627907 0.2085921514
0.3111202801 0.2085882535
0.3110777694 0.2085843509
0.3110352588 0.2085804436
0.3109927482 0.2085765316
0.3109502376 0.2085726148
0.3109077269 0.2085686933
0.3108652163 0.2085647670
0.3108227057 0.2085608360
0.3107801950 0.2085569003
0.3107376844 0.2085529598
0.3106951738 0.2085490145
0.3106526632 0.2085450645
0.3106101525 0.2085411098
0.3105676419 0.2085371502
0.3105251313 0.2085331859
0.3104826207 0.2085292169
0.3104401100 0.2085252430
0.3103975994 0.2085212644
0.3103550888 0.2085172810
0.3103125781 0.2085132929
0.3102700675 0.2085092999
0.3102275569 0.2085053021
0.3101850463 0.2085012996
0.3101425356 0.2084972922
0.3101000250 0.2084932801
0.3100575144 0.2084892631
0.3100150038 0.2084852414
0.3099724931 0.2084812148
0.3099299825 0.2084771834
0.3098874719 0.2084731472
0.3098449612 0.2084691062
0.3098024506 0.2084650603
0.3097599400 0.2084610097
0.3097174294 0.2084569541
0.3096749187 0.2084528938
0.3096324081 0.2084488286
0.3095898975 0.2084447586
0.3095473868 0.2084406837
0.3095048762 0.2084366040
0.3094623656 0.2084325194
0.3094198550 0.2084284300
0.3093773443 0.2084243357
0.3093348337 0.2084202366
0.3092923231 0.2084161325
0.3092498125 0.2084120237
0.3092073018 0.2084079099
0.3091647912 0.2084037913
0.3091222806 0.2083996678
0.3090797699 0.2083955394
0.3090372593 0.2083914061
0.3089947487 0.2083872680
0.3089522381 0.2083831249
0.3089097274 0.2083789770
0.3088672168 0.2083748241
0.3088247062 0.2083706664
0.3087821955 0.2083665037
0.3087396849 0.2083623362
0.3086971743 0.2083581637
0.3086546637 0.2083539863
0.3086121530 0.2083498040
0.3085696424 0.2083456168
0.3085271318 0.2083414247
0.3084846212 0.2083372276
0.3084421105 0.2083330256
0.3083995999 0.2083288187
0.3083570893 0.2083246068
0.3083145786 0.2083203900
0.3082720680 0.2083161682
0.3082295574 0.2083119415
0.3081870468 0.2083077099
0.3081445361 0.2083034733
0.3081020255 0.2082992317
0.3080595149 0.2082949852
0.3080170043 0.2082907337
0.3079744936 0.2082864773
0.3079319830 0.2082822159
0.3078894724 0.2082779495
0.3078469617 0.2082736781
0.3078044511 0.2082694018
0.3077619405 0.2082651205
0.3077194299 0.2082608342
0.3076769192 0.2082565429
0.3076344086 0.2082522466
0.3075918980 0.2082479453
0.3075493873 0.2082436390
0.3075068767 0.2082393278
0.3074643661 0.2082350115
0.3074218555 0.2082306902
0.3073793448 0.2082263640
0.3073368342 0.2082220327
0.3072943236 0.2082176963
0.3072518130 0.2082133550
0.3072093023 0.2082090087
0.3071667917 0.2082046573
0.3071242811 0.2082003009
0.3070817704 0.2081959395
0.3070392598 0.2081915730
0.3069967492 0.2081872015
0.3069542386 0.2081828250
0.3069117279 0.2081784434
0.3068692173 0.2081740568
0.3068267067 0.2081696651
0.3067841960 0.2081652684
0.3067416854 0.2081608666
0.3066991748 0.2081564598
0.3066566642 0.2081520479
0.3066141535 0.2081476309
0.3065716429 0.2081432089
0.3065291323 0.2081387818
0.3064866217 0.2081343496
0.3064441110 0.2081299124
0.3064016004 0.2081254701
0.3063590898 0.2081210227
0.3063165791 0.2081165702
0.3062740685 0.2081121127
0.3062315579 0.2081076500
0.3061890473 0.2081031823
0.3061465366 0.2080987094
0.3061040260 0.2080942315
0.3060615154 0.2080897484
0.3060190048 0.2080852603
0.3059764941 0.2080807671
0.3059339835 0.2080762687
0.3058914729 0.2080717652
0.3058489622 0.2080672567
0.3058064516 0.2080627430
0.3057639410 0.2080582241
0.3057214304 0.2080537002
0.3056789197 0.2080491711
0.3056364091 0.2080446369
0.3055938985 0.2080400976
0.3055513878 0.2080355531
0.3055088772 0.2080310035
0.3054663666 0.2080264488
0.3054238560 0.2080218889
0.3053813453 0.2080173239
0.3053388347 0.2080127537
0.3052963241 0.2080081783
0.3052538135 0.2080035979
0.3052113028 0.2079990122
0.3051687922 0.2079944214
0.3051262816 0.2079898255
0.3050837709 0.2079852243
0.3050412603 0.2079806180
0.3049987497 0.2079760066
0.3049562391 0.2079713899
0.3049137284 0.2079667681
0.3048712178 0.2079621411
0.3048287072 0.2079575090
0.3047861965 0.2079528716
0.3047436859 0.2079482291
0.3047011753 0.2079435813
0.3046586647 0.2079389284
0.3046161540 0.2079342703
0.3045736434 0.2079296070
0.3045311328 0.2079249385
0.3044886222 0.2079202648
0.3044461115 0.2079155858
0.3044036009 0.2079109017
0.3043610903 0.2079062124
0.3043185796 0.2079015178
0.3042760690 0.2078968181
0.3042335584 0.2078921131
0.3041910478 0.2078874029
0.3041485371 0.2078826875
0.3041060265 0.2078779668
0.3040635159 0.2078732409
0.3040210053 0.2078685098
0.3039784946 0.2078637735
0.3039359840 0.2078590319
0.3038934734 0.2078542851
0.3038509627 0.2078495330
0.3038084521 0.2078447757
0.3037659415 0.2078400132
0.3037234309 0.2078352454
0.3036809202 0.2078304724
0.3036384096 0.2078256941
0.3035958990 0.2078209105
0.3035533883 0.2078161217
0.3035108777 0.2078113276
0.3034683671 0.2078065283
0.3034258565 0.2078017237
0.3033833458 0.2077969139
0.3033408352 0.2077920987
0.3032983246 0.2077872783
0.3032558140 0.2077824526
0.3032133033 0.2077776217
0.3031707927 0.2077727854
0.3031282821 0.2077679439
0.3030857714 0.2077630971
0.3030432608 0.2077582450
0.3030007502 0.2077533877
0.3029582396 0.2077485250
0.3029157289 0.2077436570
0.3028732183 0.2077387838
0.3028307077 0.2077339052
0.3027881970 0.2077290213
0.3027456864 0.2077241322
0.3027031758 0.2077192377
0.3026606652 0.2077143379
0.3026181545 0.2077094329
0.3025756439 0.2077045225
0.3025331333 0.2076996067
0.3024906227 0.2076946857
0.3024481120 0.2076897594
0.3024056014 0.2076848277
0.3023630908 0.2076798907
0.3023205801 0.2076749484
0.3022780695 0.2076700007
0.3022355589 0.2076650478
0.3021930483 0.2076600895
0.3021505376 0.2076551258
0.3021080270 0.2076501568
0.3020655164 0.2076451825
0.3020230058 0.2076402029
0.3019804951 0.2076352179
0.3019379845 0.2076302275
0.3018954739 0.2076252318
0.3018529632 0.2076202308
0.3018104526 0.2076152244
0.3017679420 0.2076102126
0.3017254314 0.2076051955
0.3016829207 0.2076001730
0.3016404101 0.2075951452
0.3015978995 0.2075901120
0.3015553888 0.2075850735
0.3015128782 0.2075800295
0.3014703676 0.2075749803
0.3014278570 0.2075699256
0.3013853463 0.2075648656
0.3013428357 0.2075598001
0.3013003251 0.2075547294
0.3012578145 0.2075496532
0.3012153038 0.2075445717
0.3011727932 0.2075394847
0.3011302826 0.2075343924
0.3010877719 0.2075292947
0.3010452613 0.2075241916
0.3010027507 0.2075190831
0.3009602401 0.2075139693
0.3009177294 0.2075088500
0.3008752188 0.2075037253
0.3008327082 0.2074985953
0.3007901975 0.2074934598
0.3007476869 0.2074883189
0.3007051763 0.2074831727
0.3006626657 0.2074780210
0.3006201550 0.2074728639
0.3005776444 0.2074677014
0.3005351338 0.2074625335
0.3004926232 0.2074573602
0.3004501125 0.2074521814
0.3004076019 0.2074469973
0.3003650913 0.2074418077
0.3003225806 0.2074366127
0.3002800700 0.2074314123
0.3002375594 0.2074262064
0.3001950488 0.2074209952
0.3001525381 0.2074157785
0.3001100275 0.2074105563
0.3000675169 0.2074053288
0.3000250063 0.2074000958
0.2999824956 0.2073948573
0.2999399850 0.2073896135
0.2998974744 0.2073843642
0.2998549637 0.2073791094
0.2998124531 0.2073738492
0.2997699425 0.2073685836
0.2997274319 0.2073633125
0.2996849212 0.2073580359
0.2996424106 0.2073527540
0.2995999000 0.2073474665
0.2995573893 0.2073421736
0.2995148787 0.2073368753
0.2994723681 0.2073315715
0.2994298575 0.2073262622
0.2993873468 0.2073209475
0.2993448362 0.2073156273
0.2993023256 0.2073103017
0.2992598150 0.2073049706
0.2992173043 0.2072996340
0.2991747937 0.2072942920
0.2991322831 0.2072889445
0.2990897724 0.2072835915
0.2990472618 0.2072782330
0.2990047512 0.2072728691
0.2989622406 0.2072674997
0.2989197299 0.2072621248
0.2988772193 0.2072567445
0.2988347087 0.2072513586
0.2987921980 0.2072459673
0.2987496874 0.2072405705
0.2987071768 0.2072351682
0.2986646662 0.2072297604
0.2986221555 0.2072243472
0.2985796449 0.2072189284
0.2985371343 0.2072135042
0.2984946237 0.2072080744
0.2984521130 0.2072026392
0.2984096024 0.2071971985
0.2983670918 0.2071917523
0.2983245811 0.2071863005
0.2982820705 0.2071808433
0.2982395599 0.2071753806
0.2981970493 0.2071699124
0.2981545386 0.2071644387
0.2981120280 0.2071589594
0.2980695174 0.2071534747
0.2980270068 0.2071479845
0.2979844961 0.2071424887
0.2979419855 0.2071369874
0.2978994749 0.2071314807
0.2978569642 0.2071259684
0.2978144536 0.2071204506
0.2977719430 0.2071149273
0.2977294324 0.2071093984
0.2976869217 0.2071038641
0.2976444111 0.2070983242
0.2976019005 0.2070927788
0.2975593898 0.2070872279
0.2975168792 0.2070816715
0.2974743686 0.2070761095
0.2974318580 0.2070705420
0.2973893473 0.2070649690
0.2973468367 0.2070593905
0.2973043261 0.2070538064
0.2972618155 0.2070482168
0.2972193048 0.2070426217
0.2971767942 0.2070370210
0.2971342836 0.2070314149
0.2970917729 0.2070258031
0.2970492623 0.2070201859
0.2970067517 0.2070145631
0.2969642411 0.2070089347
0.2969217304 0.2070033008
0.2968792198 0.2069976614
0.2968367092 0.2069920165
0.2967941985 0.2069863660
0.2967516879 0.2069807099
0.2967091773 0.2069750483
0.2966666667 0.2069693812
0.2966241560 0.2069637085
0.2965816454 0.2069580303
0.2965391348 0.2069523465
0.2964966242 0.2069466572
0.2964541135 0.2069409623
0.2964116029 0.2069352619
0.2963690923 0.2069295559
0.2963265816 0.2069238444
0.2962840710 0.2069181273
0.2962415604 0.2069124047
0.2961990498 0.2069066765
0.2961565391 0.2069009427
0.2961140285 0.2068952034
0.2960715179 0.2068894585
0.2960290073 0.2068837081
0.2959864966 0.2068779521
0.2959439860 0.2068721905
0.2959014754 0.2068664234
0.2958589647 0.2068606507
0.2958164541 0.2068548725
0.2957739435 0.2068490887
0.2957314329 0.2068432993
0.2956889222 0.2068375044
0.2956464116 0.2068317039
0.2956039010 0.2068258978
0.2955613903 0.2068200862
0.2955188797 0.2068142690
0.2954763691 0.2068084462
0.2954338585 0.2068026178
0.2953913478 0.2067967839
0.2953488372 0.2067909444
0.2953063266 0.2067850993
0.2952638160 0.2067792487
0.2952213053 0.2067733925
0.2951787947 0.2067675307
0.2951362841 0.2067616633
0.2950937734 0.2067557904
0.2950512628 0.2067499119
0.2950087522 0.2067440278
0.2949662416 0.2067381381
0.2949237309 0.2067322428
0.2948812203 0.2067263420
0.2948387097 0.2067204356
0.2947961990 0.2067145236
0.2947536884 0.2067086060
0.2947111778 0.2067026829
0.2946686672 0.2066967541
0.2946261565 0.2066908198
0.2945836459 0.2066848799
0.2945411353 0.2066789344
0.2944986247 0.2066729834
0.2944561140 0.2066670267
0.2944136034 0.2066610645
0.2943710928 0.2066550966
0.2943285821 0.2066491232
0.2942860715 0.2066431442
0.2942435609 0.2066371597
0.2942010503 0.2066311695
0.2941585396 0.2066251737
0.2941160290 0.2066191724
0.2940735184 0.2066131654
0.2940310078 0.2066071529
0.2939884971 0.2066011348
0.2939459865 0.2065951111
0.2939034759 0.2065890818
0.2938609652 0.2065830469
0.2938184546 0.2065770065
0.2937759440 0.2065709604
0.2937334334 0.2065649087
0.2936909227 0.2065588515
0.2936484121 0.2065527887
0.2936059015 0.2065467202
0.2935633908 0.2065406462
0.2935208802 0.2065345666
0.2934783696 0.2065284814
0.2934358590 0.2065223906
0.2933933483 0.2065162942
0.2933508377 0.2065101922
0.2933083271 0.2065040847
0.2932658165 0.2064979715
0.2932233058 0.2064918527
0.2931807952 0.2064857284
0.2931382846 0.2064795984
0.2930957739 0.2064734629
0.2930532633 0.2064673217
0.2930107527 0.2064611750
0.2929682421 0.2064550227
0.2929257314 0.2064488647
0.2928832208 0.2064427012
0.2928407102 0.2064365321
0.2927981995 0.2064303574
0.2927556889 0.2064241771
0.2927131783 0.2064179912
0.2926706677 0.2064117997
0.2926281570 0.2064056027
0.2925856464 0.2063994000
0.2925431358 0.2063931917
0.2925006252 0.2063869778
0.2924581145 0.2063807584
0.2924156039 0.2063745333
0.2923730933 0.2063683027
0.2923305826 0.2063620664
0.2922880720 0.2063558246
0.2922455614 0.2063495772
0.2922030508 0.2063433241
0.2921605401 0.2063370655
0.2921180295 0.2063308013
0.2920755189 0.2063245315
0.2920330083 0.2063182561
0.2919904976 0.2063119751
0.2919479870 0.2063056885
0.2919054764 0.2062993964
0.2918629657 0.2062930986
0.2918204551 0.2062867952
0.2917779445 0.2062804863
0.2917354339 0.2062741717
0.2916929232 0.2062678516
0.2916504126 0.2062615259
0.2916079020 0.2062551946
0.2915653913 0.2062488576
0.2915228807 0.2062425151
0.2914803701 0.2062361671
0.2914378595 0.2062298134
0.2913953488 0.2062234541
0.2913528382 0.2062170893
0.2913103276 0.2062107188
0.2912678170 0.2062043428
0.2912253063 0.2061979612
0.2911827957 0.2061915740
0.2911402851 0.2061851812
0.2910977744 0.2061787828
0.2910552638 0.2061723788
0.2910127532 0.2061659693
0.2909702426 0.2061595542
0.2909277319 0.2061531334
0.2908852213 0.2061467071
0.2908427107 0.2061402753
0.2908002001 0.2061338378
0.2907576894 0.2061273947
0.2907151788 0.2061209461
0.2906726682 0.2061144919
0.2906301575 0.2061080321
0.2905876469 0.2061015667
0.2905451363 0.2060950958
0.2905026257 0.2060886192
0.2904601150 0.2060821371
0.2904176044 0.2060756494
0.2903750938 0.2060691562
0.2903325831 0.2060626573
0.2902900725 0.2060561529
0.2902475619 0.2060496429
0.2902050513 0.2060431274
0.2901625406 0.2060366062
0.2901200300 0.2060300795
0.2900775194 0.2060235472
0.2900350088 0.2060170094
0.2899924981 0.2060104660
0.2899499875 0.2060039170
0.2899074769 0.2059973624
0.2898649662 0.2059908023
0.2898224556 0.2059842366
0.2897799450 0.2059776653
0.2897374344 0.2059710885
0.2896949237 0.2059645061
0.2896524131 0.2059579181
0.2896099025 0.2059513246
0.2895673918 0.2059447255
0.2895248812 0.2059381209
0.2894823706 0.2059315107
0.2894398600 0.2059248949
0.2893973493 0.2059182736
0.2893548387 0.2059116467
0.2893123281 0.2059050143
0.2892698175 0.2058983763
0.2892273068 0.2058917328
0.2891847962 0.2058850837
0.2891422856 0.2058784290
0.2890997749 0.2058717688
0.2890572643 0.2058651031
0.2890147537 0.2058584318
0.2889722431 0.2058517549
0.2889297324 0.2058450725
0.2888872218 0.2058383846
0.2888447112 0.2058316911
0.2888022006 0.2058249921
0.2887596899 0.2058182875
0.2887171793 0.2058115774
0.2886746687 0.2058048617
0.2886321580 0.2057981406
0.2885896474 0.2057914138
0.2885471368 0.2057846816
0.2885046262 0.2057779438
0.2884621155 0.2057712004
0.2884196049 0.2057644515
0.2883770943 0.2057576971
0.2883345836 0.2057509372
0.2882920730 0.2057441718
0.2882495624 0.2057374008
0.2882070518 0.2057306243
0.2881645411 0.2057238422
0.2881220305 0.2057170547
0.2880795199 0.2057102616
0.2880370093 0.2057034630
0.2879944986 0.2056966588
0.2879519880 0.2056898492
0.2879094774 0.2056830340
0.2878669667 0.2056762134
0.2878244561 0.2056693872
0.2877819455 0.2056625555
0.2877394349 0.2056557183
0.2876969242 0.2056488755
0.2876544136 0.2056420273
0.2876119030 0.2056351736
0.2875693923 0.2056283143
0.2875268817 0.2056214496
0.2874843711 0.2056145793
0.2874418605 0.2056077036
0.2873993498 0.2056008223
0.2873568392 0.2055939356
0.2873143286 0.2055870434
0.2872718180 0.2055801456
0.2872293073 0.2055732424
0.2871867967 0.2055663337
0.2871442861 0.2055594195
0.2871017754 0.2055524998
0.2870592648 0.2055455746
0.2870167542 0.2055386439
0.2869742436 0.2055317078
0.2869317329 0.2055247662
0.2868892223 0.2055178191
0.2868467117 0.2055108665
0.2868042011 0.2055039084
0.2867616904 0.2054969449
0.2867191798 0.2054899759
0.2866766692 0.2054830014
0.2866341585 0.2054760215
0.2865916479 0.2054690361
0.2865491373 0.2054620452
0.2865066267 0.2054550489
0.2864641160 0.2054480471
0.2864216054 0.2054410398
0.2863790948 0.2054340271
0.2863365841 0.2054270089
0.2862940735 0.2054199853
0.2862515629 0.2054129563
0.2862090523 0.2054059217
0.2861665416 0.2053988818
0.2861240310 0.2053918364
0.2860815204 0.2053847855
0.2860390098 0.2053777292
0.2859964991 0.2053706675
0.2859539885 0.2053636003
0.2859114779 0.2053565277
0.2858689672 0.2053494497
0.2858264566 0.2053423662
0.2857839460 0.2053352773
0.2857414354 0.2053281830
0.2856989247 0.2053210832
0.2856564141 0.2053139781
0.2856139035 0.2053068675
0.2855713928 0.2052997515
0.2855288822 0.2052926300
0.2854863716 0.2052855032
0.2854438610 0.2052783710
0.2854013503 0.2052712333
0.2853588397 0.2052640902
0.2853163291 0.2052569418
0.2852738185 0.2052497879
0.2852313078 0.2052426286
0.2851887972 0.2052354640
0.2851462866 0.2052282939
0.2851037759 0.2052211184
0.2850612653 0.2052139376
0.2850187547 0.2052067514
0.2849762441 0.2051995597
0.2849337334 0.2051923627
0.2848912228 0.2051851604
0.2848487122 0.2051779526
0.2848062016 0.2051707395
0.2847636909 0.2051635209
0.2847211803 0.2051562971
0.2846786697 0.2051490678
0.2846361590 0.2051418332
0.2845936484 0.2051345932
0.2845511378 0.2051273479
0.2845086272 0.2051200972
0.2844661165 0.2051128411
0.2844236059 0.2051055797
0.2843810953 0.2050983129
0.2843385846 0.2050910408
0.2842960740 0.2050837634
0.2842535634 0.2050764806
0.2842110528 0.2050691924
0.2841685421 0.2050618989
0.2841260315 0.2050546001
0.2840835209 0.2050472960
0.2840410103 0.2050399865
0.2839984996 0.2050326717
0.2839559890 0.2050253516
0.2839134784 0.2050180261
0.2838709677 0.2050106954
0.2838284571 0.2050033593
0.2837859465 0.2049960179
0.2837434359 0.2049886712
0.2837009252 0.2049813192
0.2836584146 0.2049739619
0.2836159040 0.2049665992
0.2835733933 0.2049592313
0.2835308827 0.2049518581
0.2834883721 0.2049444796
0.2834458615 0.2049370958
0.2834033508 0.2049297067
0.2833608402 0.2049223124
0.2833183296 0.2049149127
0.2832758190 0.2049075078
0.2832333083 0.2049000976
0.2831907977 0.2048926821
0.2831482871 0.2048852614
0.2831057764 0.2048778354
0.2830632658 0.2048704041
0.2830207552 0.2048629676
0.2829782446 0.2048555258
0.2829357339 0.2048480787
0.2828932233 0.2048406265
0.2828507127 0.2048331689
0.2828082021 0.2048257061
0.2827656914 0.2048182381
0.2827231808 0.2048107648
0.2826806702 0.2048032863
0.2826381595 0.2047958026
0.2825956489 0.2047883137
0.2825531383 0.2047808195
0.2825106277 0.2047733201
0.2824681170 0.2047658154
0.2824256064 0.2047583056
0.2823830958 0.2047507906
0.2823405851 0.2047432703
0.2822980745 0.2047357448
0.2822555639 0.2047282142
0.2822130533 0.2047206783
0.2821705426 0.2047131373
0.2821280320 0.2047055910
0.2820855214 0.2046980396
0.2820430108 0.2046904829
0.2820005001 0.2046829211
0.2819579895 0.2046753542
0.2819154789 0.2046677820
0.2818729682 0.2046602047
0.2818304576 0.2046526222
0.2817879470 0.2046450345
0.2817454364 0.2046374417
0.2817029257 0.2046298437
0.2816604151 0.2046222406
0.2816179045 0.2046146323
0.2815753938 0.2046070189
0.2815328832 0.2045994003
0.2814903726 0.2045917766
0.2814478620 0.2045841478
0.2814053513 0.2045765138
0.2813628407 0.2045688747
0.2813203301 0.2045612305
0.2812778195 0.2045535811
0.2812353088 0.2045459267
0.2811927982 0.2045382671
0.2811502876 0.2045306024
0.2811077769 0.2045229326
0.2810652663 0.2045152577
0.2810227557 0.2045075778
0.2809802451 0.2044998927
0.2809377344 0.2044922025
0.2808952238 0.2044845072
0.2808527132 0.2044768069
0.2808102026 0.2044691015
0.2807676919 0.2044613910
0.2807251813 0.2044536754
0.2806826707 0.2044459548
0.2806401600 0.2044382291
0.2805976494 0.2044304984
0.2805551388 0.2044227626
0.2805126282 0.2044150217
0.2804701175 0.2044072758
0.2804276069 0.2043995249
0.2803850963 0.2043917689
0.2803425856 0.2043840079
0.2803000750 0.2043762418
0.2802575644 0.2043684708
0.2802150538 0.2043606947
0.2801725431 0.2043529136
0.2801300325 0.2043451275
0.2800875219 0.2043373363
0.2800450113 0.2043295402
0.2800025006 0.2043217390
0.2799599900 0.2043139329
0.2799174794 0.2043061218
0.2798749687 0.2042983057
0.2798324581 0.2042904846
0.2797899475 0.2042826585
0.2797474369 0.2042748274
0.2797049262 0.2042669914
0.2796624156 0.2042591504
0.2796199050 0.2042513045
0.2795773943 0.2042434536
0.2795348837 0.2042355977
0.2794923731 0.2042277369
0.2794498625 0.2042198711
0.2794073518 0.2042120004
0.2793648412 0.2042041248
0.2793223306 0.2041962442
0.2792798200 0.2041883587
0.2792373093 0.2041804683
0.2791947987 0.2041725730
0.2791522881 0.2041646727
0.2791097774 0.2041567676
0.2790672668 0.2041488575
0.2790247562 0.2041409426
0.2789822456 0.2041330227
0.2789397349 0.2041250980
0.2788972243 0.2041171683
0.2788547137 0.2041092338
0.2788122031 0.2041012945
0.2787696924 0.2040933502
0.2787271818 0.2040854011
0.2786846712 0.2040774471
0.2786421605 0.2040694883
0.2785996499 0.2040615246
0.2785571393 0.2040535560
0.2785146287 0.2040455826
0.2784721180 0.2040376044
0.2784296074 0.2040296214
0.2783870968 0.2040216335
0.2783445861 0.2040136408
0.2783020755 0.2040056433
0.2782595649 0.2039976409
0.2782170543 0.2039896338
0.2781745436 0.2039816218
0.2781320330 0.2039736051
0.2780895224 0.2039655835
0.2780470118 0.2039575572
0.2780045011 0.2039495261
0.2779619905 0.2039414902
0.2779194799 0.2039334495
0.2778769692 0.2039254041
0.2778344586 0.2039173539
0.2777919480 0.2039092989
0.2777494374 0.2039012392
0.2777069267 0.2038931748
0.2776644161 0.2038851056
0.2776219055 0.2038770316
0.2775793948 0.2038689529
0.2775368842 0.2038608695
0.2774943736 0.2038527814
0.2774518630 0.2038446886
0.2774093523 0.2038365910
0.2773668417 0.2038284888
0.2773243311 0.2038203818
0.2772818205 0.2038122702
0.2772393098 0.2038041538
0.2771967992 0.2037960328
0.2771542886 0.2037879071
0.2771117779 0.2037797767
0.2770692673 0.2037716416
0.2770267567 0.2037635019
0.2769842461 0.2037553575
0.2769417354 0.2037472085
0.2768992248 0.2037390548
0.2768567142 0.2037308965
0.2768142036 0.2037227336
0.2767716929 0.2037145660
0.2767291823 0.2037063938
0.2766866717 0.2036982170
0.2766441610 0.2036900355
0.2766016504 0.2036818495
0.2765591398 0.2036736588
0.2765166292 0.2036654636
0.2764741185 0.2036572637
0.2764316079 0.2036490593
0.2763890973 0.2036408503
0.2763465866 0.2036326367
0.2763040760 0.2036244186
0.2762615654 0.2036161958
0.2762190548 0.2036079686
0.2761765441 0.2035997368
0.2761340335 0.2035915004
0.2760915229 0.2035832595
0.2760490123 0.2035750140
0.2760065016 0.2035667641
0.2759639910 0.2035585096
0.2759214804 0.2035502506
0.2758789697 0.2035419870
0.2758364591 0.2035337190
0.2757939485 0.2035254465
0.2757514379 0.2035171695
0.2757089272 0.2035088880
0.2756664166 0.2035006020
0.2756239060 0.2034923116
0.2755813953 0.2034840166
0.2755388847 0.2034757172
0.2754963741 0.2034674134
0.2754538635 0.2034591051
0.2754113528 0.2034507924
0.2753688422 0.2034424752
0.2753263316 0.2034341536
0.2752838210 0.2034258275
0.2752413103 0.2034174971
0.2751987997 0.2034091622
0.2751562891 0.2034008229
0.2751137784 0.2033924793
0.2750712678 0.2033841312
0.2750287572 0.2033757787
0.2749862466 0.2033674219
0.2749437359 0.2033590607
0.2749012253 0.2033506951
0.2748587147 0.2033423251
0.2748162041 0.2033339508
0.2747736934 0.2033255722
0.2747311828 0.2033171892
0.2746886722 0.2033088018
0.2746461615 0.2033004102
0.2746036509 0.2032920142
0.2745611403 0.2032836139
0.2745186297 0.2032752092
0.2744761190 0.2032668003
0.2744336084 0.2032583871
0.2743910978 0.2032499695
0.2743485871 0.2032415477
0.2743060765 0.2032331216
0.2742635659 0.2032246913
0.2742210553 0.2032162567
0.2741785446 0.2032078178
0.2741360340 0.2031993746
0.2740935234 0.2031909273
0.2740510128 0.2031824756
0.2740085021 0.2031740198
0.2739659915 0.2031655597
0.2739234809 0.2031570954
0.2738809702 0.2031486269
0.2738384596 0.2031401542
0.2737959490 0.2031316773
0.2737534384 0.2031231962
0.2737109277 0.2031147109
0.2736684171 0.2031062214
0.2736259065 0.2030977278
0.2735833958 0.2030892300
0.2735408852 0.2030807280
0.2734983746 0.2030722219
0.2734558640 0.2030637116
0.2734133533 0.2030551972
0.2733708427 0.2030466787
0.2733283321 0.2030381561
0.2732858215 0.2030296293
0.2732433108 0.2030210984
0.2732008002 0.2030125635
0.2731582896 0.2030040244
0.2731157789 0.2029954813
0.2730732683 0.2029869340
0.2730307577 0.2029783827
0.2729882471 0.2029698274
0.2729457364 0.2029612680
0.2729032258 0.2029527045
0.2728607152 0.2029441370
0.2728182046 0.2029355654
0.2727756939 0.2029269898
0.2727331833 0.2029184102
0.2726906727 0.2029098266
0.2726481620 0.2029012390
0.2726056514 0.2028926473
0.2725631408 0.2028840517
0.2725206302 0.2028754521
0.2724781195 0.2028668485
0.2724356089 0.2028582410
0.2723930983 0.2028496295
0.2723505876 0.2028410140
0.2723080770 0.2028323946
0.2722655664 0.2028237712
0.2722230558 0.2028151439
0.2721805451 0.2028065127
0.2721380345 0.2027978776
0.2720955239 0.2027892385
0.2720530133 0.2027805956
0.2720105026 0.2027719487
0.2719679920 0.2027632980
0.2719254814 0.2027546434
0.2718829707 0.2027459849
0.2718404601 0.2027373226
0.2717979495 0.2027286564
0.2717554389 0.2027199863
0.2717129282 0.2027113124
0.2716704176 0.2027026347
0.2716279070 0.2026939532
0.2715853963 0.2026852678
0.2715428857 0.2026765786
0.2715003751 0.2026678856
0.2714578645 0.2026591889
0.2714153538 0.2026504883
0.2713728432 0.2026417840
0.2713303326 0.2026330759
0.2712878220 0.2026243640
0.2712453113 0.2026156484
0.2712028007 0.2026069290
0.2711602901 0.2025982059
0.2711177794 0.2025894791
0.2710752688 0.2025807485
0.2710327582 0.2025720143
0.2709902476 0.2025632763
0.2709477369 0.2025545346
0.2709052263 0.2025457892
0.2708627157 0.2025370402
0.2708202051 0.2025282875
0.2707776944 0.2025195311
0.2707351838 0.2025107710
0.2706926732 0.2025020074
0.2706501625 0.2024932400
0.2706076519 0.2024844691
0.2705651413 0.2024756945
0.2705226307 0.2024669163
0.2704801200 0.2024581345
0.2704376094 0.2024493491
0.2703950988 0.2024405601
0.2703525881 0.2024317675
0.2703100775 0.2024229714
0.2702675669 0.2024141716
0.2702250563 0.2024053684
0.2701825456 0.2023965615
0.2701400350 0.2023877512
0.2700975244 0.2023789373
0.2700550138 0.2023701199
0.2700125031 0.2023612990
0.2699699925 0.2023524745
0.2699274819 0.2023436466
0.2698849712 0.2023348152
0.2698424606 0.2023259803
0.2697999500 0.2023171419
0.2697574394 0.2023083001
0.2697149287 0.2022994548
0.2696724181 0.2022906061
0.2696299075 0.2022817539
0.2695873968 0.2022728984
0.2695448862 0.2022640394
0.2695023756 0.2022551769
0.2694598650 0.2022463111
0.2694173543 0.2022374419
0.2693748437 0.2022285693
0.2693323331 0.2022196934
0.2692898225 0.2022108140
0.2692473118 0.2022019314
0.2692048012 0.2021930453
0.2691622906 0.2021841560
0.2691197799 0.2021752633
0.2690772693 0.2021663673
0.2690347587 0.2021574679
0.2689922481 0.2021485653
0.2689497374 0.2021396594
0.2689072268 0.2021307502
0.2688647162 0.2021218377
0.2688222056 0.2021129220
0.2687796949 0.2021040030
0.2687371843 0.2020950807
0.2686946737 0.2020861552
0.2686521630 0.2020772265
0.2686096524 0.2020682946
0.2685671418 0.2020593594
0.2685246312 0.2020504211
0.2684821205 0.2020414796
0.2684396099 0.2020325348
0.2683970993 0.2020235870
0.2683545886 0.2020146359
0.2683120780 0.2020056817
0.2682695674 0.2019967244
0.2682270568 0.2019877639
0.2681845461 0.2019788003
0.2681420355 0.2019698335
0.2680995249 0.2019608637
0.2680570143 0.2019518908
0.2680145036 0.2019429148
0.2679719930 0.2019339357
0.2679294824 0.2019249535
0.2678869717 0.2019159683
0.2678444611 0.2019069800
0.2678019505 0.2018979887
0.2677594399 0.2018889944
0.2677169292 0.2018799970
0.2676744186 0.2018709966
0.2676319080 0.2018619933
0.2675893973 0.2018529869
0.2675468867 0.2018439776
0.2675043761 0.2018349653
0.2674618655 0.2018259500
0.2674193548 0.2018169318
0.2673768442 0.2018079106
0.2673343336 0.2017988865
0.2672918230 0.2017898595
0.2672493123 0.2017808296
0.2672068017 0.2017717967
0.2671642911 0.2017627610
0.2671217804 0.2017537224
0.2670792698 0.2017446809
0.2670367592 0.2017356366
0.2669942486 0.2017265894
0.2669517379 0.2017175394
0.2669092273 0.2017084865
0.2668667167 0.2016994308
0.2668242061 0.2016903723
0.2667816954 0.2016813110
0.2667391848 0.2016722469
0.2666966742 0.2016631801
0.2666541635 0.2016541104
0.2666116529 0.2016450380
0.2665691423 0.2016359629
0.2665266317 0.2016268850
0.2664841210 0.2016178044
0.2664416104 0.2016087211
0.2663990998 0.2015996350
0.2663565891 0.2015905463
0.2663140785 0.2015814549
0.2662715679 0.2015723608
0.2662290573 0.2015632640
0.2661865466 0.2015541646
0.2661440360 0.2015450625
0.2661015254 0.2015359578
0.2660590148 0.2015268504
0.2660165041 0.2015177405
0.2659739935 0.2015086280
0.2659314829 0.2015000000
0.2658889722 0.2015000000
0.2658464616 0.2015000000
0.2658039510 0.2015000000
0.2657614404 0.2015000000
0.2657189297 0.2015000000
0.2656764191 0.2015000000
0.2656339085 0.2015000000
0.2655913978 0.2015000000
0.2655488872 0.2015000000
0.2655063766 0.2015000000
0.2654638660 0.2015000000
0.2654213553 0.2015000000
0.2653788447 0.2015000000
0.2653363341 0.2015000000
0.2652938235 0.2015000000
0.2652513128 0.2015000000
0.2652088022 0.2015000000
0.2651662916 0.2015000000
0.2651237809 0.2015000000
0.2650812703 0.2015000000
0.2650387597 0.2015000000
0.2649962491 0.2015000000
0.2649537384 0.2015000000
0.2649112278 0.2015000000
0.2648687172 0.2015000000
0.2648262066 0.2015000000
0.2647836959 0.2015000000
0.2647411853 0.2015000000
0.2646986747 0.2015000000
0.2646561640 0.2015000000
0.2646136534 0.2015000000
0.2645711428 0.2015000000
0.2645286322 0.2015000000
0.2644861215 0.2015000000
0.2644436109 0.2015000000
0.2644011003 0.2015000000
0.2643585896 0.2015000000
0.2643160790 0.2015000000
0.2642735684 0.2015000000
0.2642310578 0.2015000000
0.2641885471 0.2015000000
0.2641460365 0.2015000000
0.2641035259 0.2015000000
0.2640610153 0.2015000000
0.2640185046 0.2015000000
0.2639759940 0.2015000000
0.2639334834 0.2015000000
0.2638909727 0.2015000000
0.2638484621 0.2015000000
0.2638059515 0.2015000000
0.2637634409 0.2015000000
0.2637209302 0.2015000000
0.2636784196 0.2015000000
0.2636359090 0.2015000000
0.2635933983 0.2015000000
0.2635508877 0.2015000000
0.2635083771 0.2015000000
0.2634658665 0.2015000000
0.2634233558 0.2015000000
0.2633808452 0.2015000000
0.2633383346 0.2015000000
0.2632958240 0.2015000000
0.2632533133 0.2015000000
0.2632108027 0.2015000000
0.2631682921 0.2015000000
0.2631257814 0.2015000000
0.2630832708 0.2015000000
0.2630407602 0.2015000000
0.2629982496 0.2015000000
0.2629557389 0.2015000000
0.2629132283 0.2015000000
0.2628707177 0.2015000000
0.2628282071 0.2015000000
0.2627856964 0.2015000000
0.2627431858 0.2015000000
0.2627006752 0.2015000000
0.2626581645 0.2015000000
0.2626156539 0.2015000000
0.2625731433 0.2015000000
0.2625306327 0.2015000000
0.2624881220 0.2015000000
0.2624456114 0.2015000000
0.2624031008 0.2015000000
0.2623605901 0.2015000000
0.2623180795 0.2015000000
0.2622755689 0.2015000000
0.2622330583 0.2015000000
0.2621905476 0.2015000000
0.2621480370 0.2015000000
0.2621055264 0.2015000000
0.2620630158 0.2015000000
0.2620205051 0.2015000000
0.2619779945 0.2015000000
0.2619354839 0.2015000000
0.2618929732 0.2015000000
0.2618504626 0.2015000000
0.2618079520 0.2015000000
0.2617654414 0.2015000000
0.2617229307 0.2015000000
0.2616804201 0.2015000000
0.2616379095 0.2015000000
0.2615953988 0.2015000000
0.2615528882 0.2015000000
0.2615103776 0.2015000000
0.2614678670 0.2015000000
0.2614253563 0.2015000000
0.2613828457 0.2015000000
0.2613403351 0.2015000000
0.2612978245 0.2015000000
0.2612553138 0.2015000000
0.2612128032 0.2015000000
0.2611702926 0.2015000000
0.2611277819 0.2015000000
0.2610852713 0.2015000000
0.2610427607 0.2015000000
0.2610002501 0.2015000000
0.2609577394 0.2015000000
0.2609152288 0.2015000000
0.2608727182 0.2015000000
0.2608302076 0.2015000000
0.2607876969 0.2015000000
0.2607451863 0.2015000000
0.2607026757 0.2015000000
0.2606601650 0.2015000000
0.2606176544 0.2015000000
0.2605751438 0.2015000000
0.2605326332 0.2015000000
0.2604901225 0.2015000000
0.2604476119 0.2015000000
0.2604051013 0.2015000000
0.2603625906 0.2015000000
0.2603200800 0.2015000000
0.2602775694 0.2015000000
0.2602350588 0.2015000000
0.2601925481 0.2015000000
0.2601500375 0.2015000000
0.2601075269 0.2015000000
0.2600650163 0.2015000000
0.2600225056 0.2015000000
0.2599799950 0.2015000000
0.2599374844 0.2015000000
0.2598949737 0.2015000000
0.2598524631 0.2015000000
0.2598099525 0.2015000000
0.2597674419 0.2015000000
0.2597249312 0.2015000000
0.2596824206 0.2015000000
0.2596399100 0.2015000000
0.2595973993 0.2015000000
0.2595548887 0.2015000000
0.2595123781 0.2015000000
0.2594698675 0.2015000000
0.2594273568 0.2015000000
0.2593848462 0.2015000000
0.2593423356 0.2015000000
0.2592998250 0.2015000000
0.2592573143 0.2015000000
0.2592148037 0.2015000000
0.2591722931 0.2015000000
0.2591297824 0.2015000000
0.2590872718 0.2015000000
0.2590447612 0.2015000000
0.2590022506 0.2015000000
0.2589597399 0.2015000000
0.2589172293 0.2015000000
0.2588747187 0.2015000000
0.2588322081 0.2015000000
0.2587896974 0.2015000000
0.2587471868 0.2015000000
0.2587046762 0.2015000000
0.2586621655 0.2015000000
0.2586196549 0.2015000000
0.2585771443 0.2015000000
0.2585346337 0.2015000000
0.2584921230 0.2015000000
0.2584496124 0.2015000000
0.2584071018 0.2015000000
0.2583645911 0.2015000000
0.2583220805 0.2015000000
0.2582795699 0.2015000000
0.2582370593 0.2015000000
0.2581945486 0.2015000000
0.2581520380 0.2015000000
0.2581095274 0.2015000000
0.2580670168 0.2015000000
0.2580245061 0.2015000000
0.2579819955 0.2015000000
0.2579394849 0.2015000000
0.2578969742 0.2015000000
0.2578544636 0.2015000000
0.2578119530 0.2015000000
0.2577694424 0.2015000000
0.2577269317 0.2015000000
0.2576844211 0.2015000000
0.2576419105 0.2015000000
0.2575993998 0.2015000000
0.2575568892 0.2015000000
0.2575143786 0.2015000000
0.2574718680 0.2015000000
0.2574293573 0.2015000000
0.2573868467 0.2015000000
0.2573443361 0.2015000000
0.2573018255 0.2015000000
0.2572593148 0.2015000000
0.2572168042 0.2015000000
0.2571742936 0.2015000000
0.2571317829 0.2015000000
0.2570892723 0.2015000000
0.2570467617 0.2015000000
0.2570042511 0.2015000000
0.2569617404 0.2015000000
0.2569192298 0.2015000000
0.2568767192 0.2015000000
0.2568342086 0.2015000000
0.2567916979 0.2015000000
0.2567491873 0.2015000000
0.2567066767 0.2015000000
0.2566641660 0.2015000000
0.2566216554 0.2015000000
0.2565791448 0.2015000000
0.2565366342 0.2015000000
0.2564941235 0.2015000000
0.2564516129 0.2015000000
0.2564091023 0.2015000000
0.2563665916 0.2015000000
0.2563240810 0.2015000000
0.2562815704 0.2015000000
0.2562390598 0.2015000000
0.2561965491 0.2015000000
0.2561540385 0.2015000000
0.2561115279 0.2015000000
0.2560690173 0.2015000000
0.2560265066 0.2015000000
0.2559839960 0.2015000000
0.2559414854 0.2015000000
0.2558989747 0.2015000000
0.2558564641 0.2015000000
0.2558139535 0.2015000000
0.2557714429 0.2015000000
0.2557289322 0.2015000000
0.2556864216 0.2015000000
0.2556439110 0.2015000000
0.2556014004 0.2015000000
0.2555588897 0.2015000000
0.2555163791 0.2015000000
0.2554738685 0.2015000000
0.2554313578 0.2015000000
0.2553888472 0.2015000000
0.2553463366 0.2015000000
0.2553038260 0.2015000000
0.2552613153 0.2015000000
0.2552188047 0.2015000000
0.2551762941 0.2015000000
0.2551337834 0.2015000000
0.2550912728 0.2015000000
0.2550487622 0.2015000000
0.2550062516 0.2015000000
0.2549637409 0.2015000000
0.2549212303 0.2015000000
0.2548787197 0.2015000000
0.2548362091 0.2015000000
0.2547936984 0.2015000000
0.2547511878 0.2015000000
0.2547086772 0.2015000000
0.2546661665 0.2015000000
0.2546236559 0.2015000000
0.2545811453 0.2015000000
0.2545386347 0.2015000000
0.2544961240 0.2015000000
0.2544536134 0.2015000000
0.2544111028 0.2015000000
0.2543685921 0.2015000000
0.2543260815 0.2015000000
0.2542835709 0.2015000000
0.2542410603 0.2015000000
0.2541985496 0.2015000000
0.2541560390 0.2015000000
0.2541135284 0.2015000000
0.2540710178 0.2015000000
0.2540285071 0.2015000000
0.2539859965 0.2015000000
0.2539434859 0.2015000000
0.2539009752 0.2015000000
0.2538584646 0.2015000000
0.2538159540 0.2015000000
0.2537734434 0.2015000000
0.2537309327 0.2015000000
0.2536884221 0.2015000000
0.2536459115 0.2015000000
0.2536034009 0.2015000000
0.2535608902 0.2015000000
0.2535183796 0.2015000000
0.2534758690 0.2015000000
0.2534333583 0.2015000000
0.2533908477 0.2015000000
0.2533483371 0.2015000000
0.2533058265 0.2015000000
0.2532633158 0.2015000000
0.2532208052 0.2015000000
0.2531782946 0.2015000000
0.2531357839 0.2015000000
0.2530932733 0.2015000000
0.2530507627 0.2015000000
0.2530082521 0.2015000000
0.2529657414 0.2015000000
0.2529232308 0.2015000000
0.2528807202 0.2015000000
0.2528382096 0.2015000000
0.2527956989 0.2015000000
0.2527531883 0.2015000000
0.2527106777 0.2015000000
0.2526681670 0.2015000000
0.2526256564 0.2015000000
0.2525831458 0.2015000000
0.2525406352 0.2015000000
0.2524981245 0.2015000000
0.2524556139 0.2015000000
0.2524131033 0.2015000000
0.2523705926 0.2015000000
0.2523280820 0.2015000000
0.2522855714 0.2015000000
0.2522430608 0.2015000000
0.2522005501 0.2015000000
0.2521580395 0.2015000000
0.2521155289 0.2015000000
0.2520730183 0.2015000000
0.2520305076 0.2015000000
0.2519879970 0.2015000000
0.2519454864 0.2015000000
0.2519029757 0.2015000000
0.2518604651 0.2015000000
0.2518179545 0.2015000000
0.2517754439 0.2015000000
0.2517329332 0.2015000000
0.2516904226 0.2015000000
0.2516479120 0.2015000000
0.2516054014 0.2015000000
0.2515628907 0.2015000000
0.2515203801 0.2015000000
0.2514778695 0.2015000000
0.2514353588 0.2015000000
0.2513928482 0.2015000000
0.2513503376 0.2015000000
0.2513078270 0.2015000000
0.2512653163 0.2015000000
0.2512228057 0.2015000000
0.2511802951 0.2015000000
0.2511377844 0.2015000000
0.2510952738 0.2015000000
0.2510527632 0.2015000000
0.2510102526 0.2015000000
0.2509677419 0.2015000000
0.2509252313 0.2015000000
0.2508827207 0.2015000000
0.2508402101 0.2015000000
0.2507976994 0.2015000000
0.2507551888 0.2015000000
0.2507126782 0.2015000000
0.2506701675 0.2015000000
0.2506276569 0.2015000000
0.2505851463 0.2015000000
0.2505426357 0.2015000000
0.2505001250 0.2015000000
0.2504576144 0.2015000000
0.2504151038 0.2015000000
0.2503725931 0.2015000000
0.2503300825 0.2015000000
0.2502875719 0.2015000000
0.2502450613 0.2015000000
0.2502025506 0.2015000000
0.2501600400 0.2015000000
0.2501175294 0.2015000000
0.2500750188 0.2015000000
0.2500325081 0.2015000000
0.2499899975 0.2015000000
0.2499474869 0.2015000000
0.2499049762 0.2015000000
0.2498624656 0.2015000000
0.2498199550 0.2015000000
0.2497774444 0.2015000000
0.2497349337 0.2015000000
0.2496924231 0.2015000000
0.2496499125 0.2015000000
0.2496074019 0.2015000000
0.2495648912 0.2015000000
0.2495223806 0.2015000000
0.2494798700 0.2015000000
0.2494373593 0.2015000000
0.2493948487 0.2015000000
0.2493523381 0.2015000000
0.2493098275 0.2015000000
0.2492673168 0.2015000000
0.2492248062 0.2015000000
0.2491822956 0.2015000000
0.2491397849 0.2015000000
0.2490972743 0.2015000000
0.2490547637 0.2015000000
0.2490122531 0.2015000000
0.2489697424 0.2015000000
0.2489272318 0.2015000000
0.2488847212 0.2015000000
0.2488422106 0.2015000000
0.2487996999 0.2015000000
0.2487571893 0.2015000000
0.2487146787 0.2015000000
0.2486721680 0.2015000000
0.2486296574 0.2015000000
0.2485871468 0.2015000000
0.2485446362 0.2015000000
0.2485021255 0.2015000000
0.2484596149 0.2015000000
0.2484171043 0.2015000000
0.2483745936 0.2015000000
0.2483320830 0.2015000000
0.2482895724 0.2015000000
0.2482470618 0.2015000000
0.2482045511 0.2015000000
0.2481620405 0.2015000000
0.2481195299 0.2015000000
0.2480770193 0.2015000000
0.2480345086 0.2015000000
0.2479919980 0.2015000000
0.2479494874 0.2015000000
0.2479069767 0.2015000000
0.2478644661 0.2015000000
0.2478219555 0.2015000000
0.2477794449 0.2015000000
0.2477369342 0.2015000000
0.2476944236 0.2015000000
0.2476519130 0.2015000000
0.2476094024 0.2015000000
0.2476094024 0.2015064129
