0.2476094024 0.1984935871
0.2476519130 0.1984846633
0.2476944236 0.1984757352
0.2477369342 0.1984668028
0.2477794449 0.1984578662
0.2478219555 0.1984489255
0.2478644661 0.1984399805
0.2479069767 0.1984310315
0.2479494874 0.1984220783
0.2479919980 0.1984131209
0.2480345086 0.1984041595
0.2480770193 0.1983951941
0.2481195299 0.1983862246
0.2481620405 0.1983772510
0.2482045511 0.1983682735
0.2482470618 0.1983592920
0.2482895724 0.1983503065
0.2483320830 0.1983413171
0.2483745936 0.1983323238
0.2484171043 0.1983233266
0.2484596149 0.1983143255
0.2485021255 0.1983053206
0.2485446362 0.1982963118
0.2485871468 0.1982872992
0.2486296574 0.1982782829
0.2486721680 0.1982692627
0.2487146787 0.1982602389
0.2487571893 0.1982512113
0.2487996999 0.1982421800
0.2488422106 0.1982331450
0.2488847212 0.1982241063
0.2489272318 0.1982150640
0.2489697424 0.1982060181
0.2490122531 0.1981969686
0.2490547637 0.1981879155
0.2490972743 0.1981788589
0.2491397849 0.1981697987
0.2491822956 0.1981607350
0.2492248062 0.1981516678
0.2492673168 0.1981425971
0.2493098275 0.1981335230
0.2493523381 0.1981244454
0.2493948487 0.1981153644
0.2494373593 0.1981062801
0.2494798700 0.1980971923
0.2495223806 0.1980881012
0.2495648912 0.1980790068
0.2496074019 0.1980699090
0.2496499125 0.1980608080
0.2496924231 0.1980517037
0.2497349337 0.1980425961
0.2497774444 0.1980334854
0.2498199550 0.1980243714
0.2498624656 0.1980152542
0.2499049762 0.1980061338
0.2499474869 0.1979970103
0.2499899975 0.1979878837
0.2500325081 0.1979787539
0.2500750188 0.1979696211
0.2501175294 0.1979604852
0.2501600400 0.1979513462
0.2502025506 0.1979422043
0.2502450613 0.1979330593
0.2502875719 0.1979239113
0.2503300825 0.1979147603
0.2503725931 0.1979056064
0.2504151038 0.1978964496
0.2504576144 0.1978872899
0.2505001250 0.1978781272
0.2505426357 0.1978689617
0.2505851463 0.1978597934
0.2506276569 0.1978506222
0.2506701675 0.1978414482
0.2507126782 0.1978322714
0.2507551888 0.1978230918
0.2507976994 0.1978139095
0.2508402101 0.1978047245
0.2508827207 0.1977955367
0.2509252313 0.1977863463
0.2509677419 0.1977771532
0.2510102526 0.1977679574
0.2510527632 0.1977587590
0.2510952738 0.1977495579
0.2511377844 0.1977403543
0.2511802951 0.1977311481
0.2512228057 0.1977219393
0.2512653163 0.1977127280
0.2513078270 0.1977035142
0.2513503376 0.1976942979
0.2513928482 0.1976850791
0.2514353588 0.1976758578
0.2514778695 0.1976666341
0.2515203801 0.1976574080
0.2515628907 0.1976481795
0.2516054014 0.1976389485
0.2516479120 0.1976297152
0.2516904226 0.1976204796
0.2517329332 0.1976112417
0.2517754439 0.1976020014
0.2518179545 0.1975927588
0.2518604651 0.1975835140
0.2519029757 0.1975742669
0.2519454864 0.1975650176
0.2519879970 0.1975557661
0.2520305076 0.1975465123
0.2520730183 0.1975372564
0.2521155289 0.1975279983
0.2521580395 0.1975187381
0.2522005501 0.1975094758
0.2522430608 0.1975002114
0.2522855714 0.1974909449
0.2523280820 0.1974816763
0.2523705926 0.1974724057
0.2524131033 0.1974631330
0.2524556139 0.1974538583
0.2524981245 0.1974445817
0.2525406352 0.1974353031
0.2525831458 0.1974260225
0.2526256564 0.1974167400
0.2526681670 0.1974074555
0.2527106777 0.1973981692
0.2527531883 0.1973888810
0.2527956989 0.1973795909
0.2528382096 0.1973702990
0.2528807202 0.1973610052
0.2529232308 0.1973517097
0.2529657414 0.1973424123
0.2530082521 0.1973331132
0.2530507627 0.1973238123
0.2530932733 0.1973145097
0.2531357839 0.1973052054
0.2531782946 0.1972958994
0.2532208052 0.1972865917
0.2532633158 0.1972772823
0.2533058265 0.1972679713
0.2533483371 0.1972586587
0.2533908477 0.1972493444
0.2534333583 0.1972400286
0.2534758690 0.1972307112
0.2535183796 0.1972213922
0.2535608902 0.1972120717
0.2536034009 0.1972027497
0.2536459115 0.1971934262
0.2536884221 0.1971841012
0.2537309327 0.1971747747
0.2537734434 0.1971654468
0.2538159540 0.1971561174
0.2538584646 0.1971467866
0.2539009752 0.1971374545
0.2539434859 0.1971281209
0.2539859965 0.1971187860
0.2540285071 0.1971094498
0.2540710178 0.1971001122
0.2541135284 0.1970907733
0.2541560390 0.1970814331
0.2541985496 0.1970720917
0.2542410603 0.1970627490
0.2542835709 0.1970534050
0.2543260815 0.1970440598
0.2543685921 0.1970347135
0.2544111028 0.1970253659
0.2544536134 0.1970160172
0.2544961240 0.1970066673
0.2545386347 0.1969973163
0.2545811453 0.1969879642
0.2546236559 0.1969786109
0.2546661665 0.1969692566
0.2547086772 0.1969599012
0.2547511878 0.1969505448
0.2547936984 0.1969411873
0.2548362091 0.1969318288
0.2548787197 0.1969224694
0.2549212303 0.1969131089
0.2549637409 0.1969037475
0.2550062516 0.1968943851
0.2550487622 0.1968850218
0.2550912728 0.1968756576
0.2551337834 0.1968662924
0.2551762941 0.1968569264
0.2552188047 0.1968475596
0.2552613153 0.1968381919
0.2553038260 0.1968288233
0.2553463366 0.1968194540
0.2553888472 0.1968100838
0.2554313578 0.1968007129
0.2554738685 0.1967913412
0.2555163791 0.1967819688
0.2555588897 0.1967725956
0.2556014004 0.1967632217
0.2556439110 0.1967538471
0.2556864216 0.1967444719
0.2557289322 0.1967350959
0.2557714429 0.1967257194
0.2558139535 0.1967163421
0.2558564641 0.1967069643
0.2558989747 0.1966975859
0.2559414854 0.1966882069
0.2559839960 0.1966788273
0.2560265066 0.1966694472
0.2560690173 0.1966600666
0.2561115279 0.1966506854
0.2561540385 0.1966413037
0.2561965491 0.1966319216
0.2562390598 0.1966225389
0.2562815704 0.1966131558
0.2563240810 0.1966037723
0.2563665916 0.1965943884
0.2564091023 0.1965850041
0.2564516129 0.1965756193
0.2564941235 0.1965662342
0.2565366342 0.1965568488
0.2565791448 0.1965474630
0.2566216554 0.1965380768
0.2566641660 0.1965286904
0.2567066767 0.1965193037
0.2567491873 0.1965099167
0.2567916979 0.1965005294
0.2568342086 0.1964911419
0.2568767192 0.1964817542
0.2569192298 0.1964723662
0.2569617404 0.1964629781
0.2570042511 0.1964535897
0.2570467617 0.1964442012
0.2570892723 0.1964348126
0.2571317829 0.1964254238
0.2571742936 0.1964160349
0.2572168042 0.1964066459
0.2572593148 0.1963972568
0.2573018255 0.1963878676
0.2573443361 0.1963784784
0.2573868467 0.1963690891
0.2574293573 0.1963596998
0.2574718680 0.1963503105
0.2575143786 0.1963409212
0.2575568892 0.1963315319
0.2575993998 0.1963221426
0.2576419105 0.1963127534
0.2576844211 0.1963033643
0.2577269317 0.1962939752
0.2577694424 0.1962845863
0.2578119530 0.1962751974
0.2578544636 0.1962658087
0.2578969742 0.1962564201
0.2579394849 0.1962470317
0.2579819955 0.1962376434
0.2580245061 0.1962282554
0.2580670168 0.1962188675
0.2581095274 0.1962094798
0.2581520380 0.1962000924
0.2581945486 0.1961907052
0.2582370593 0.1961813183
0.2582795699 0.1961719317
0.2583220805 0.1961625453
0.2583645911 0.1961531593
0.2584071018 0.1961437736
0.2584496124 0.1961343882
0.2584921230 0.1961250032
0.2585346337 0.1961156185
0.2585771443 0.1961062342
0.2586196549 0.1960968503
0.2586621655 0.1960874668
0.2587046762 0.1960780838
0.2587471868 0.1960687011
0.2587896974 0.1960593190
0.2588322081 0.1960499373
0.2588747187 0.1960405561
0.2589172293 0.1960311754
0.2589597399 0.1960217951
0.2590022506 0.1960124155
0.2590447612 0.1960030363
0.2590872718 0.1959936577
0.2591297824 0.1959842797
0.2591722931 0.1959749023
0.2592148037 0.1959655255
0.2592573143 0.1959561493
0.2592998250 0.1959467737
0.2593423356 0.1959373987
0.2593848462 0.1959280244
0.2594273568 0.1959186508
0.2594698675 0.1959092779
0.2595123781 0.1958999056
0.2595548887 0.1958905341
0.2595973993 0.1958811633
0.2596399100 0.1958717932
0.2596824206 0.1958624239
0.2597249312 0.1958530554
0.2597674419 0.1958436876
0.2598099525 0.1958343207
0.2598524631 0.1958249545
0.2598949737 0.1958155892
0.2599374844 0.1958062247
0.2599799950 0.1957968611
0.2600225056 0.1957874984
0.2600650163 0.1957781365
0.2601075269 0.1957687755
0.2601500375 0.1957594154
0.2601925481 0.1957500563
0.2602350588 0.1957406981
0.2602775694 0.1957313408
0.2603200800 0.1957219845
0.2603625906 0.1957126292
0.2604051013 0.1957032748
0.2604476119 0.1956939215
0.2604901225 0.1956845692
0.2605326332 0.1956752179
0.2605751438 0.1956658677
0.2606176544 0.1956565185
0.2606601650 0.1956471704
0.2607026757 0.1956378234
0.2607451863 0.1956284775
0.2607876969 0.1956191327
0.2608302076 0.1956097890
0.2608727182 0.1956004465
0.2609152288 0.1955911051
0.2609577394 0.1955817649
0.2610002501 0.1955724259
0.2610427607 0.1955630880
0.2610852713 0.1955537514
0.2611277819 0.1955444160
0.2611702926 0.1955350818
0.2612128032 0.1955257489
0.2612553138 0.1955164172
0.2612978245 0.1955070868
0.2613403351 0.1954977577
0.2613828457 0.1954884299
0.2614253563 0.1954791034
0.2614678670 0.1954697783
0.2615103776 0.1954604544
0.2615528882 0.1954511319
0.2615953988 0.1954418108
0.2616379095 0.1954324911
0.2616804201 0.1954231727
0.2617229307 0.1954138558
0.2617654414 0.1954045403
0.2618079520 0.1953952262
0.2618504626 0.1953859135
0.2618929732 0.1953766023
0.2619354839 0.1953672926
0.2619779945 0.1953579844
0.2620205051 0.1953486776
0.2620630158 0.1953393724
0.2621055264 0.1953300686
0.2621480370 0.1953207664
0.2621905476 0.1953114658
0.2622330583 0.1953021667
0.2622755689 0.1952928692
0.2623180795 0.1952835732
0.2623605901 0.1952742789
0.2624031008 0.1952649862
0.2624456114 0.1952556950
0.2624881220 0.1952464056
0.2625306327 0.1952371177
0.2625731433 0.1952278315
0.2626156539 0.1952185470
0.2626581645 0.1952092642
0.2627006752 0.1951999831
0.2627431858 0.1951907037
0.2627856964 0.1951814260
0.2628282071 0.1951721500
0.2628707177 0.1951628758
0.2629132283 0.1951536033
0.2629557389 0.1951443326
0.2629982496 0.1951350637
0.2630407602 0.1951257966
0.2630832708 0.1951165312
0.2631257814 0.1951072677
0.2631682921 0.1950980061
0.2632108027 0.1950887462
0.2632533133 0.1950794883
0.2632958240 0.1950702322
0.2633383346 0.1950609779
0.2633808452 0.1950517256
0.2634233558 0.1950424752
0.2634658665 0.1950332267
0.2635083771 0.1950239801
0.2635508877 0.1950147354
0.2635933983 0.1950054927
0.2636359090 0.1949962520
0.2636784196 0.1949870132
0.2637209302 0.1949777764
0.2637634409 0.1949685416
0.2638059515 0.1949593089
0.2638484621 0.1949500781
0.2638909727 0.1949408494
0.2639334834 0.1949316227
0.2639759940 0.1949223981
0.2640185046 0.1949131756
0.2640610153 0.1949039551
0.2641035259 0.1948947367
0.2641460365 0.1948855205
0.2641885471 0.1948763063
0.2642310578 0.1948670943
0.2642735684 0.1948578844
0.2643160790 0.1948486766
0.2643585896 0.1948394711
0.2644011003 0.1948302677
0.2644436109 0.1948210664
0.2644861215 0.1948118674
0.2645286322 0.1948026706
0.2645711428 0.1947934760
0.2646136534 0.1947842836
0.2646561640 0.1947750935
0.2646986747 0.1947659056
0.2647411853 0.1947567200
0.2647836959 0.1947475367
0.2648262066 0.1947383556
0.2648687172 0.1947291769
0.2649112278 0.1947200004
0.2649537384 0.1947108263
0.2649962491 0.1947016545
0.2650387597 0.1946924850
0.2650812703 0.1946833180
0.2651237809 0.1946741532
0.2651662916 0.1946649909
0.2652088022 0.1946558309
0.2652513128 0.1946466733
0.2652938235 0.1946375182
0.2653363341 0.1946283654
0.2653788447 0.1946192151
0.2654213553 0.1946100672
0.2654638660 0.1946009218
0.2655063766 0.1945917789
0.2655488872 0.1945826384
0.2655913978 0.1945735004
0.2656339085 0.1945643649
0.2656764191 0.1945552319
0.2657189297 0.1945461014
0.2657614404 0.1945369735
0.2658039510 0.1945278481
0.2658464616 0.1945187252
0.2658889722 0.1945096049
0.2659314829 0.1945004872
0.2659739935 0.1944913720
0.2660165041 0.1944822595
0.2660590148 0.1944731496
0.2661015254 0.1944640422
0.2661440360 0.1944549375
0.2661865466 0.1944458354
0.2662290573 0.1944367360
0.2662715679 0.1944276392
0.2663140785 0.1944185451
0.2663565891 0.1944094537
0.2663990998 0.1944003650
0.2664416104 0.1943912789
0.2664841210 0.1943821956
0.2665266317 0.1943731150
0.2665691423 0.1943640371
0.2666116529 0.1943549620
0.2666541635 0.1943458896
0.2666966742 0.1943368199
0.2667391848 0.1943277531
0.2667816954 0.1943186890
0.2668242061 0.1943096277
0.2668667167 0.1943005692
0.2669092273 0.1942915135
0.2669517379 0.1942824606
0.2669942486 0.1942734106
0.2670367592 0.1942643634
0.2670792698 0.1942553191
0.2671217804 0.1942462776
0.2671642911 0.1942372390
0.2672068017 0.1942282033
0.2672493123 0.1942191704
0.2672918230 0.1942101405
0.2673343336 0.1942011135
0.2673768442 0.1941920894
0.2674193548 0.1941830682
0.2674618655 0.1941740500
0.2675043761 0.1941650347
0.2675468867 0.1941560224
0.2675893973 0.1941470131
0.2676319080 0.1941380067
0.2676744186 0.1941290034
0.2677169292 0.1941200030
0.2677594399 0.1941110056
0.2678019505 0.1941020113
0.2678444611 0.1940930200
0.2678869717 0.1940840317
0.2679294824 0.1940750465
0.2679719930 0.1940660643
0.2680145036 0.1940570852
0.2680570143 0.1940481092
0.2680995249 0.1940391363
0.2681420355 0.1940301665
0.2681845461 0.1940211997
0.2682270568 0.1940122361
0.2682695674 0.1940032756
0.2683120780 0.1939943183
0.2683545886 0.1939853641
0.2683970993 0.1939764130
0.2684396099 0.1939674652
0.2684821205 0.1939585204
0.2685246312 0.1939495789
0.2685671418 0.1939406406
0.2686096524 0.1939317054
0.2686521630 0.1939227735
0.2686946737 0.1939138448
0.2687371843 0.1939049193
0.2687796949 0.1938959970
0.2688222056 0.1938870780
0.2688647162 0.1938781623
0.2689072268 0.1938692498
0.2689497374 0.1938603406
0.2689922481 0.1938514347
0.2690347587 0.1938425321
0.2690772693 0.1938336327
0.2691197799 0.1938247367
0.2691622906 0.1938158440
0.2692048012 0.1938069547
0.2692473118 0.1937980686
0.2692898225 0.1937891860
0.2693323331 0.1937803066
0.2693748437 0.1937714307
0.2694173543 0.1937625581
0.2694598650 0.1937536889
0.2695023756 0.1937448231
0.2695448862 0.1937359606
0.2695873968 0.1937271016
0.2696299075 0.1937182461
0.2696724181 0.1937093939
0.2697149287 0.1937005452
0.2697574394 0.1936916999
0.2697999500 0.1936828581
0.2698424606 0.1936740197
0.2698849712 0.1936651848
0.2699274819 0.1936563534
0.2699699925 0.1936475255
0.2700125031 0.1936387010
0.2700550138 0.1936298801
0.2700975244 0.1936210627
0.2701400350 0.1936122488
0.2701825456 0.1936034385
0.2702250563 0.1935946316
0.2702675669 0.1935858284
0.2703100775 0.1935770286
0.2703525881 0.1935682325
0.2703950988 0.1935594399
0.2704376094 0.1935506509
0.2704801200 0.1935418655
0.2705226307 0.1935330837
0.2705651413 0.1935243055
0.2706076519 0.1935155309
0.2706501625 0.1935067600
0.2706926732 0.1934979926
0.2707351838 0.1934892290
0.2707776944 0.1934804689
0.2708202051 0.1934717125
0.2708627157 0.1934629598
0.2709052263 0.1934542108
0.2709477369 0.1934454654
0.2709902476 0.1934367237
0.2710327582 0.1934279857
0.2710752688 0.1934192515
0.2711177794 0.1934105209
0.2711602901 0.1934017941
0.2712028007 0.1933930710
0.2712453113 0.1933843516
0.2712878220 0.1933756360
0.2713303326 0.1933669241
0.2713728432 0.1933582160
0.2714153538 0.1933495117
0.2714578645 0.1933408111
0.2715003751 0.1933321144
0.2715428857 0.1933234214
0.2715853963 0.1933147322
0.2716279070 0.1933060468
0.2716704176 0.1932973653
0.2717129282 0.1932886876
0.2717554389 0.1932800137
0.2717979495 0.1932713436
0.2718404601 0.1932626774
0.2718829707 0.1932540151
0.2719254814 0.1932453566
0.2719679920 0.1932367020
0.2720105026 0.1932280513
0.2720530133 0.1932194044
0.2720955239 0.1932107615
0.2721380345 0.1932021224
0.2721805451 0.1931934873
0.2722230558 0.1931848561
0.2722655664 0.1931762288
0.2723080770 0.1931676054
0.2723505876 0.1931589860
0.2723930983 0.1931503705
0.2724356089 0.1931417590
0.2724781195 0.1931331515
0.2725206302 0.1931245479
0.2725631408 0.1931159483
0.2726056514 0.1931073527
0.2726481620 0.1930987610
0.2726906727 0.1930901734
0.2727331833 0.1930815898
0.2727756939 0.1930730102
0.2728182046 0.1930644346
0.2728607152 0.1930558630
0.2729032258 0.1930472955
0.2729457364 0.1930387320
0.2729882471 0.1930301726
0.2730307577 0.1930216173
0.2730732683 0.1930130660
0.2731157789 0.1930045187
0.2731582896 0.1929959756
0.2732008002 0.1929874365
0.2732433108 0.1929789016
0.2732858215 0.1929703707
0.2733283321 0.1929618439
0.2733708427 0.1929533213
0.2734133533 0.1929448028
0.2734558640 0.1929362884
0.2734983746 0.1929277781
0.2735408852 0.1929192720
0.2735833958 0.1929107700
0.2736259065 0.1929022722
0.2736684171 0.1928937786
0.2737109277 0.1928852891
0.2737534384 0.1928768038
0.2737959490 0.1928683227
0.2738384596 0.1928598458
0.2738809702 0.1928513731
0.2739234809 0.1928429046
0.2739659915 0.1928344403
0.2740085021 0.1928259802
0.2740510128 0.1928175244
0.2740935234 0.1928090727
0.2741360340 0.1928006254
0.2741785446 0.1927921822
0.2742210553 0.1927837433
0.2742635659 0.1927753087
0.2743060765 0.1927668784
0.2743485871 0.1927584523
0.2743910978 0.1927500305
0.2744336084 0.1927416129
0.2744761190 0.1927331997
0.2745186297 0.1927247908
0.2745611403 0.1927163861
0.2746036509 0.1927079858
0.2746461615 0.1926995898
0.2746886722 0.1926911982
0.2747311828 0.1926828108
0.2747736934 0.1926744278
0.2748162041 0.1926660492
0.2748587147 0.1926576749
0.2749012253 0.1926493049
0.2749437359 0.1926409393
0.2749862466 0.1926325781
0.2750287572 0.1926242213
0.2750712678 0.1926158688
0.2751137784 0.1926075207
0.2751562891 0.1925991771
0.2751987997 0.1925908378
0.2752413103 0.1925825029
0.2752838210 0.1925741725
0.2753263316 0.1925658464
0.2753688422 0.1925575248
0.2754113528 0.1925492076
0.2754538635 0.1925408949
0.2754963741 0.1925325866
0.2755388847 0.1925242828
0.2755813953 0.1925159834
0.2756239060 0.1925076884
0.2756664166 0.1924993980
0.2757089272 0.1924911120
0.2757514379 0.1924828305
0.2757939485 0.1924745535
0.2758364591 0.1924662810
0.2758789697 0.1924580130
0.2759214804 0.1924497494
0.2759639910 0.1924414904
0.2760065016 0.1924332359
0.2760490123 0.1924249860
0.2760915229 0.1924167405
0.2761340335 0.1924084996
0.2761765441 0.1924002632
0.2762190548 0.1923920314
0.2762615654 0.1923838042
0.2763040760 0.1923755814
0.2763465866 0.1923673633
0.2763890973 0.1923591497
0.2764316079 0.1923509407
0.2764741185 0.1923427363
0.2765166292 0.1923345364
0.2765591398 0.1923263412
0.2766016504 0.1923181505
0.2766441610 0.1923099645
0.2766866717 0.1923017830
0.2767291823 0.1922936062
0.2767716929 0.1922854340
0.2768142036 0.1922772664
0.2768567142 0.1922691035
0.2768992248 0.1922609452
0.2769417354 0.1922527915
0.2769842461 0.1922446425
0.2770267567 0.1922364981
0.2770692673 0.1922283584
0.2771117779 0.1922202233
0.2771542886 0.1922120929
0.2771967992 0.1922039672
0.2772393098 0.1921958462
0.2772818205 0.1921877298
0.2773243311 0.1921796182
0.2773668417 0.1921715112
0.2774093523 0.1921634090
0.2774518630 0.1921553114
0.2774943736 0.1921472186
0.2775368842 0.1921391305
0.2775793948 0.1921310471
0.2776219055 0.1921229684
0.2776644161 0.1921148944
0.2777069267 0.1921068252
0.2777494374 0.1920987608
0.2777919480 0.1920907011
0.2778344586 0.1920826461
0.2778769692 0.1920745959
0.2779194799 0.1920665505
0.2779619905 0.1920585098
0.2780045011 0.1920504739
0.2780470118 0.1920424428
0.2780895224 0.1920344165
0.2781320330 0.1920263949
0.2781745436 0.1920183782
0.2782170543 0.1920103662
0.2782595649 0.1920023591
0.2783020755 0.1919943567
0.2783445861 0.1919863592
0.2783870968 0.1919783665
0.2784296074 0.1919703786
0.2784721180 0.1919623956
0.2785146287 0.1919544174
0.2785571393 0.1919464440
0.2785996499 0.1919384754
0.2786421605 0.1919305117
0.2786846712 0.1919225529
0.2787271818 0.1919145989
0.2787696924 0.1919066498
0.2788122031 0.1918987055
0.2788547137 0.1918907662
0.2788972243 0.1918828317
0.2789397349 0.1918749020
0.2789822456 0.1918669773
0.2790247562 0.1918590574
0.2790672668 0.1918511425
0.2791097774 0.1918432324
0.2791522881 0.1918353273
0.2791947987 0.1918274270
0.2792373093 0.1918195317
0.2792798200 0.1918116413
0.2793223306 0.1918037558
0.2793648412 0.1917958752
0.2794073518 0.1917879996
0.2794498625 0.1917801289
0.2794923731 0.1917722631
0.2795348837 0.1917644023
0.2795773943 0.1917565464
0.2796199050 0.1917486955
0.2796624156 0.1917408496
0.2797049262 0.1917330086
0.2797474369 0.1917251726
0.2797899475 0.1917173415
0.2798324581 0.1917095154
0.2798749687 0.1917016943
0.2799174794 0.1916938782
0.2799599900 0.1916860671
0.2800025006 0.1916782610
0.2800450113 0.1916704598
0.2800875219 0.1916626637
0.2801300325 0.1916548725
0.2801725431 0.1916470864
0.2802150538 0.1916393053
0.2802575644 0.1916315292
0.2803000750 0.1916237582
0.2803425856 0.1916159921
0.2803850963 0.1916082311
0.2804276069 0.1916004751
0.2804701175 0.1915927242
0.2805126282 0.1915849783
0.2805551388 0.1915772374
0.2805976494 0.1915695016
0.2806401600 0.1915617709
0.2806826707 0.1915540452
0.2807251813 0.1915463246
0.2807676919 0.1915386090
0.2808102026 0.1915308985
0.2808527132 0.1915231931
0.2808952238 0.1915154928
0.2809377344 0.1915077975
0.2809802451 0.1915001073
0.2810227557 0.1914924222
0.2810652663 0.1914847423
0.2811077769 0.1914770674
0.2811502876 0.1914693976
0.2811927982 0.1914617329
0.2812353088 0.1914540733
0.2812778195 0.1914464189
0.2813203301 0.1914387695
0.2813628407 0.1914311253
0.2814053513 0.1914234862
0.2814478620 0.1914158522
0.2814903726 0.1914082234
0.2815328832 0.1914005997
0.2815753938 0.1913929811
0.2816179045 0.1913853677
0.2816604151 0.1913777594
0.2817029257 0.1913701563
0.2817454364 0.1913625583
0.2817879470 0.1913549655
0.2818304576 0.1913473778
0.2818729682 0.1913397953
0.2819154789 0.1913322180
0.2819579895 0.1913246458
0.2820005001 0.1913170789
0.2820430108 0.1913095171
0.2820855214 0.1913019604
0.2821280320 0.1912944090
0.2821705426 0.1912868627
0.2822130533 0.1912793217
0.2822555639 0.1912717858
0.2822980745 0.1912642552
0.2823405851 0.1912567297
0.2823830958 0.1912492094
0.2824256064 0.1912416944
0.2824681170 0.1912341846
0.2825106277 0.1912266799
0.2825531383 0.1912191805
0.2825956489 0.1912116863
0.2826381595 0.1912041974
0.2826806702 0.1911967137
0.2827231808 0.1911892352
0.2827656914 0.1911817619
0.2828082021 0.1911742939
0.2828507127 0.1911668311
0.2828932233 0.1911593735
0.2829357339 0.1911519213
0.2829782446 0.1911444742
0.2830207552 0.1911370324
0.2830632658 0.1911295959
0.2831057764 0.1911221646
0.2831482871 0.1911147386
0.2831907977 0.1911073179
0.2832333083 0.1910999024
0.2832758190 0.1910924922
0.2833183296 0.1910850873
0.2833608402 0.1910776876
0.2834033508 0.1910702933
0.2834458615 0.1910629042
0.2834883721 0.1910555204
0.2835308827 0.1910481419
0.2835733933 0.1910407687
0.2836159040 0.1910334008
0.2836584146 0.1910260381
0.2837009252 0.1910186808
0.2837434359 0.1910113288
0.2837859465 0.1910039821
0.2838284571 0.1909966407
0.2838709677 0.1909893046
0.2839134784 0.1909819739
0.2839559890 0.1909746484
0.2839984996 0.1909673283
0.2840410103 0.1909600135
0.2840835209 0.1909527040
0.2841260315 0.1909453999
0.2841685421 0.1909381011
0.2842110528 0.1909308076
0.2842535634 0.1909235194
0.2842960740 0.1909162366
0.2843385846 0.1909089592
0.2843810953 0.1909016871
0.2844236059 0.1908944203
0.2844661165 0.1908871589
0.2845086272 0.1908799028
0.2845511378 0.1908726521
0.2845936484 0.1908654068
0.2846361590 0.1908581668
0.2846786697 0.1908509322
0.2847211803 0.1908437029
0.2847636909 0.1908364791
0.2848062016 0.1908292605
0.2848487122 0.1908220474
0.2848912228 0.1908148396
0.2849337334 0.1908076373
0.2849762441 0.1908004403
0.2850187547 0.1907932486
0.2850612653 0.1907860624
0.2851037759 0.1907788816
0.2851462866 0.1907717061
0.2851887972 0.1907645360
0.2852313078 0.1907573714
0.2852738185 0.1907502121
0.2853163291 0.1907430582
0.2853588397 0.1907359098
0.2854013503 0.1907287667
0.2854438610 0.1907216290
0.2854863716 0.1907144968
0.2855288822 0.1907073700
0.2855713928 0.1907002485
0.2856139035 0.1906931325
0.2856564141 0.1906860219
0.2856989247 0.1906789168
0.2857414354 0.1906718170
0.2857839460 0.1906647227
0.2858264566 0.1906576338
0.2858689672 0.1906505503
0.2859114779 0.1906434723
0.2859539885 0.1906363997
0.2859964991 0.1906293325
0.2860390098 0.1906222708
0.2860815204 0.1906152145
0.2861240310 0.1906081636
0.2861665416 0.1906011182
0.2862090523 0.1905940783
0.2862515629 0.1905870437
0.2862940735 0.1905800147
0.2863365841 0.1905729911
0.2863790948 0.1905659729
0.2864216054 0.1905589602
0.2864641160 0.1905519529
0.2865066267 0.1905449511
0.2865491373 0.1905379548
0.2865916479 0.1905309639
0.2866341585 0.1905239785
0.2866766692 0.1905169986
0.2867191798 0.1905100241
0.2867616904 0.1905030551
0.2868042011 0.1904960916
0.2868467117 0.1904891335
0.2868892223 0.1904821809
0.2869317329 0.1904752338
0.2869742436 0.1904682922
0.2870167542 0.1904613561
0.2870592648 0.1904544254
0.2871017754 0.1904475002
0.2871442861 0.1904405805
0.2871867967 0.1904336663
0.2872293073 0.1904267576
0.2872718180 0.1904198544
0.2873143286 0.1904129566
0.2873568392 0.1904060644
0.2873993498 0.1903991777
0.2874418605 0.1903922964
0.2874843711 0.1903854207
0.2875268817 0.1903785504
0.2875693923 0.1903716857
0.2876119030 0.1903648264
0.2876544136 0.1903579727
0.2876969242 0.1903511245
0.2877394349 0.1903442817
0.2877819455 0.1903374445
0.2878244561 0.1903306128
0.2878669667 0.1903237866
0.2879094774 0.1903169660
0.2879519880 0.1903101508
0.2879944986 0.1903033412
0.2880370093 0.1902965370
0.2880795199 0.1902897384
0.2881220305 0.1902829453
0.2881645411 0.1902761578
0.2882070518 0.1902693757
0.2882495624 0.1902625992
0.2882920730 0.1902558282
0.2883345836 0.1902490628
0.2883770943 0.1902423029
0.2884196049 0.1902355485
0.2884621155 0.1902287996
0.2885046262 0.1902220562
0.2885471368 0.1902153184
0.2885896474 0.1902085862
0.2886321580 0.1902018594
0.2886746687 0.1901951383
0.2887171793 0.1901884226
0.2887596899 0.1901817125
0.2888022006 0.1901750079
0.2888447112 0.1901683089
0.2888872218 0.1901616154
0.2889297324 0.1901549275
0.2889722431 0.1901482451
0.2890147537 0.1901415682
0.2890572643 0.1901348969
0.2890997749 0.1901282312
0.2891422856 0.1901215710
0.2891847962 0.1901149163
0.2892273068 0.1901082672
0.2892698175 0.1901016237
0.2893123281 0.1900949857
0.2893548387 0.1900883533
0.2893973493 0.1900817264
0.2894398600 0.1900751051
0.2894823706 0.1900684893
0.2895248812 0.1900618791
0.2895673918 0.1900552745
0.2896099025 0.1900486754
0.2896524131 0.1900420819
0.2896949237 0.1900354939
0.2897374344 0.1900289115
0.2897799450 0.1900223347
0.2898224556 0.1900157634
0.2898649662 0.1900091977
0.2899074769 0.1900026376
0.2899499875 0.1899960830
0.2899924981 0.1899895340
0.2900350088 0.1899829906
0.2900775194 0.1899764528
0.2901200300 0.1899699205
0.2901625406 0.1899633938
0.2902050513 0.1899568726
0.2902475619 0.1899503571
0.2902900725 0.1899438471
0.2903325831 0.1899373427
0.2903750938 0.1899308438
0.2904176044 0.1899243506
0.2904601150 0.1899178629
0.2905026257 0.1899113808
0.2905451363 0.1899049042
0.2905876469 0.1898984333
0.2906301575 0.1898919679
0.2906726682 0.1898855081
0.2907151788 0.1898790539
0.2907576894 0.1898726053
0.2908002001 0.1898661622
0.2908427107 0.1898597247
0.2908852213 0.1898532929
0.2909277319 0.1898468666
0.2909702426 0.1898404458
0.2910127532 0.1898340307
0.2910552638 0.1898276212
0.2910977744 0.1898212172
0.2911402851 0.1898148188
0.2911827957 0.1898084260
0.2912253063 0.1898020388
0.2912678170 0.1897956572
0.2913103276 0.1897892812
0.2913528382 0.1897829107
0.2913953488 0.1897765459
0.2914378595 0.1897701866
0.2914803701 0.1897638329
0.2915228807 0.1897574849
0.2915653913 0.1897511424
0.2916079020 0.1897448054
0.2916504126 0.1897384741
0.2916929232 0.1897321484
0.2917354339 0.1897258283
0.2917779445 0.1897195137
0.2918204551 0.1897132048
0.2918629657 0.1897069014
0.2919054764 0.1897006036
0.2919479870 0.1896943115
0.2919904976 0.1896880249
0.2920330083 0.1896817439
0.2920755189 0.1896754685
0.2921180295 0.1896691987
0.2921605401 0.1896629345
0.2922030508 0.1896566759
0.2922455614 0.1896504228
0.2922880720 0.1896441754
0.2923305826 0.1896379336
0.2923730933 0.1896316973
0.2924156039 0.1896254667
0.2924581145 0.1896192416
0.2925006252 0.1896130222
0.2925431358 0.1896068083
0.2925856464 0.1896006000
0.2926281570 0.1895943973
0.2926706677 0.1895882003
0.2927131783 0.1895820088
0.2927556889 0.1895758229
0.2927981995 0.1895696426
0.2928407102 0.1895634679
0.2928832208 0.1895572988
0.2929257314 0.1895511353
0.2929682421 0.1895449773
0.2930107527 0.1895388250
0.2930532633 0.1895326783
0.2930957739 0.1895265371
0.2931382846 0.1895204016
0.2931807952 0.1895142716
0.2932233058 0.1895081473
0.2932658165 0.1895020285
0.2933083271 0.1894959153
0.2933508377 0.1894898078
0.2933933483 0.1894837058
0.2934358590 0.1894776094
0.2934783696 0.1894715186
0.2935208802 0.1894654334
0.2935633908 0.1894593538
0.2936059015 0.1894532798
0.2936484121 0.1894472113
0.2936909227 0.1894411485
0.2937334334 0.1894350913
0.2937759440 0.1894290396
0.2938184546 0.1894229935
0.2938609652 0.1894169531
0.2939034759 0.1894109182
0.2939459865 0.1894048889
0.2939884971 0.1893988652
0.2940310078 0.1893928471
0.2940735184 0.1893868346
0.2941160290 0.1893808276
0.2941585396 0.1893748263
0.2942010503 0.1893688305
0.2942435609 0.1893628403
0.2942860715 0.1893568558
0.2943285821 0.1893508768
0.2943710928 0.1893449034
0.2944136034 0.1893389355
0.2944561140 0.1893329733
0.2944986247 0.1893270166
0.2945411353 0.1893210656
0.2945836459 0.1893151201
0.2946261565 0.1893091802
0.2946686672 0.1893032459
0.2947111778 0.1892973171
0.2947536884 0.1892913940
0.2947961990 0.1892854764
0.2948387097 0.1892795644
0.2948812203 0.1892736580
0.2949237309 0.1892677572
0.2949662416 0.1892618619
0.2950087522 0.1892559722
0.2950512628 0.1892500881
0.2950937734 0.1892442096
0.2951362841 0.1892383367
0.2951787947 0.1892324693
0.2952213053 0.1892266075
0.2952638160 0.1892207513
0.2953063266 0.1892149007
0.2953488372 0.1892090556
0.2953913478 0.1892032161
0.2954338585 0.1891973822
0.2954763691 0.1891915538
0.2955188797 0.1891857310
0.2955613903 0.1891799138
0.2956039010 0.1891741022
0.2956464116 0.1891682961
0.2956889222 0.1891624956
0.2957314329 0.1891567007
0.2957739435 0.1891509113
0.2958164541 0.1891451275
0.2958589647 0.1891393493
0.2959014754 0.1891335766
0.2959439860 0.1891278095
0.2959864966 0.1891220479
0.2960290073 0.1891162919
0.2960715179 0.1891105415
0.2961140285 0.1891047966
0.2961565391 0.1890990573
0.2961990498 0.1890933235
0.2962415604 0.1890875953
0.2962840710 0.1890818727
0.2963265816 0.1890761556
0.2963690923 0.1890704441
0.2964116029 0.1890647381
0.2964541135 0.1890590377
0.2964966242 0.1890533428
0.2965391348 0.1890476535
0.2965816454 0.1890419697
0.2966241560 0.1890362915
0.2966666667 0.1890306188
0.2967091773 0.1890249517
0.2967516879 0.1890192901
0.2967941985 0.1890136340
0.2968367092 0.1890079835
0.2968792198 0.1890023386
0.2969217304 0.1889966992
0.2969642411 0.1889910653
0.2970067517 0.1889854369
0.2970492623 0.1889798141
0.2970917729 0.1889741969
0.2971342836 0.1889685851
0.2971767942 0.1889629790
0.2972193048 0.1889573783
0.2972618155 0.1889517832
0.2973043261 0.1889461936
0.2973468367 0.1889406095
0.2973893473 0.1889350310
0.2974318580 0.1889294580
0.2974743686 0.1889238905
0.2975168792 0.1889183285
0.2975593898 0.1889127721
0.2976019005 0.1889072212
0.2976444111 0.1889016758
0.2976869217 0.1888961359
0.2977294324 0.1888906016
0.2977719430 0.1888850727
0.2978144536 0.1888795494
0.2978569642 0.1888740316
0.2978994749 0.1888685193
0.2979419855 0.1888630126
0.2979844961 0.1888575113
0.2980270068 0.1888520155
0.2980695174 0.1888465253
0.2981120280 0.1888410406
0.2981545386 0.1888355613
0.2981970493 0.1888300876
0.2982395599 0.1888246194
0.2982820705 0.1888191567
0.2983245811 0.1888136995
0.2983670918 0.1888082477
0.2984096024 0.1888028015
0.2984521130 0.1887973608
0.2984946237 0.1887919256
0.2985371343 0.1887864958
0.2985796449 0.1887810716
0.2986221555 0.1887756528
0.2986646662 0.1887702396
0.2987071768 0.1887648318
0.2987496874 0.1887594295
0.2987921980 0.1887540327
0.2988347087 0.1887486414
0.2988772193 0.1887432555
0.2989197299 0.1887378752
0.2989622406 0.1887325003
0.2990047512 0.1887271309
0.2990472618 0.1887217670
0.2990897724 0.1887164085
0.2991322831 0.1887110555
0.2991747937 0.1887057080
0.2992173043 0.1887003660
0.2992598150 0.1886950294
0.2993023256 0.1886896983
0.2993448362 0.1886843727
0.2993873468 0.1886790525
0.2994298575 0.1886737378
0.2994723681 0.1886684285
0.2995148787 0.1886631247
0.2995573893 0.1886578264
0.2995999000 0.1886525335
0.2996424106 0.1886472460
0.2996849212 0.1886419641
0.2997274319 0.1886366875
0.2997699425 0.1886314164
0.2998124531 0.1886261508
0.2998549637 0.1886208906
0.2998974744 0.1886156358
0.2999399850 0.1886103865
0.2999824956 0.1886051427
0.3000250063 0.1885999042
0.3000675169 0.1885946712
0.3001100275 0.1885894437
0.3001525381 0.1885842215
0.3001950488 0.1885790048
0.3002375594 0.1885737936
0.3002800700 0.1885685877
0.3003225806 0.1885633873
0.3003650913 0.1885581923
0.3004076019 0.1885530027
0.3004501125 0.1885478186
0.3004926232 0.1885426398
0.3005351338 0.1885374665
0.3005776444 0.1885322986
0.3006201550 0.1885271361
0.3006626657 0.1885219790
0.3007051763 0.1885168273
0.3007476869 0.1885116811
0.3007901975 0.1885065402
0.3008327082 0.1885014047
0.3008752188 0.1884962747
0.3009177294 0.1884911500
0.3009602401 0.1884860307
0.3010027507 0.1884809169
0.3010452613 0.1884758084
0.3010877719 0.1884707053
0.3011302826 0.1884656076
0.3011727932 0.1884605153
0.3012153038 0.1884554283
0.3012578145 0.1884503468
0.3013003251 0.1884452706
0.3013428357 0.1884401999
0.3013853463 0.1884351344
0.3014278570 0.1884300744
0.3014703676 0.1884250197
0.3015128782 0.1884199705
0.3015553888 0.1884149265
0.3015978995 0.1884098880
0.3016404101 0.1884048548
0.3016829207 0.1883998270
0.3017254314 0.1883948045
0.3017679420 0.1883897874
0.3018104526 0.1883847756
0.3018529632 0.1883797692
0.3018954739 0.1883747682
0.3019379845 0.1883697725
0.3019804951 0.1883647821
0.3020230058 0.1883597971
0.3020655164 0.1883548175
0.3021080270 0.1883498432
0.3021505376 0.1883448742
0.3021930483 0.1883399105
0.3022355589 0.1883349522
0.3022780695 0.1883299993
0.3023205801 0.1883250516
0.3023630908 0.1883201093
0.3024056014 0.1883151723
0.3024481120 0.1883102406
0.3024906227 0.1883053143
0.3025331333 0.1883003933
0.3025756439 0.1882954775
0.3026181545 0.1882905671
0.3026606652 0.1882856621
0.3027031758 0.1882807623
0.3027456864 0.1882758678
0.3027881970 0.1882709787
0.3028307077 0.1882660948
0.3028732183 0.1882612162
0.3029157289 0.1882563430
0.3029582396 0.1882514750
0.3030007502 0.1882466123
0.3030432608 0.1882417550
0.3030857714 0.1882369029
0.3031282821 0.1882320561
0.3031707927 0.1882272146
0.3032133033 0.1882223783
0.3032558140 0.1882175474
0.3032983246 0.1882127217
0.3033408352 0.1882079013
0.3033833458 0.1882030861
0.3034258565 0.1881982763
0.3034683671 0.1881934717
0.3035108777 0.1881886724
0.3035533883 0.1881838783
0.3035958990 0.1881790895
0.3036384096 0.1881743059
0.3036809202 0.1881695276
0.3037234309 0.1881647546
0.3037659415 0.1881599868
0.3038084521 0.1881552243
0.3038509627 0.1881504670
0.3038934734 0.1881457149
0.3039359840 0.1881409681
0.3039784946 0.1881362265
0.3040210053 0.1881314902
0.3040635159 0.1881267591
0.3041060265 0.1881220332
0.3041485371 0.1881173125
0.3041910478 0.1881125971
0.3042335584 0.1881078869
0.3042760690 0.1881031819
0.3043185796 0.1880984822
0.3043610903 0.1880937876
0.3044036009 0.1880890983
0.3044461115 0.1880844142
0.3044886222 0.1880797352
0.3045311328 0.1880750615
0.3045736434 0.1880703930
0.3046161540 0.1880657297
0.3046586647 0.1880610716
0.3047011753 0.1880564187
0.3047436859 0.1880517709
0.3047861965 0.1880471284
0.3048287072 0.1880424910
0.3048712178 0.1880378589
0.3049137284 0.1880332319
0.3049562391 0.1880286101
0.3049987497 0.1880239934
0.3050412603 0.1880193820
0.3050837709 0.1880147757
0.3051262816 0.1880101745
0.3051687922 0.1880055786
0.3052113028 0.1880009878
0.3052538135 0.1879964021
0.3052963241 0.1879918217
0.3053388347 0.1879872463
0.3053813453 0.1879826761
0.3054238560 0.1879781111
0.3054663666 0.1879735512
0.3055088772 0.1879689965
0.3055513878 0.1879644469
0.3055938985 0.1879599024
0.3056364091 0.1879553631
0.3056789197 0.1879508289
0.3057214304 0.1879462998
0.3057639410 0.1879417759
0.3058064516 0.1879372570
0.3058489622 0.1879327433
0.3058914729 0.1879282348
0.3059339835 0.1879237313
0.3059764941 0.1879192329
0.3060190048 0.1879147397
0.3060615154 0.1879102516
0.3061040260 0.1879057685
0.3061465366 0.1879012906
0.3061890473 0.1878968177
0.3062315579 0.1878923500
0.3062740685 0.1878878873
0.3063165791 0.1878834298
0.3063590898 0.1878789773
0.3064016004 0.1878745299
0.3064441110 0.1878700876
0.3064866217 0.1878656504
0.3065291323 0.1878612182
0.3065716429 0.1878567911
0.3066141535 0.1878523691
0.3066566642 0.1878479521
0.3066991748 0.1878435402
0.3067416854 0.1878391334
0.3067841960 0.1878347316
0.3068267067 0.1878303349
0.3068692173 0.1878259432
0.3069117279 0.1878215566
0.3069542386 0.1878171750
0.3069967492 0.1878127985
0.3070392598 0.1878084270
0.3070817704 0.1878040605
0.3071242811 0.1877996991
0.3071667917 0.1877953427
0.3072093023 0.1877909913
0.3072518130 0.1877866450
0.3072943236 0.1877823037
0.3073368342 0.1877779673
0.3073793448 0.1877736360
0.3074218555 0.1877693098
0.3074643661 0.1877649885
0.3075068767 0.1877606722
0.3075493873 0.1877563610
0.3075918980 0.1877520547
0.3076344086 0.1877477534
0.3076769192 0.1877434571
0.3077194299 0.1877391658
0.3077619405 0.1877348795
0.3078044511 0.1877305982
0.3078469617 0.1877263219
0.3078894724 0.1877220505
0.3079319830 0.1877177841
0.3079744936 0.1877135227
0.3080170043 0.1877092663
0.3080595149 0.1877050148
0.3081020255 0.1877007683
0.3081445361 0.1876965267
0.3081870468 0.1876922901
0.3082295574 0.1876880585
0.3082720680 0.1876838318
0.3083145786 0.1876796100
0.3083570893 0.1876753932
0.3083995999 0.1876711813
0.3084421105 0.1876669744
0.3084846212 0.1876627724
0.3085271318 0.1876585753
0.3085696424 0.1876543832
0.3086121530 0.1876501960
0.3086546637 0.1876460137
0.3086971743 0.1876418363
0.3087396849 0.1876376638
0.3087821955 0.1876334963
0.3088247062 0.1876293336
0.3088672168 0.1876251759
0.3089097274 0.1876210230
0.3089522381 0.1876168751
0.3089947487 0.1876127320
0.3090372593 0.1876085939
0.3090797699 0.1876044606
0.3091222806 0.1876003322
0.3091647912 0.1875962087
0.3092073018 0.1875920901
0.3092498125 0.1875879763
0.3092923231 0.1875838675
0.3093348337 0.1875797634
0.3093773443 0.1875756643
0.3094198550 0.1875715700
0.3094623656 0.1875674806
0.3095048762 0.1875633960
0.3095473868 0.1875593163
0.3095898975 0.1875552414
0.3096324081 0.1875511714
0.3096749187 0.1875471062
0.3097174294 0.1875430459
0.3097599400 0.1875389903
0.3098024506 0.1875349397
0.3098449612 0.1875308938
0.3098874719 0.1875268528
0.3099299825 0.1875228166
0.3099724931 0.1875187852
0.3100150038 0.1875147586
0.3100575144 0.1875107369
0.3101000250 0.1875067199
0.3101425356 0.1875027078
0.3101850463 0.1874987004
0.3102275569 0.1874946979
0.3102700675 0.1874907001
0.3103125781 0.1874867071
0.3103550888 0.1874827190
0.3103975994 0.1874787356
0.3104401100 0.1874747570
0.3104826207 0.1874707831
0.3105251313 0.1874668141
0.3105676419 0.1874628498
0.3106101525 0.1874588902
0.3106526632 0.1874549355
0.3106951738 0.1874509855
0.3107376844 0.1874470402
0.3107801950 0.1874430997
0.3108227057 0.1874391640
0.3108652163 0.1874352330
0.3109077269 0.1874313067
0.3109502376 0.1874273852
0.3109927482 0.1874234684
0.3110352588 0.1874195564
0.3110777694 0.1874156491
0.3111202801 0.1874117465
0.3111627907 0.1874078486
0.3112053013 0.1874039555
0.3112478120 0.1874000670
0.3112903226 0.1873961833
0.3113328332 0.1873923043
0.3113753438 0.1873884299
0.3114178545 0.1873845603
0.3114603651 0.1873806954
0.3115028757 0.1873768352
0.3115453863 0.1873729796
0.3115878970 0.1873691288
0.3116304076 0.1873652826
0.3116729182 0.1873614411
0.3117154289 0.1873576043
0.3117579395 0.1873537721
0.3118004501 0.1873499447
0.3118429607 0.1873461218
0.3118854714 0.1873423037
0.3119279820 0.1873384902
0.3119704926 0.1873346813
0.3120130033 0.1873308772
0.3120555139 0.1873270776
0.3120980245 0.1873232827
0.3121405351 0.1873194924
0.3121830458 0.1873157068
0.3122255564 0.1873119258
0.3122680670 0.1873081494
0.3123105776 0.1873043777
0.3123530883 0.1873006106
0.3123955989 0.1872968481
0.3124381095 0.1872930902
0.3124806202 0.1872893369
0.3125231308 0.1872855882
0.3125656414 0.1872818441
0.3126081520 0.1872781047
0.3126506627 0.1872743698
0.3126931733 0.1872706395
0.3127356839 0.1872669138
0.3127781945 0.1872631927
0.3128207052 0.1872594762
0.3128632158 0.1872557642
0.3129057264 0.1872520568
0.3129482371 0.1872483540
0.3129907477 0.1872446558
0.3130332583 0.1872409621
0.3130757689 0.1872372730
0.3131182796 0.1872335884
0.3131607902 0.1872299084
0.3132033008 0.1872262329
0.3132458115 0.1872225620
0.3132883221 0.1872188956
0.3133308327 0.1872152337
0.3133733433 0.1872115764
0.3134158540 0.1872079236
0.3134583646 0.1872042753
0.3135008752 0.1872006316
0.3135433858 0.1871969924
0.3135858965 0.1871933576
0.3136284071 0.1871897274
0.3136709177 0.1871861017
0.3137134284 0.1871824805
0.3137559390 0.1871788639
0.3137984496 0.1871752516
0.3138409602 0.1871716439
0.3138834709 0.1871680407
0.3139259815 0.1871644420
0.3139684921 0.1871608477
0.3140110028 0.1871572579
0.3140535134 0.1871536726
0.3140960240 0.1871500918
0.3141385346 0.1871465154
0.3141810453 0.1871429435
0.3142235559 0.1871393760
0.3142660665 0.1871358130
0.3143085771 0.1871322544
0.3143510878 0.1871287003
0.3143935984 0.1871251507
0.3144361090 0.1871216054
0.3144786197 0.1871180646
0.3145211303 0.1871145283
0.3145636409 0.1871109963
0.3146061515 0.1871074688
0.3146486622 0.1871039457
0.3146911728 0.1871004270
0.3147336834 0.1870969127
0.3147761940 0.1870934029
0.3148187047 0.1870898974
0.3148612153 0.1870863963
0.3149037259 0.1870828996
0.3149462366 0.1870794074
0.3149887472 0.1870759195
0.3150312578 0.1870724360
0.3150737684 0.1870689568
0.3151162791 0.1870654821
0.3151587897 0.1870620117
0.3152013003 0.1870585457
0.3152438110 0.1870550841
0.3152863216 0.1870516268
0.3153288322 0.1870481739
0.3153713428 0.1870447253
0.3154138535 0.1870412811
0.3154563641 0.1870378412
0.3154988747 0.1870344056
0.3155413853 0.1870309744
0.3155838960 0.1870275476
0.3156264066 0.1870241250
0.3156689172 0.1870207068
0.3157114279 0.1870172929
0.3157539385 0.1870138834
0.3157964491 0.1870104781
0.3158389597 0.1870070771
0.3158814704 0.1870036805
0.3159239810 0.1870002882
0.3159664916 0.1869969001
0.3160090023 0.1869935164
0.3160515129 0.1869901369
0.3160940235 0.1869867617
0.3161365341 0.1869833909
0.3161790448 0.1869800242
0.3162215554 0.1869766619
0.3162640660 0.1869733038
0.3163065766 0.1869699500
0.3163490873 0.1869666005
0.3163915979 0.1869632552
0.3164341085 0.1869599142
0.3164766192 0.1869565774
0.3165191298 0.1869532449
0.3165616404 0.1869499166
0.3166041510 0.1869465926
0.3166466617 0.1869432728
0.3166891723 0.1869399572
0.3167316829 0.1869366458
0.3167741935 0.1869333387
0.3168167042 0.1869300358
0.3168592148 0.1869267371
0.3169017254 0.1869234426
0.3169442361 0.1869201524
0.3169867467 0.1869168663
0.3170292573 0.1869135844
0.3170717679 0.1869103067
0.3171142786 0.1869070333
0.3171567892 0.1869037640
0.3171992998 0.1869004988
0.3172418105 0.1868972379
0.3172843211 0.1868939811
0.3173268317 0.1868907285
0.3173693423 0.1868874801
0.3174118530 0.1868842359
0.3174543636 0.1868809958
0.3174968742 0.1868777598
0.3175393848 0.1868745280
0.3175818955 0.1868713004
0.3176244061 0.1868680769
0.3176669167 0.1868648575
0.3177094274 0.1868616423
0.3177519380 0.1868584312
0.3177944486 0.1868552242
0.3178369592 0.1868520213
0.3178794699 0.1868488226
0.3179219805 0.1868456280
0.3179644911 0.1868424375
0.3180070018 0.1868392511
0.3180495124 0.1868360688
0.3180920230 0.1868328906
0.3181345336 0.1868297165
0.3181770443 0.1868265464
0.3182195549 0.1868233805
0.3182620655 0.1868202187
0.3183045761 0.1868170609
0.3183470868 0.1868139072
0.3183895974 0.1868107576
0.3184321080 0.1868076120
0.3184746187 0.1868044705
0.3185171293 0.1868013331
0.3185596399 0.1867981997
0.3186021505 0.1867950704
0.3186446612 0.1867919451
0.3186871718 0.1867888238
0.3187296824 0.1867857066
0.3187721930 0.1867825934
0.3188147037 0.1867794843
0.3188572143 0.1867763792
0.3188997249 0.1867732781
0.3189422356 0.1867701810
0.3189847462 0.1867670879
0.3190272568 0.1867639988
0.3190697674 0.1867609138
0.3191122781 0.1867578327
0.3191547887 0.1867547557
0.3191972993 0.1867516826
0.3192398100 0.1867486135
0.3192823206 0.1867455484
0.3193248312 0.1867424873
0.3193673418 0.1867394302
0.3194098525 0.1867363770
0.3194523631 0.1867333278
0.3194948737 0.1867302826
0.3195373843 0.1867272413
0.3195798950 0.1867242040
0.3196224056 0.1867211706
0.3196649162 0.1867181412
0.3197074269 0.1867151157
0.3197499375 0.1867120942
0.3197924481 0.1867090766
0.3198349587 0.1867060629
0.3198774694 0.1867030532
0.3199199800 0.1867000474
0.3199624906 0.1866970455
0.3200050013 0.1866940475
0.3200475119 0.1866910534
0.3200900225 0.1866880633
0.3201325331 0.1866850770
0.3201750438 0.1866820946
0.3202175544 0.1866791161
0.3202600650 0.1866761416
0.3203025756 0.1866731709
0.3203450863 0.1866702041
0.3203875969 0.1866672411
0.3204301075 0.1866642820
0.3204726182 0.1866613269
0.3205151288 0.1866583755
0.3205576394 0.1866554281
0.3206001500 0.1866524844
0.3206426607 0.1866495447
0.3206851713 0.1866466088
0.3207276819 0.1866436767
0.3207701925 0.1866407485
0.3208127032 0.1866378241
0.3208552138 0.1866349035
0.3208977244 0.1866319868
0.3209402351 0.1866290739
0.3209827457 0.1866261648
0.3210252563 0.1866232595
0.3210677669 0.1866203581
0.3211102776 0.1866174604
0.3211527882 0.1866145666
0.3211952988 0.1866116765
0.3212378095 0.1866087903
0.3212803201 0.1866059078
0.3213228307 0.1866030291
0.3213653413 0.1866001542
0.3214078520 0.1865972831
0.3214503626 0.1865944158
0.3214928732 0.1865915522
0.3215353838 0.1865886924
0.3215778945 0.1865858364
0.3216204051 0.1865829841
0.3216629157 0.1865801355
0.3217054264 0.1865772908
0.3217479370 0.1865744497
0.3217904476 0.1865716124
0.3218329582 0.1865687789
0.3218754689 0.1865659490
0.3219179795 0.1865631229
0.3219604901 0.1865603006
0.3220030008 0.1865574819
0.3220455114 0.1865546670
0.3220880220 0.1865518557
0.3221305326 0.1865490482
0.3221730433 0.1865462444
0.3222155539 0.1865434443
0.3222580645 0.1865406479
0.3223005751 0.1865378551
0.3223430858 0.1865350661
0.3223855964 0.1865322807
0.3224281070 0.1865294990
0.3224706177 0.1865267210
0.3225131283 0.1865239467
0.3225556389 0.1865211760
0.3225981495 0.1865184090
0.3226406602 0.1865156457
0.3226831708 0.1865128860
0.3227256814 0.1865101299
0.3227681920 0.1865073775
0.3228107027 0.1865046288
0.3228532133 0.1865018836
0.3228957239 0.1864991421
0.3229382346 0.1864964043
0.3229807452 0.1864936701
0.3230232558 0.1864909394
0.3230657664 0.1864882124
0.3231082771 0.1864854890
0.3231507877 0.1864827693
0.3231932983 0.1864800531
0.3232358090 0.1864773405
0.3232783196 0.1864746315
0.3233208302 0.1864719261
0.3233633408 0.1864692243
0.3234058515 0.1864665261
0.3234483621 0.1864638315
0.3234908727 0.1864611404
0.3235333833 0.1864584529
0.3235758940 0.1864557690
0.3236184046 0.1864530886
0.3236609152 0.1864504118
0.3237034259 0.1864477386
0.3237459365 0.1864450689
0.3237884471 0.1864424027
0.3238309577 0.1864397401
0.3238734684 0.1864370810
0.3239159790 0.1864344255
0.3239584896 0.1864317735
0.3240010003 0.1864291250
0.3240435109 0.1864264800
0.3240860215 0.1864238385
0.3241285321 0.1864212006
0.3241710428 0.1864185662
0.3242135534 0.1864159352
0.3242560640 0.1864133078
0.3242985746 0.1864106839
0.3243410853 0.1864080634
0.3243835959 0.1864054465
0.3244261065 0.1864028330
0.3244686172 0.1864002230
0.3245111278 0.1863976165
0.3245536384 0.1863950135
0.3245961490 0.1863924139
0.3246386597 0.1863898178
0.3246811703 0.1863872251
0.3247236809 0.1863846359
0.3247661915 0.1863820501
0.3248087022 0.1863794678
0.3248512128 0.1863768890
0.3248937234 0.1863743136
0.3249362341 0.1863717416
0.3249787447 0.1863691730
0.3250212553 0.1863666079
0.3250637659 0.1863640461
0.3251062766 0.1863614879
0.3251487872 0.1863589330
0.3251912978 0.1863563815
0.3252338085 0.1863538334
0.3252763191 0.1863512887
0.3253188297 0.1863487475
0.3253613403 0.1863462096
0.3254038510 0.1863436751
0.3254463616 0.1863411440
0.3254888722 0.1863386163
0.3255313828 0.1863360919
0.3255738935 0.1863335709
0.3256164041 0.1863310533
0.3256589147 0.1863285391
0.3257014254 0.1863260282
0.3257439360 0.1863235206
0.3257864466 0.1863210164
0.3258289572 0.1863185156
0.3258714679 0.1863160181
0.3259139785 0.1863135240
0.3259564891 0.1863110331
0.3259989997 0.1863085456
0.3260415104 0.1863060615
0.3260840210 0.1863035806
0.3261265316 0.1863011031
0.3261690423 0.1862986289
0.3262115529 0.1862961580
0.3262540635 0.1862936904
0.3262965741 0.1862912261
0.3263390848 0.1862887651
0.3263815954 0.1862863074
0.3264241060 0.1862838530
0.3264666167 0.1862814019
0.3265091273 0.1862789541
0.3265516379 0.1862765095
0.3265941485 0.1862740682
0.3266366592 0.1862716302
0.3266791698 0.1862691954
0.3267216804 0.1862667639
0.3267641910 0.1862643357
0.3268067017 0.1862619107
0.3268492123 0.1862594889
0.3268917229 0.1862570704
0.3269342336 0.1862546552
0.3269767442 0.1862522432
0.3270192548 0.1862498344
0.3270617654 0.1862474288
0.3271042761 0.1862450265
0.3271467867 0.1862426274
0.3271892973 0.1862402315
0.3272318080 0.1862378388
0.3272743186 0.1862354493
0.3273168292 0.1862330630
0.3273593398 0.1862306799
0.3274018505 0.1862283001
0.3274443611 0.1862259234
0.3274868717 0.1862235499
0.3275293823 0.1862211795
0.3275718930 0.1862188124
0.3276144036 0.1862164484
0.3276569142 0.1862140876
0.3276994249 0.1862117300
0.3277419355 0.1862093756
0.3277844461 0.1862070243
0.3278269567 0.1862046761
0.3278694674 0.1862023311
0.3279119780 0.1861999893
0.3279544886 0.1861976505
0.3279969992 0.1861953150
0.3280395099 0.1861929825
0.3280820205 0.1861906532
0.3281245311 0.1861883271
0.3281670418 0.1861860040
0.3282095524 0.1861836841
0.3282520630 0.1861813672
0.3282945736 0.1861790535
0.3283370843 0.1861767429
0.3283795949 0.1861744354
0.3284221055 0.1861721310
0.3284646162 0.1861698297
0.3285071268 0.1861675315
0.3285496374 0.1861652364
0.3285921480 0.1861629443
0.3286346587 0.1861606553
0.3286771693 0.1861583694
0.3287196799 0.1861560866
0.3287621905 0.1861538069
0.3288047012 0.1861515302
0.3288472118 0.1861492565
0.3288897224 0.1861469859
0.3289322331 0.1861447184
0.3289747437 0.1861424539
0.3290172543 0.1861401925
0.3290597649 0.1861379341
0.3291022756 0.1861356787
0.3291447862 0.1861334263
0.3291872968 0.1861311770
0.3292298075 0.1861289307
0.3292723181 0.1861266875
0.3293148287 0.1861244472
0.3293573393 0.1861222100
0.3293998500 0.1861199757
0.3294423606 0.1861177445
0.3294848712 0.1861155162
0.3295273818 0.1861132910
0.3295698925 0.1861110687
0.3296124031 0.1861088495
0.3296549137 0.1861066332
0.3296974244 0.1861044199
0.3297399350 0.1861022095
0.3297824456 0.1861000022
0.3298249562 0.1860977978
0.3298674669 0.1860955963
0.3299099775 0.1860933979
0.3299524881 0.1860912024
0.3299949987 0.1860890098
0.3300375094 0.1860868202
0.3300800200 0.1860846335
0.3301225306 0.1860824498
0.3301650413 0.1860802690
0.3302075519 0.1860780911
0.3302500625 0.1860759161
0.3302925731 0.1860737441
0.3303350838 0.1860715750
0.3303775944 0.1860694089
0.3304201050 0.1860672456
0.3304626157 0.1860650852
0.3305051263 0.1860629278
0.3305476369 0.1860607732
0.3305901475 0.1860586216
0.3306326582 0.1860564728
0.3306751688 0.1860543269
0.3307176794 0.1860521839
0.3307601900 0.1860500438
0.3308027007 0.1860479066
0.3308452113 0.1860457722
0.3308877219 0.1860436407
0.3309302326 0.1860415121
0.3309727432 0.1860393863
0.3310152538 0.1860372634
0.3310577644 0.1860351434
0.3311002751 0.1860330262
0.3311427857 0.1860309118
0.3311852963 0.1860288003
0.3312278070 0.1860266916
0.3312703176 0.1860245858
0.3313128282 0.1860224828
0.3313553388 0.1860203826
0.3313978495 0.1860182852
0.3314403601 0.1860161907
0.3314828707 0.1860140990
0.3315253813 0.1860120101
0.3315678920 0.1860099240
0.3316104026 0.1860078407
0.3316529132 0.1860057602
0.3316954239 0.1860036825
0.3317379345 0.1860016075
0.3317804451 0.1859995354
0.3318229557 0.1859974661
0.3318654664 0.1859953995
0.3319079770 0.1859933358
0.3319504876 0.1859912747
0.3319929982 0.1859892165
0.3320355089 0.1859871610
0.3320780195 0.1859851083
0.3321205301 0.1859830584
0.3321630408 0.1859810112
0.3322055514 0.1859789668
0.3322480620 0.1859769251
0.3322905726 0.1859748861
0.3323330833 0.1859728499
0.3323755939 0.1859708164
0.3324181045 0.1859687857
0.3324606152 0.1859667577
0.3325031258 0.1859647324
0.3325456364 0.1859627098
0.3325881470 0.1859606899
0.3326306577 0.1859586728
0.3326731683 0.1859566584
0.3327156789 0.1859546467
0.3327581895 0.1859526376
0.3328007002 0.1859506313
0.3328432108 0.1859486277
0.3328857214 0.1859466268
0.3329282321 0.1859446285
0.3329707427 0.1859426329
0.3330132533 0.1859406401
0.3330557639 0.1859386498
0.3330982746 0.1859366623
0.3331407852 0.1859346774
0.3331832958 0.1859326952
0.3332258065 0.1859307157
0.3332683171 0.1859287388
0.3333108277 0.1859267646
0.3333533383 0.1859247930
0.3333958490 0.1859228241
0.3334383596 0.1859208578
0.3334808702 0.1859188942
0.3335233808 0.1859169332
0.3335658915 0.1859149748
0.3336084021 0.1859130190
0.3336509127 0.1859110659
0.3336934234 0.1859091154
0.3337359340 0.1859071675
0.3337784446 0.1859052222
0.3338209552 0.1859032796
0.3338634659 0.1859013395
0.3339059765 0.1858994021
0.3339484871 0.1858974672
0.3339909977 0.1858955350
0.3340335084 0.1858936053
0.3340760190 0.1858916782
0.3341185296 0.1858897538
0.3341610403 0.1858878319
0.3342035509 0.1858859125
0.3342460615 0.1858839958
0.3342885721 0.1858820816
0.3343310828 0.1858801700
0.3343735934 0.1858782609
0.3344161040 0.1858763544
0.3344586147 0.1858744505
0.3345011253 0.1858725491
0.3345436359 0.1858706503
0.3345861465 0.1858687540
0.3346286572 0.1858668603
0.3346711678 0.1858649691
0.3347136784 0.1858630804
0.3347561890 0.1858611943
0.3347986997 0.1858593107
0.3348412103 0.1858574296
0.3348837209 0.1858555510
0.3349262316 0.1858536750
0.3349687422 0.1858518015
0.3350112528 0.1858499305
0.3350537634 0.1858480620
0.3350962741 0.1858461959
0.3351387847 0.1858443324
0.3351812953 0.1858424714
0.3352238060 0.1858406129
0.3352663166 0.1858387569
0.3353088272 0.1858369034
0.3353513378 0.1858350523
0.3353938485 0.1858332037
0.3354363591 0.1858313576
0.3354788697 0.1858295140
0.3355213803 0.1858276729
0.3355638910 0.1858258342
0.3356064016 0.1858239980
0.3356489122 0.1858221642
0.3356914229 0.1858203329
0.3357339335 0.1858185040
0.3357764441 0.1858166776
0.3358189547 0.1858148536
0.3358614654 0.1858130321
0.3359039760 0.1858112130
0.3359464866 0.1858093964
0.3359889972 0.1858075822
0.3360315079 0.1858057704
0.3360740185 0.1858039610
0.3361165291 0.1858021541
0.3361590398 0.1858003496
0.3362015504 0.1857985475
0.3362440610 0.1857967478
0.3362865716 0.1857949505
0.3363290823 0.1857931556
0.3363715929 0.1857913631
0.3364141035 0.1857895730
0.3364566142 0.1857877853
0.3364991248 0.1857860000
0.3365416354 0.1857842171
0.3365841460 0.1857824366
0.3366266567 0.1857806585
0.3366691673 0.1857788827
0.3367116779 0.1857771093
0.3367541885 0.1857753383
0.3367966992 0.1857735697
0.3368392098 0.1857718034
0.3368817204 0.1857700395
0.3369242311 0.1857682779
0.3369667417 0.1857665187
0.3370092523 0.1857647618
0.3370517629 0.1857630073
0.3370942736 0.1857612552
0.3371367842 0.1857595054
0.3371792948 0.1857577579
0.3372218055 0.1857560128
0.3372643161 0.1857542699
0.3373068267 0.1857525295
0.3373493373 0.1857507913
0.3373918480 0.1857490555
0.3374343586 0.1857473220
0.3374768692 0.1857455908
0.3375193798 0.1857438619
0.3375618905 0.1857421353
0.3376044011 0.1857404111
0.3376469117 0.1857386891
0.3376894224 0.1857369695
0.3377319330 0.1857352521
0.3377744436 0.1857335370
0.3378169542 0.1857318243
0.3378594649 0.1857301138
0.3379019755 0.1857284056
0.3379444861 0.1857266997
0.3379869967 0.1857249960
0.3380295074 0.1857232947
0.3380720180 0.1857215956
0.3381145286 0.1857198988
0.3381570393 0.1857182042
0.3381995499 0.1857165119
0.3382420605 0.1857148219
0.3382845711 0.1857131341
0.3383270818 0.1857114486
0.3383695924 0.1857097653
0.3384121030 0.1857080843
0.3384546137 0.1857064055
0.3384971243 0.1857047290
0.3385396349 0.1857030547
0.3385821455 0.1857013826
0.3386246562 0.1856997128
0.3386671668 0.1856980452
0.3387096774 0.1856963798
0.3387521880 0.1856947167
0.3387946987 0.1856930557
0.3388372093 0.1856913970
0.3388797199 0.1856897405
0.3389222306 0.1856880862
0.3389647412 0.1856864342
0.3390072518 0.1856847843
0.3390497624 0.1856831366
0.3390922731 0.1856814912
0.3391347837 0.1856798479
0.3391772943 0.1856782068
0.3392198050 0.1856765679
0.3392623156 0.1856749312
0.3393048262 0.1856732967
0.3393473368 0.1856716644
0.3393898475 0.1856700342
0.3394323581 0.1856684062
0.3394748687 0.1856667804
0.3395173793 0.1856651568
0.3395598900 0.1856635353
0.3396024006 0.1856619160
0.3396449112 0.1856602989
0.3396874219 0.1856586839
0.3397299325 0.1856570711
0.3397724431 0.1856554604
0.3398149537 0.1856538518
0.3398574644 0.1856522455
0.3398999750 0.1856506412
0.3399424856 0.1856490391
0.3399849962 0.1856474392
0.3400275069 0.1856458414
0.3400700175 0.1856442457
0.3401125281 0.1856426521
0.3401550388 0.1856410607
0.3401975494 0.1856394714
0.3402400600 0.1856378842
0.3402825706 0.1856362991
0.3403250813 0.1856347162
0.3403675919 0.1856331353
0.3404101025 0.1856315566
0.3404526132 0.1856299800
0.3404951238 0.1856284055
0.3405376344 0.1856268331
0.3405801450 0.1856252628
0.3406226557 0.1856236946
0.3406651663 0.1856221284
0.3407076769 0.1856205644
0.3407501875 0.1856190025
0.3407926982 0.1856174426
0.3408352088 0.1856158848
0.3408777194 0.1856143292
0.3409202301 0.1856127755
0.3409627407 0.1856112240
0.3410052513 0.1856096745
0.3410477619 0.1856081271
0.3410902726 0.1856065818
0.3411327832 0.1856050385
0.3411752938 0.1856034973
0.3412178045 0.1856019582
0.3412603151 0.1856004211
0.3413028257 0.1855988861
0.3413453363 0.1855973531
0.3413878470 0.1855958222
0.3414303576 0.1855942933
0.3414728682 0.1855927664
0.3415153788 0.1855912416
0.3415578895 0.1855897189
0.3416004001 0.1855881981
0.3416429107 0.1855866795
0.3416854214 0.1855851628
0.3417279320 0.1855836482
0.3417704426 0.1855821355
0.3418129532 0.1855806250
0.3418554639 0.1855791164
0.3418979745 0.1855776098
0.3419404851 0.1855761053
0.3419829957 0.1855746028
0.3420255064 0.1855731023
0.3420680170 0.1855716038
0.3421105276 0.1855701073
0.3421530383 0.1855686128
0.3421955489 0.1855671203
0.3422380595 0.1855656298
0.3422805701 0.1855641413
0.3423230808 0.1855626548
0.3423655914 0.1855611703
0.3424081020 0.1855596877
0.3424506127 0.1855582072
0.3424931233 0.1855567286
0.3425356339 0.1855552520
0.3425781445 0.1855537774
0.3426206552 0.1855523048
0.3426631658 0.1855508342
0.3427056764 0.1855493655
0.3427481870 0.1855478988
0.3427906977 0.1855464340
0.3428332083 0.1855449712
0.3428757189 0.1855435104
0.3429182296 0.1855420516
0.3429607402 0.1855405947
0.3430032508 0.1855391397
0.3430457614 0.1855376867
0.3430882721 0.1855362357
0.3431307827 0.1855347866
0.3431732933 0.1855333394
0.3432158040 0.1855318942
0.3432583146 0.1855304510
0.3433008252 0.1855290096
0.3433433358 0.1855275702
0.3433858465 0.1855261328
0.3434283571 0.1855246973
0.3434708677 0.1855232637
0.3435133783 0.1855218320
0.3435558890 0.1855204023
0.3435983996 0.1855189744
0.3436409102 0.1855175485
0.3436834209 0.1855161246
0.3437259315 0.1855147025
0.3437684421 0.1855132824
0.3438109527 0.1855118641
0.3438534634 0.1855104478
0.3438959740 0.1855090334
0.3439384846 0.1855076209
0.3439809952 0.1855062102
0.3440235059 0.1855048015
0.3440660165 0.1855033947
0.3441085271 0.1855019898
0.3441510378 0.1855005868
0.3441935484 0.1854991857
0.3442360590 0.1854977864
0.3442785696 0.1854963891
0.3443210803 0.1854949936
0.3443635909 0.1854936001
0.3444061015 0.1854922084
0.3444486122 0.1854908186
0.3444911228 0.1854894306
0.3445336334 0.1854880446
0.3445761440 0.1854866604
0.3446186547 0.1854852781
0.3446611653 0.1854838976
0.3447036759 0.1854825191
0.3447461865 0.1854811424
0.3447886972 0.1854797675
0.3448312078 0.1854783945
0.3448737184 0.1854770234
0.3449162291 0.1854756542
0.3449587397 0.1854742868
0.3450012503 0.1854729212
0.3450437609 0.1854715575
0.3450862716 0.1854701957
0.3451287822 0.1854688357
0.3451712928 0.1854674775
0.3452138035 0.1854661212
0.3452563141 0.1854647668
0.3452988247 0.1854634141
0.3453413353 0.1854620634
0.3453838460 0.1854607144
0.3454263566 0.1854593673
0.3454688672 0.1854580220
0.3455113778 0.1854566786
0.3455538885 0.1854553370
0.3455963991 0.1854539972
0.3456389097 0.1854526592
0.3456814204 0.1854513231
0.3457239310 0.1854499888
0.3457664416 0.1854486563
0.3458089522 0.1854473256
0.3458514629 0.1854459967
0.3458939735 0.1854446697
0.3459364841 0.1854433445
0.3459789947 0.1854420211
0.3460215054 0.1854406995
0.3460640160 0.1854393797
0.3461065266 0.1854380617
0.3461490373 0.1854367455
0.3461915479 0.1854354311
0.3462340585 0.1854341185
0.3462765691 0.1854328078
0.3463190798 0.1854314988
0.3463615904 0.1854301916
0.3464041010 0.1854288862
0.3464466117 0.1854275826
0.3464891223 0.1854262808
0.3465316329 0.1854249808
0.3465741435 0.1854236826
0.3466166542 0.1854223861
0.3466591648 0.1854210915
0.3467016754 0.1854197986
0.3467441860 0.1854185075
0.3467866967 0.1854172182
0.3468292073 0.1854159307
0.3468717179 0.1854146450
0.3469142286 0.1854133610
0.3469567392 0.1854120788
0.3469992498 0.1854107984
0.3470417604 0.1854095197
0.3470842711 0.1854082428
0.3471267817 0.1854069677
0.3471692923 0.1854056944
0.3472118030 0.1854044228
0.3472543136 0.1854031530
0.3472968242 0.1854018849
0.3473393348 0.1854006186
0.3473818455 0.1853993541
0.3474243561 0.1853980913
0.3474668667 0.1853968303
0.3475093773 0.1853955710
0.3475518880 0.1853943135
0.3475943986 0.1853930577
0.3476369092 0.1853918037
0.3476794199 0.1853905515
0.3477219305 0.1853893010
0.3477644411 0.1853880522
0.3478069517 0.1853868052
0.3478494624 0.1853855599
0.3478919730 0.1853843164
0.3479344836 0.1853830746
0.3479769942 0.1853818346
0.3480195049 0.1853805962
0.3480620155 0.1853793597
0.3481045261 0.1853781248
0.3481470368 0.1853768917
0.3481895474 0.1853756604
0.3482320580 0.1853744307
0.3482745686 0.1853732028
0.3483170793 0.1853719767
0.3483595899 0.1853707522
0.3484021005 0.1853695295
0.3484446112 0.1853683085
0.3484871218 0.1853670893
0.3485296324 0.1853658717
0.3485721430 0.1853646559
0.3486146537 0.1853634418
0.3486571643 0.1853622295
0.3486996749 0.1853610188
0.3487421855 0.1853598099
0.3487846962 0.1853586027
0.3488272068 0.1853573972
0.3488697174 0.1853561934
0.3489122281 0.1853549913
0.3489547387 0.1853537909
0.3489972493 0.1853525923
0.3490397599 0.1853513954
0.3490822706 0.1853502001
0.3491247812 0.1853490066
0.3491672918 0.1853478148
0.3492098025 0.1853466247
0.3492523131 0.1853454363
0.3492948237 0.1853442496
0.3493373343 0.1853430646
0.3493798450 0.1853418814
0.3494223556 0.1853406998
0.3494648662 0.1853395199
0.3495073768 0.1853383417
0.3495498875 0.1853371652
0.3495923981 0.1853359904
0.3496349087 0.1853348174
0.3496774194 0.1853336460
0.3497199300 0.1853324763
0.3497624406 0.1853313083
0.3498049512 0.1853301420
0.3498474619 0.1853289773
0.3498899725 0.1853278144
0.3499324831 0.1853266532
0.3499749937 0.1853254936
0.3500175044 0.1853243358
0.3500600150 0.1853231796
0.3501025256 0.1853220251
0.3501450363 0.1853208724
0.3501875469 0.1853197212
0.3502300575 0.1853185718
0.3502725681 0.1853174241
0.3503150788 0.1853162780
0.3503575894 0.1853151337
0.3504001000 0.1853139910
0.3504426107 0.1853128500
0.3504851213 0.1853117107
0.3505276319 0.1853105730
0.3505701425 0.1853094371
0.3506126532 0.1853083028
0.3506551638 0.1853071702
0.3506976744 0.1853060392
0.3507401850 0.1853049100
0.3507826957 0.1853037824
0.3508252063 0.1853026565
0.3508677169 0.1853015323
0.3509102276 0.1853004097
0.3509527382 0.1852992889
0.3509952488 0.1852981697
0.3510377594 0.1852970521
0.3510802701 0.1852959363
0.3511227807 0.1852948221
0.3511652913 0.1852937096
0.3512078020 0.1852925987
0.3512503126 0.1852914896
0.3512928232 0.1852903820
0.3513353338 0.1852892762
0.3513778445 0.1852881720
0.3514203551 0.1852870695
0.3514628657 0.1852859687
0.3515053763 0.1852848695
0.3515478870 0.1852837720
0.3515903976 0.1852826762
0.3516329082 0.1852815821
0.3516754189 0.1852804895
0.3517179295 0.1852793987
0.3517604401 0.1852783095
0.3518029507 0.1852772220
0.3518454614 0.1852761362
0.3518879720 0.1852750520
0.3519304826 0.1852739695
0.3519729932 0.1852728886
0.3520155039 0.1852718095
0.3520580145 0.1852707319
0.3521005251 0.1852696561
0.3521430358 0.1852685819
0.3521855464 0.1852675093
0.3522280570 0.1852664384
0.3522705676 0.1852653692
0.3523130783 0.1852643017
0.3523555889 0.1852632358
0.3523980995 0.1852621715
0.3524406102 0.1852611090
0.3524831208 0.1852600480
0.3525256314 0.1852589888
0.3525681420 0.1852579312
0.3526106527 0.1852568752
0.3526531633 0.1852558210
0.3526956739 0.1852547683
0.3527381845 0.1852537174
0.3527806952 0.1852526681
0.3528232058 0.1852516204
0.3528657164 0.1852505744
0.3529082271 0.1852495301
0.3529507377 0.1852484875
0.3529932483 0.1852474464
0.3530357589 0.1852464071
0.3530782696 0.1852453694
0.3531207802 0.1852443334
0.3531632908 0.1852432990
0.3532058015 0.1852422663
0.3532483121 0.1852412352
0.3532908227 0.1852402058
0.3533333333 0.1852391781
0.3533758440 0.1852381520
0.3534183546 0.1852371276
0.3534608652 0.1852361048
0.3535033758 0.1852350837
0.3535458865 0.1852340643
0.3535883971 0.1852330465
0.3536309077 0.1852320304
0.3536734184 0.1852310159
0.3537159290 0.1852300031
0.3537584396 0.1852289919
0.3538009502 0.1852279824
0.3538434609 0.1852269746
0.3538859715 0.1852259684
0.3539284821 0.1852249639
0.3539709927 0.1852239611
0.3540135034 0.1852229599
0.3540560140 0.1852219604
0.3540985246 0.1852209625
0.3541410353 0.1852199663
0.3541835459 0.1852189718
0.3542260565 0.1852179789
0.3542685671 0.1852169877
0.3543110778 0.1852159981
0.3543535884 0.1852150102
0.3543960990 0.1852140240
0.3544386097 0.1852130394
0.3544811203 0.1852120565
0.3545236309 0.1852110753
0.3545661415 0.1852100957
0.3546086522 0.1852091178
0.3546511628 0.1852081416
0.3546936734 0.1852071670
0.3547361840 0.1852061941
0.3547786947 0.1852052229
0.3548212053 0.1852042533
0.3548637159 0.1852032854
0.3549062266 0.1852023192
0.3549487372 0.1852013546
0.3549912478 0.1852003917
0.3550337584 0.1851994305
0.3550762691 0.1851984710
0.3551187797 0.1851975131
0.3551612903 0.1851965569
0.3552038010 0.1851956023
0.3552463116 0.1851946495
0.3552888222 0.1851936983
0.3553313328 0.1851927488
0.3553738435 0.1851918009
0.3554163541 0.1851908548
0.3554588647 0.1851899103
0.3555013753 0.1851889675
0.3555438860 0.1851880263
0.3555863966 0.1851870869
0.3556289072 0.1851861491
0.3556714179 0.1851852130
0.3557139285 0.1851842786
0.3557564391 0.1851833458
0.3557989497 0.1851824148
0.3558414604 0.1851814854
0.3558839710 0.1851805577
0.3559264816 0.1851796317
0.3559689922 0.1851787074
0.3560115029 0.1851777848
0.3560540135 0.1851768638
0.3560965241 0.1851759446
0.3561390348 0.1851750270
0.3561815454 0.1851741111
0.3562240560 0.1851731969
0.3562665666 0.1851722844
0.3563090773 0.1851713736
0.3563515879 0.1851704645
0.3563940985 0.1851695571
0.3564366092 0.1851686513
0.3564791198 0.1851677473
0.3565216304 0.1851668450
0.3565641410 0.1851659443
0.3566066517 0.1851650454
0.3566491623 0.1851641481
0.3566916729 0.1851632526
0.3567341835 0.1851623588
0.3567766942 0.1851614666
0.3568192048 0.1851605762
0.3568617154 0.1851596875
0.3569042261 0.1851588004
0.3569467367 0.1851579151
0.3569892473 0.1851570315
0.3570317579 0.1851561496
0.3570742686 0.1851552694
0.3571167792 0.1851543910
0.3571592898 0.1851535142
0.3572018005 0.1851526391
0.3572443111 0.1851517658
0.3572868217 0.1851508942
0.3573293323 0.1851500243
0.3573718430 0.1851491561
0.3574143536 0.1851482897
0.3574568642 0.1851474249
0.3574993748 0.1851465619
0.3575418855 0.1851457006
0.3575843961 0.1851448410
0.3576269067 0.1851439832
0.3576694174 0.1851431271
0.3577119280 0.1851422727
0.3577544386 0.1851414200
0.3577969492 0.1851405691
0.3578394599 0.1851397199
0.3578819705 0.1851388725
0.3579244811 0.1851380268
0.3579669917 0.1851371828
0.3580095024 0.1851363405
0.3580520130 0.1851355000
0.3580945236 0.1851346613
0.3581370343 0.1851338242
0.3581795449 0.1851329890
0.3582220555 0.1851321555
0.3582645661 0.1851313237
0.3583070768 0.1851304936
0.3583495874 0.1851296654
0.3583920980 0.1851288388
0.3584346087 0.1851280141
0.3584771193 0.1851271911
0.3585196299 0.1851263698
0.3585621405 0.1851255503
0.3586046512 0.1851247326
0.3586471618 0.1851239166
0.3586896724 0.1851231024
0.3587321830 0.1851222899
0.3587746937 0.1851214792
0.3588172043 0.1851206703
0.3588597149 0.1851198632
0.3589022256 0.1851190578
0.3589447362 0.1851182542
0.3589872468 0.1851174524
0.3590297574 0.1851166524
0.3590722681 0.1851158541
0.3591147787 0.1851150576
0.3591572893 0.1851142629
0.3591997999 0.1851134700
0.3592423106 0.1851126789
0.3592848212 0.1851118895
0.3593273318 0.1851111020
0.3593698425 0.1851103162
0.3594123531 0.1851095323
0.3594548637 0.1851087501
0.3594973743 0.1851079697
0.3595398850 0.1851071912
0.3595823956 0.1851064144
0.3596249062 0.1851056394
0.3596674169 0.1851048663
0.3597099275 0.1851040949
0.3597524381 0.1851033254
0.3597949487 0.1851025577
0.3598374594 0.1851017917
0.3598799700 0.1851010276
0.3599224806 0.1851002654
0.3599649912 0.1850995049
0.3600075019 0.1850987463
0.3600500125 0.1850979894
0.3600925231 0.1850972345
0.3601350338 0.1850964813
0.3601775444 0.1850957300
0.3602200550 0.1850949805
0.3602625656 0.1850942328
0.3603050763 0.1850934870
0.3603475869 0.1850927430
0.3603900975 0.1850920008
0.3604326082 0.1850912605
0.3604751188 0.1850905221
0.3605176294 0.1850897855
0.3605601400 0.1850890507
0.3606026507 0.1850883178
0.3606451613 0.1850875868
0.3606876719 0.1850868576
0.3607301825 0.1850861303
0.3607726932 0.1850854048
0.3608152038 0.1850846812
0.3608577144 0.1850839594
0.3609002251 0.1850832396
0.3609427357 0.1850825216
0.3609852463 0.1850818055
0.3610277569 0.1850810912
0.3610702676 0.1850803789
0.3611127782 0.1850796684
0.3611552888 0.1850789598
0.3611977994 0.1850782531
0.3612403101 0.1850775482
0.3612828207 0.1850768453
0.3613253313 0.1850761443
0.3613678420 0.1850754451
0.3614103526 0.1850747479
0.3614528632 0.1850740525
0.3614953738 0.1850733591
0.3615378845 0.1850726676
0.3615803951 0.1850719780
0.3616229057 0.1850712902
0.3616654164 0.1850706045
0.3617079270 0.1850699206
0.3617504376 0.1850692386
0.3617929482 0.1850685586
0.3618354589 0.1850678805
0.3618779695 0.1850672043
0.3619204801 0.1850665301
0.3619629907 0.1850658578
0.3620055014 0.1850651874
0.3620480120 0.1850645189
0.3620905226 0.1850638525
0.3621330333 0.1850631879
0.3621755439 0.1850625253
0.3622180545 0.1850618647
0.3622605651 0.1850612060
0.3623030758 0.1850605492
0.3623455864 0.1850598945
0.3623880970 0.1850592416
0.3624306077 0.1850585908
0.3624731183 0.1850579419
0.3625156289 0.1850572950
0.3625581395 0.1850566501
0.3626006502 0.1850560071
0.3626431608 0.1850553661
0.3626856714 0.1850547271
0.3627281820 0.1850540901
0.3627706927 0.1850534551
0.3628132033 0.1850528221
0.3628557139 0.1850521911
0.3628982246 0.1850515620
0.3629407352 0.1850509350
0.3629832458 0.1850503100
0.3630257564 0.1850496870
0.3630682671 0.1850490660
0.3631107777 0.1850484470
0.3631532883 0.1850478300
0.3631957989 0.1850472151
0.3632383096 0.1850466022
0.3632808202 0.1850459913
0.3633233308 0.1850453824
0.3633658415 0.1850447756
0.3634083521 0.1850441708
0.3634508627 0.1850435680
0.3634933733 0.1850429673
0.3635358840 0.1850423687
0.3635783946 0.1850417720
0.3636209052 0.1850411775
0.3636634159 0.1850405850
0.3637059265 0.1850399946
0.3637484371 0.1850394062
0.3637909477 0.1850388199
0.3638334584 0.1850382356
0.3638759690 0.1850376535
0.3639184796 0.1850370734
0.3639609902 0.1850364954
0.3640035009 0.1850359195
0.3640460115 0.1850353457
0.3640885221 0.1850347739
0.3641310328 0.1850342043
0.3641735434 0.1850336368
0.3642160540 0.1850330713
0.3642585646 0.1850325080
0.3643010753 0.1850319468
0.3643435859 0.1850313877
0.3643860965 0.1850308307
0.3644286072 0.1850302758
0.3644711178 0.1850297231
0.3645136284 0.1850291725
0.3645561390 0.1850286240
0.3645986497 0.1850280776
0.3646411603 0.1850275334
0.3646836709 0.1850269914
0.3647261815 0.1850264515
0.3647686922 0.1850259137
0.3648112028 0.1850253781
0.3648537134 0.1850248446
0.3648962241 0.1850243134
0.3649387347 0.1850237842
0.3649812453 0.1850232573
0.3650237559 0.1850227325
0.3650662666 0.1850222099
0.3651087772 0.1850216895
0.3651512878 0.1850211713
0.3651937984 0.1850206553
0.3652363091 0.1850201414
0.3652788197 0.1850196298
0.3653213303 0.1850191203
0.3653638410 0.1850186131
0.3654063516 0.1850181081
0.3654488622 0.1850176053
0.3654913728 0.1850171047
0.3655338835 0.1850166063
0.3655763941 0.1850161101
0.3656189047 0.1850156162
0.3656614154 0.1850151246
0.3657039260 0.1850146351
0.3657464366 0.1850141479
0.3657889472 0.1850136630
0.3658314579 0.1850131803
0.3658739685 0.1850126998
0.3659164791 0.1850122217
0.3659589897 0.1850117457
0.3660015004 0.1850112721
0.3660440110 0.1850108007
0.3660865216 0.1850103316
0.3661290323 0.1850098648
0.3661715429 0.1850094003
0.3662140535 0.1850089380
0.3662565641 0.1850084781
0.3662990748 0.1850080204
0.3663415854 0.1850075651
0.3663840960 0.1850071121
0.3664266067 0.1850066613
0.3664691173 0.1850062129
0.3665116279 0.1850057668
0.3665541385 0.1850053231
0.3665966492 0.1850048817
0.3666391598 0.1850044426
0.3666816704 0.1850040058
0.3667241810 0.1850035714
0.3667666917 0.1850031393
0.3668092023 0.1850027096
0.3668517129 0.1850022823
0.3668942236 0.1850018573
0.3669367342 0.1850014347
0.3669792448 0.1850010144
0.3670217554 0.1850005965
0.3670642661 0.1850001811
0.3671067767 0.1849997680
0.3671492873 0.1849993572
0.3671917979 0.1849989489
0.3672343086 0.1849985430
0.3672768192 0.1849981395
0.3673193298 0.1849977384
0.3673618405 0.1849973397
0.3674043511 0.1849969434
0.3674468617 0.1849965496
0.3674893723 0.1849961581
0.3675318830 0.1849957692
0.3675743936 0.1849953826
0.3676169042 0.1849949985
0.3676594149 0.1849946169
0.3677019255 0.1849942377
0.3677444361 0.1849938609
0.3677869467 0.1849934866
0.3678294574 0.1849931148
0.3678719680 0.1849927455
0.3679144786 0.1849923787
0.3679569892 0.1849920143
0.3679994999 0.1849916524
0.3680420105 0.1849912930
0.3680845211 0.1849909361
0.3681270318 0.1849905817
0.3681695424 0.1849902299
0.3682120530 0.1849898805
0.3682545636 0.1849895337
0.3682970743 0.1849891893
0.3683395849 0.1849888476
0.3683820955 0.1849885083
0.3684246062 0.1849881716
0.3684671168 0.1849878374
0.3685096274 0.1849875058
0.3685521380 0.1849871768
0.3685946487 0.1849868503
0.3686371593 0.1849865263
0.3686796699 0.1849862050
0.3687221805 0.1849858862
0.3687646912 0.1849855700
0.3688072018 0.1849852564
0.3688497124 0.1849849454
0.3688922231 0.1849846370
0.3689347337 0.1849843312
0.3689772443 0.1849840280
0.3690197549 0.1849837274
0.3690622656 0.1849834295
0.3691047762 0.1849831341
0.3691472868 0.1849828414
0.3691897974 0.1849825514
0.3692323081 0.1849822640
0.3692748187 0.1849819792
0.3693173293 0.1849816971
0.3693598400 0.1849814176
0.3694023506 0.1849811409
0.3694448612 0.1849808667
0.3694873718 0.1849805953
0.3695298825 0.1849803266
0.3695723931 0.1849800605
0.3696149037 0.1849797971
0.3696574144 0.1849795365
0.3696999250 0.1849792785
0.3697424356 0.1849790233
0.3697849462 0.1849787708
0.3698274569 0.1849785210
0.3698699675 0.1849782739
0.3699124781 0.1849780296
0.3699549887 0.1849777880
0.3699974994 0.1849775491
0.3700400100 0.1849773130
0.3700825206 0.1849770797
0.3701250313 0.1849768491
0.3701675419 0.1849766213
0.3702100525 0.1849763963
0.3702525631 0.1849761741
0.3702950738 0.1849759546
0.3703375844 0.1849757380
0.3703800950 0.1849755242
0.3704226057 0.1849753131
0.3704651163 0.1849751049
0.3705076269 0.1849748995
0.3705501375 0.1849746969
0.3705926482 0.1849744972
0.3706351588 0.1849743003
0.3706776694 0.1849741062
0.3707201800 0.1849739150
0.3707626907 0.1849737266
0.3708052013 0.1849735412
0.3708477119 0.1849733585
0.3708902226 0.1849731788
0.3709327332 0.1849730019
0.3709752438 0.1849728280
0.3710177544 0.1849726569
0.3710602651 0.1849724887
0.3711027757 0.1849723235
0.3711452863 0.1849721611
0.3711877969 0.1849720017
0.3712303076 0.1849718452
0.3712728182 0.1849716916
0.3713153288 0.1849715410
0.3713578395 0.1849713933
0.3714003501 0.1849712486
0.3714428607 0.1849711068
0.3714853713 0.1849709680
0.3715278820 0.1849708322
0.3715703926 0.1849706993
0.3716129032 0.1849705695
0.3716554139 0.1849704426
0.3716979245 0.1849703187
0.3717404351 0.1849701979
0.3717829457 0.1849700800
0.3718254564 0.1849699652
0.3718679670 0.1849698534
0.3719104776 0.1849697446
0.3719529882 0.1849696389
0.3719954989 0.1849695362
0.3720380095 0.1849694366
0.3720805201 0.1849693400
0.3721230308 0.1849692465
0.3721655414 0.1849691561
0.3722080520 0.1849690688
0.3722505626 0.1849689845
0.3722930733 0.1849689033
0.3723355839 0.1849688253
0.3723780945 0.1849687503
0.3724206052 0.1849686785
0.3724631158 0.1849686098
0.3725056264 0.1849685442
0.3725481370 0.1849684818
0.3725906477 0.1849684225
0.3726331583 0.1849683663
0.3726756689 0.1849683133
0.3727181795 0.1849682635
0.3727606902 0.1849682168
0.3728032008 0.1849681734
0.3728457114 0.1849681331
0.3728882221 0.1849680960
0.3729307327 0.1849680621
0.3729732433 0.1849680314
0.3730157539 0.1849680040
0.3730582646 0.1849679797
0.3731007752 0.1849679587
0.3731432858 0.1849679409
0.3731857964 0.1849679264
0.3732283071 0.1849679151
0.3732708177 0.1849679071
0.3733133283 0.1849679023
0.3733558390 0.1849679009
0.3733983496 0.1849679027
0.3734408602 0.1849679078
0.3734833708 0.1849679161
0.3735258815 0.1849679278
0.3735683921 0.1849679428
0.3736109027 0.1849679612
0.3736534134 0.1849679828
0.3736959240 0.1849680078
0.3737384346 0.1849680361
0.3737809452 0.1849680678
0.3738234559 0.1849681029
0.3738659665 0.1849681413
0.3739084771 0.1849681830
0.3739509877 0.1849682282
0.3739934984 0.1849682767
0.3740360090 0.1849683287
0.3740785196 0.1849683840
0.3741210303 0.1849684428
0.3741635409 0.1849685049
0.3742060515 0.1849685705
0.3742485621 0.1849686396
0.3742910728 0.1849687120
0.3743335834 0.1849687880
0.3743760940 0.1849688674
0.3744186047 0.1849689502
0.3744611153 0.1849690365
0.3745036259 0.1849691263
0.3745461365 0.1849692196
0.3745886472 0.1849693164
0.3746311578 0.1849694167
0.3746736684 0.1849695205
0.3747161790 0.1849696279
0.3747586897 0.1849697387
0.3748012003 0.1849698532
0.3748437109 0.1849699711
0.3748862216 0.1849700926
0.3749287322 0.1849702177
0.3749712428 0.1849703463
0.3750137534 0.1849704785
0.3750562641 0.1849706143
0.3750987747 0.1849707537
0.3751412853 0.1849708967
0.3751837959 0.1849710434
0.3752263066 0.1849711936
0.3752688172 0.1849713475
0.3753113278 0.1849715050
0.3753538385 0.1849716661
0.3753963491 0.1849718309
0.3754388597 0.1849719994
0.3754813703 0.1849721715
0.3755238810 0.1849723473
0.3755663916 0.1849725268
0.3756089022 0.1849727100
0.3756514129 0.1849728969
0.3756939235 0.1849730875
0.3757364341 0.1849732819
0.3757789447 0.1849734799
0.3758214554 0.1849736817
0.3758639660 0.1849738873
0.3759064766 0.1849740966
0.3759489872 0.1849743096
0.3759914979 0.1849745265
0.3760340085 0.1849747471
0.3760765191 0.1849749715
0.3761190298 0.1849751997
0.3761615404 0.1849754317
0.3762040510 0.1849756676
0.3762465616 0.1849759072
0.3762890723 0.1849761507
0.3763315829 0.1849763981
0.3763740935 0.1849766492
0.3764166042 0.1849769043
0.3764591148 0.1849771632
0.3765016254 0.1849774260
0.3765441360 0.1849776927
0.3765866467 0.1849779633
0.3766291573 0.1849782378
0.3766716679 0.1849785161
0.3767141785 0.1849787985
0.3767566892 0.1849790847
0.3767991998 0.1849793749
0.3768417104 0.1849796691
0.3768842211 0.1849799672
0.3769267317 0.1849802692
0.3769692423 0.1849805753
0.3770117529 0.1849808853
0.3770542636 0.1849811994
0.3770967742 0.1849815174
0.3771392848 0.1849818395
0.3771817954 0.1849821655
0.3772243061 0.1849824956
0.3772668167 0.1849828298
0.3773093273 0.1849831680
0.3773518380 0.1849835103
0.3773943486 0.1849838566
0.3774368592 0.1849842070
0.3774793698 0.1849845615
0.3775218805 0.1849849201
0.3775643911 0.1849852828
0.3776069017 0.1849856496
0.3776494124 0.1849860206
0.3776919230 0.1849863957
0.3777344336 0.1849867749
0.3777769442 0.1849871583
0.3778194549 0.1849875458
0.3778619655 0.1849879376
0.3779044761 0.1849883335
0.3779469867 0.1849887336
0.3779894974 0.1849891379
0.3780320080 0.1849895464
0.3780745186 0.1849899591
0.3781170293 0.1849903761
0.3781595399 0.1849907973
0.3782020505 0.1849912228
0.3782445611 0.1849916525
0.3782870718 0.1849920865
0.3783295824 0.1849925248
0.3783720930 0.1849929674
0.3784146037 0.1849934142
0.3784571143 0.1849938654
0.3784996249 0.1849943209
0.3785421355 0.1849947808
0.3785846462 0.1849952449
0.3786271568 0.1849957134
0.3786696674 0.1849961863
0.3787121780 0.1849966636
0.3787546887 0.1849971452
0.3787971993 0.1849976312
0.3788397099 0.1849981217
0.3788822206 0.1849986165
0.3789247312 0.1849991158
0.3789672418 0.1849996194
0.3790097524 0.1850001276
0.3790522631 0.1850006401
0.3790947737 0.1850011572
0.3791372843 0.1850016787
0.3791797949 0.1850022047
0.3792223056 0.1850027352
0.3792648162 0.1850032701
0.3793073268 0.1850038096
0.3793498375 0.1850043537
0.3793923481 0.1850049022
0.3794348587 0.1850054553
0.3794773693 0.1850060130
0.3795198800 0.1850065752
0.3795623906 0.1850071420
0.3796049012 0.1850077133
0.3796474119 0.1850082893
0.3796899225 0.1850088699
0.3797324331 0.1850094551
0.3797749437 0.1850100449
0.3798174544 0.1850106394
0.3798599650 0.1850112385
0.3799024756 0.1850118422
0.3799449862 0.1850124507
0.3799874969 0.1850130638
0.3800300075 0.1850136816
0.3800725181 0.1850143041
0.3801150288 0.1850149313
0.3801575394 0.1850155633
0.3802000500 0.1850161999
0.3802425606 0.1850168414
0.3802850713 0.1850174875
0.3803275819 0.1850181385
0.3803700925 0.1850187942
0.3804126032 0.1850194547
0.3804551138 0.1850201200
0.3804976244 0.1850207901
0.3805401350 0.1850214651
0.3805826457 0.1850221449
0.3806251563 0.1850228295
0.3806676669 0.1850235189
0.3807101775 0.1850242133
0.3807526882 0.1850249125
0.3807951988 0.1850256166
0.3808377094 0.1850263256
0.3808802201 0.1850270395
0.3809227307 0.1850277583
0.3809652413 0.1850284821
0.3810077519 0.1850292108
0.3810502626 0.1850299444
0.3810927732 0.1850306830
0.3811352838 0.1850314266
0.3811777944 0.1850321752
0.3812203051 0.1850329288
0.3812628157 0.1850336874
0.3813053263 0.1850344510
0.3813478370 0.1850352197
0.3813903476 0.1850359933
0.3814328582 0.1850367721
0.3814753688 0.1850375559
0.3815178795 0.1850383448
0.3815603901 0.1850391388
0.3816029007 0.1850399379
0.3816454114 0.1850407421
0.3816879220 0.1850415514
0.3817304326 0.1850423659
0.3817729432 0.1850431855
0.3818154539 0.1850440102
0.3818579645 0.1850448402
0.3819004751 0.1850456753
0.3819429857 0.1850465156
0.3819854964 0.1850473612
0.3820280070 0.1850482119
0.3820705176 0.1850490679
0.3821130283 0.1850499291
0.3821555389 0.1850507956
0.3821980495 0.1850516673
0.3822405601 0.1850525443
0.3822830708 0.1850534266
0.3823255814 0.1850543142
0.3823680920 0.1850552071
0.3824106027 0.1850561054
0.3824531133 0.1850570089
0.3824956239 0.1850579179
0.3825381345 0.1850588321
0.3825806452 0.1850597518
0.3826231558 0.1850606768
0.3826656664 0.1850616073
0.3827081770 0.1850625431
0.3827506877 0.1850634844
0.3827931983 0.1850644311
0.3828357089 0.1850653833
0.3828782196 0.1850663409
0.3829207302 0.1850673040
0.3829632408 0.1850682725
0.3830057514 0.1850692466
0.3830482621 0.1850702261
0.3830907727 0.1850712112
0.3831332833 0.1850722018
0.3831757939 0.1850731980
0.3832183046 0.1850741997
0.3832608152 0.1850752070
0.3833033258 0.1850762198
0.3833458365 0.1850772383
0.3833883471 0.1850782624
0.3834308577 0.1850792920
0.3834733683 0.1850803274
0.3835158790 0.1850813683
0.3835583896 0.1850824149
0.3836009002 0.1850834672
0.3836434109 0.1850845252
0.3836859215 0.1850855888
0.3837284321 0.1850866582
0.3837709427 0.1850877333
0.3838134534 0.1850888141
0.3838559640 0.1850899006
0.3838984746 0.1850909930
0.3839409852 0.1850920910
0.3839834959 0.1850931949
0.3840260065 0.1850943046
0.3840685171 0.1850954201
0.3841110278 0.1850965414
0.3841535384 0.1850976685
0.3841960490 0.1850988015
0.3842385596 0.1850999403
0.3842810703 0.1851010850
0.3843235809 0.1851022356
0.3843660915 0.1851033921
0.3844086022 0.1851045545
0.3844511128 0.1851057229
0.3844936234 0.1851068971
0.3845361340 0.1851080774
0.3845786447 0.1851092636
0.3846211553 0.1851104557
0.3846636659 0.1851116539
0.3847061765 0.1851128581
0.3847486872 0.1851140682
0.3847911978 0.1851152845
0.3848337084 0.1851165067
0.3848762191 0.1851177350
0.3849187297 0.1851189694
0.3849612403 0.1851202099
0.3850037509 0.1851214565
0.3850462616 0.1851227092
0.3850887722 0.1851239680
0.3851312828 0.1851252329
0.3851737934 0.1851265040
0.3852163041 0.1851277813
0.3852588147 0.1851290647
0.3853013253 0.1851303543
0.3853438360 0.1851316502
0.3853863466 0.1851329522
0.3854288572 0.1851342605
0.3854713678 0.1851355751
0.3855138785 0.1851368958
0.3855563891 0.1851382229
0.3855988997 0.1851395563
0.3856414104 0.1851408959
0.3856839210 0.1851422419
0.3857264316 0.1851435942
0.3857689422 0.1851449529
0.3858114529 0.1851463179
0.3858539635 0.1851476892
0.3858964741 0.1851490670
0.3859389847 0.1851504511
0.3859814954 0.1851518417
0.3860240060 0.1851532387
0.3860665166 0.1851546421
0.3861090273 0.1851560520
0.3861515379 0.1851574684
0.3861940485 0.1851588912
0.3862365591 0.1851603205
0.3862790698 0.1851617564
0.3863215804 0.1851631988
0.3863640910 0.1851646477
0.3864066017 0.1851661031
0.3864491123 0.1851675651
0.3864916229 0.1851690338
0.3865341335 0.1851705090
0.3865766442 0.1851719908
0.3866191548 0.1851734792
0.3866616654 0.1851749743
0.3867041760 0.1851764760
0.3867466867 0.1851779844
0.3867891973 0.1851794995
0.3868317079 0.1851810213
0.3868742186 0.1851825497
0.3869167292 0.1851840850
0.3869592398 0.1851856269
0.3870017504 0.1851871756
0.3870442611 0.1851887311
0.3870867717 0.1851902933
0.3871292823 0.1851918624
0.3871717929 0.1851934383
0.3872143036 0.1851950209
0.3872568142 0.1851966105
0.3872993248 0.1851982069
0.3873418355 0.1851998101
0.3873843461 0.1852014203
0.3874268567 0.1852030373
0.3874693673 0.1852046613
0.3875118780 0.1852062922
0.3875543886 0.1852079300
0.3875968992 0.1852095748
0.3876394099 0.1852112266
0.3876819205 0.1852128853
0.3877244311 0.1852145511
0.3877669417 0.1852162239
0.3878094524 0.1852179037
0.3878519630 0.1852195906
0.3878944736 0.1852212845
0.3879369842 0.1852229855
0.3879794949 0.1852246937
0.3880220055 0.1852264089
0.3880645161 0.1852281312
0.3881070268 0.1852298607
0.3881495374 0.1852315974
0.3881920480 0.1852333412
0.3882345586 0.1852350922
0.3882770693 0.1852368504
0.3883195799 0.1852386158
0.3883620905 0.1852403884
0.3884046012 0.1852421683
0.3884471118 0.1852439555
0.3884896224 0.1852457499
0.3885321330 0.1852475517
0.3885746437 0.1852493607
0.3886171543 0.1852511771
0.3886596649 0.1852530008
0.3887021755 0.1852548319
0.3887446862 0.1852566703
0.3887871968 0.1852585161
0.3888297074 0.1852603693
0.3888722181 0.1852622300
0.3889147287 0.1852640980
0.3889572393 0.1852659736
0.3889997499 0.1852678566
0.3890422606 0.1852697470
0.3890847712 0.1852716450
0.3891272818 0.1852735505
0.3891697924 0.1852754635
0.3892123031 0.1852773840
0.3892548137 0.1852793121
0.3892973243 0.1852812478
0.3893398350 0.1852831911
0.3893823456 0.1852851420
0.3894248562 0.1852871005
0.3894673668 0.1852890666
0.3895098775 0.1852910405
0.3895523881 0.1852930219
0.3895948987 0.1852950111
0.3896374094 0.1852970080
0.3896799200 0.1852990126
0.3897224306 0.1853010249
0.3897649412 0.1853030450
0.3898074519 0.1853050728
0.3898499625 0.1853071084
0.3898924731 0.1853091519
0.3899349837 0.1853112031
0.3899774944 0.1853132622
0.3900200050 0.1853153291
0.3900625156 0.1853174039
0.3901050263 0.1853194866
0.3901475369 0.1853215772
0.3901900475 0.1853236757
0.3902325581 0.1853257821
0.3902750688 0.1853278965
0.3903175794 0.1853300188
0.3903600900 0.1853321491
0.3904026007 0.1853342875
0.3904451113 0.1853364338
0.3904876219 0.1853385882
0.3905301325 0.1853407506
0.3905726432 0.1853429211
0.3906151538 0.1853450996
0.3906576644 0.1853472863
0.3907001750 0.1853494810
0.3907426857 0.1853516840
0.3907851963 0.1853538950
0.3908277069 0.1853561142
0.3908702176 0.1853583416
0.3909127282 0.1853605772
0.3909552388 0.1853628210
0.3909977494 0.1853650731
0.3910402601 0.1853673334
0.3910827707 0.1853696019
0.3911252813 0.1853718788
0.3911677919 0.1853741639
0.3912103026 0.1853764574
0.3912528132 0.1853787592
0.3912953238 0.1853810694
0.3913378345 0.1853833879
0.3913803451 0.1853857148
0.3914228557 0.1853880501
0.3914653663 0.1853903938
0.3915078770 0.1853927460
0.3915503876 0.1853951066
0.3915928982 0.1853974757
0.3916354089 0.1853998533
0.3916779195 0.1854022394
0.3917204301 0.1854046340
0.3917629407 0.1854070372
0.3918054514 0.1854094489
0.3918479620 0.1854118692
0.3918904726 0.1854142981
0.3919329832 0.1854167356
0.3919754939 0.1854191818
0.3920180045 0.1854216365
0.3920605151 0.1854241000
0.3921030258 0.1854265721
0.3921455364 0.1854290530
0.3921880470 0.1854315425
0.3922305576 0.1854340408
0.3922730683 0.1854365478
0.3923155789 0.1854390636
0.3923580895 0.1854415882
0.3924006002 0.1854441216
0.3924431108 0.1854466638
0.3924856214 0.1854492149
0.3925281320 0.1854517748
0.3925706427 0.1854543436
0.3926131533 0.1854569213
0.3926556639 0.1854595080
0.3926981745 0.1854621035
0.3927406852 0.1854647080
0.3927831958 0.1854673215
0.3928257064 0.1854699439
0.3928682171 0.1854725754
0.3929107277 0.1854752159
0.3929532383 0.1854778654
0.3929957489 0.1854805240
0.3930382596 0.1854831916
0.3930807702 0.1854858684
0.3931232808 0.1854885542
0.3931657914 0.1854912492
0.3932083021 0.1854939534
0.3932508127 0.1854966667
0.3932933233 0.1854993892
0.3933358340 0.1855021209
0.3933783446 0.1855048618
0.3934208552 0.1855076120
0.3934633658 0.1855103714
0.3935058765 0.1855131401
0.3935483871 0.1855159181
0.3935908977 0.1855187055
0.3936334084 0.1855215021
0.3936759190 0.1855243081
0.3937184296 0.1855271235
0.3937609402 0.1855299483
0.3938034509 0.1855327825
0.3938459615 0.1855356261
0.3938884721 0.1855384791
0.3939309827 0.1855413417
0.3939734934 0.1855442137
0.3940160040 0.1855470952
0.3940585146 0.1855499862
0.3941010253 0.1855528868
0.3941435359 0.1855557969
0.3941860465 0.1855587167
0.3942285571 0.1855616460
0.3942710678 0.1855645849
0.3943135784 0.1855675335
0.3943560890 0.1855704917
0.3943985996 0.1855734596
0.3944411103 0.1855764372
0.3944836209 0.1855794245
0.3945261315 0.1855824215
0.3945686422 0.1855854283
0.3946111528 0.1855884449
0.3946536634 0.1855914712
0.3946961740 0.1855945074
0.3947386847 0.1855975533
0.3947811953 0.1856006092
0.3948237059 0.1856036749
0.3948662166 0.1856067504
0.3949087272 0.1856098359
0.3949512378 0.1856129313
0.3949937484 0.1856160367
0.3950362591 0.1856191520
0.3950787697 0.1856222773
0.3951212803 0.1856254126
0.3951637909 0.1856285580
0.3952063016 0.1856317133
0.3952488122 0.1856348788
0.3952913228 0.1856380543
0.3953338335 0.1856412399
0.3953763441 0.1856444357
0.3954188547 0.1856476415
0.3954613653 0.1856508576
0.3955038760 0.1856540838
0.3955463866 0.1856573202
0.3955888972 0.1856605669
0.3956314079 0.1856638237
0.3956739185 0.1856670909
0.3957164291 0.1856703683
0.3957589397 0.1856736560
0.3958014504 0.1856769541
0.3958439610 0.1856802625
0.3958864716 0.1856835812
0.3959289822 0.1856869103
0.3959714929 0.1856902499
0.3960140035 0.1856935998
0.3960565141 0.1856969602
0.3960990248 0.1857003310
0.3961415354 0.1857037124
0.3961840460 0.1857071042
0.3962265566 0.1857105065
0.3962690673 0.1857139194
0.3963115779 0.1857173429
0.3963540885 0.1857207769
0.3963965991 0.1857242216
0.3964391098 0.1857276768
0.3964816204 0.1857311427
0.3965241310 0.1857346193
0.3965666417 0.1857381066
0.3966091523 0.1857416045
0.3966516629 0.1857451132
0.3966941735 0.1857486327
0.3967366842 0.1857521629
0.3967791948 0.1857557039
0.3968217054 0.1857592557
0.3968642161 0.1857628183
0.3969067267 0.1857663918
0.3969492373 0.1857699761
0.3969917479 0.1857735714
0.3970342586 0.1857771775
0.3970767692 0.1857807946
0.3971192798 0.1857844227
0.3971617904 0.1857880617
0.3972043011 0.1857917117
0.3972468117 0.1857953728
0.3972893223 0.1857990449
0.3973318330 0.1858027280
0.3973743436 0.1858064222
0.3974168542 0.1858101275
0.3974593648 0.1858138440
0.3975018755 0.1858175716
0.3975443861 0.1858213103
0.3975868967 0.1858250602
0.3976294074 0.1858288214
0.3976719180 0.1858325938
0.3977144286 0.1858363774
0.3977569392 0.1858401723
0.3977994499 0.1858439785
0.3978419605 0.1858477960
0.3978844711 0.1858516248
0.3979269817 0.1858554650
0.3979694924 0.1858593166
0.3980120030 0.1858631796
0.3980545136 0.1858670540
0.3980970243 0.1858709398
0.3981395349 0.1858748371
0.3981820455 0.1858787459
0.3982245561 0.1858826662
0.3982670668 0.1858865980
0.3983095774 0.1858905414
0.3983520880 0.1858944964
0.3983945986 0.1858984629
0.3984371093 0.1859024411
0.3984796199 0.1859064309
0.3985221305 0.1859104324
0.3985646412 0.1859144455
0.3986071518 0.1859184704
0.3986496624 0.1859225070
0.3986921730 0.1859265553
0.3987346837 0.1859306154
0.3987771943 0.1859346873
0.3988197049 0.1859387710
0.3988622156 0.1859428665
0.3989047262 0.1859469739
0.3989472368 0.1859510932
0.3989897474 0.1859552244
0.3990322581 0.1859593675
0.3990747687 0.1859635226
0.3991172793 0.1859676896
0.3991597899 0.1859718686
0.3992023006 0.1859760597
0.3992448112 0.1859802627
0.3992873218 0.1859844779
0.3993298325 0.1859887051
0.3993723431 0.1859929444
0.3994148537 0.1859971958
0.3994573643 0.1860014594
0.3994998750 0.1860057352
0.3995423856 0.1860100231
0.3995848962 0.1860143233
0.3996274069 0.1860186357
0.3996699175 0.1860229604
0.3997124281 0.1860272974
0.3997549387 0.1860316466
0.3997974494 0.1860360082
0.3998399600 0.1860403822
0.3998824706 0.1860447685
0.3999249812 0.1860491672
0.3999674919 0.1860535784
0.4000100025 0.1860580020
0.4000525131 0.1860624380
0.4000950238 0.1860668866
0.4001375344 0.1860713476
0.4001800450 0.1860758212
0.4002225556 0.1860803074
0.4002650663 0.1860848061
0.4003075769 0.1860893175
0.4003500875 0.1860938414
0.4003925981 0.1860983781
0.4004351088 0.1861029274
0.4004776194 0.1861074894
0.4005201300 0.1861120641
0.4005626407 0.1861166515
0.4006051513 0.1861212518
0.4006476619 0.1861258648
0.4006901725 0.1861304906
0.4007326832 0.1861351293
0.4007751938 0.1861397808
0.4008177044 0.1861444452
0.4008602151 0.1861491226
0.4009027257 0.1861538128
0.4009452363 0.1861585160
0.4009877469 0.1861632322
0.4010302576 0.1861679614
0.4010727682 0.1861727037
0.4011152788 0.1861774589
0.4011577894 0.1861822273
0.4012003001 0.1861870087
0.4012428107 0.1861918033
0.4012853213 0.1861966110
0.4013278320 0.1862014319
0.4013703426 0.1862062660
0.4014128532 0.1862111132
0.4014553638 0.1862159738
0.4014978745 0.1862208476
0.4015403851 0.1862257347
0.4015828957 0.1862306350
0.4016254064 0.1862355488
0.4016679170 0.1862404759
0.4017104276 0.1862454163
0.4017529382 0.1862503702
0.4017954489 0.1862553376
0.4018379595 0.1862603183
0.4018804701 0.1862653126
0.4019229807 0.1862703203
0.4019654914 0.1862753416
0.4020080020 0.1862803765
0.4020505126 0.1862854249
0.4020930233 0.1862904869
0.4021355339 0.1862955626
0.4021780445 0.1863006519
0.4022205551 0.1863057549
0.4022630658 0.1863108716
0.4023055764 0.1863160020
0.4023480870 0.1863211461
0.4023905976 0.1863263041
0.4024331083 0.1863314758
0.4024756189 0.1863366614
0.4025181295 0.1863418608
0.4025606402 0.1863470740
0.4026031508 0.1863523012
0.4026456614 0.1863575423
0.4026881720 0.1863627973
0.4027306827 0.1863680664
0.4027731933 0.1863733494
0.4028157039 0.1863786464
0.4028582146 0.1863839575
0.4029007252 0.1863892827
0.4029432358 0.1863946219
0.4029857464 0.1863999753
0.4030282571 0.1864053428
0.4030707677 0.1864107245
0.4031132783 0.1864161204
0.4031557889 0.1864215305
0.4031982996 0.1864269549
0.4032408102 0.1864323935
0.4032833208 0.1864378464
0.4033258315 0.1864433137
0.4033683421 0.1864487953
0.4034108527 0.1864542912
0.4034533633 0.1864598016
0.4034958740 0.1864653264
0.4035383846 0.1864708657
0.4035808952 0.1864764194
0.4036234059 0.1864819876
0.4036659165 0.1864875704
0.4037084271 0.1864931677
0.4037509377 0.1864987796
0.4037934484 0.1865044060
0.4038359590 0.1865100472
0.4038784696 0.1865157029
0.4039209802 0.1865213734
0.4039634909 0.1865270585
0.4040060015 0.1865327584
0.4040485121 0.1865384731
0.4040910228 0.1865442025
0.4041335334 0.1865499467
0.4041760440 0.1865557058
0.4042185546 0.1865614797
0.4042610653 0.1865672686
0.4043035759 0.1865730723
0.4043460865 0.1865788910
0.4043885971 0.1865847246
0.4044311078 0.1865905732
0.4044736184 0.1865964369
0.4045161290 0.1866023156
0.4045586397 0.1866082093
0.4046011503 0.1866141182
0.4046436609 0.1866200422
0.4046861715 0.1866259813
0.4047286822 0.1866319356
0.4047711928 0.1866379051
0.4048137034 0.1866438898
0.4048562141 0.1866498898
0.4048987247 0.1866559051
0.4049412353 0.1866619356
0.4049837459 0.1866679815
0.4050262566 0.1866740428
0.4050687672 0.1866801195
0.4051112778 0.1866862115
0.4051537884 0.1866923190
0.4051962991 0.1866984420
0.4052388097 0.1867045805
0.4052813203 0.1867107344
0.4053238310 0.1867169040
0.4053663416 0.1867230891
0.4054088522 0.1867292898
0.4054513628 0.1867355061
0.4054938735 0.1867417381
0.4055363841 0.1867479857
0.4055788947 0.1867542491
0.4056214054 0.1867605282
0.4056639160 0.1867668231
0.4057064266 0.1867731337
0.4057489372 0.1867794602
0.4057914479 0.1867858025
0.4058339585 0.1867921607
0.4058764691 0.1867985348
0.4059189797 0.1868049248
0.4059614904 0.1868113307
0.4060040010 0.1868177527
0.4060465116 0.1868241906
0.4060890223 0.1868306446
0.4061315329 0.1868371146
0.4061740435 0.1868436007
0.4062165541 0.1868501030
0.4062590648 0.1868566214
0.4063015754 0.1868631559
0.4063440860 0.1868697067
0.4063865966 0.1868762736
0.4064291073 0.1868828569
0.4064716179 0.1868894564
0.4065141285 0.1868960722
0.4065566392 0.1869027044
0.4065991498 0.1869093529
0.4066416604 0.1869160178
0.4066841710 0.1869226991
0.4067266817 0.1869293969
0.4067691923 0.1869361111
0.4068117029 0.1869428419
0.4068542136 0.1869495892
0.4068967242 0.1869563530
0.4069392348 0.1869631335
0.4069817454 0.1869699305
0.4070242561 0.1869767442
0.4070667667 0.1869835746
0.4071092773 0.1869904216
0.4071517879 0.1869972854
0.4071942986 0.1870041659
0.4072368092 0.1870110633
0.4072793198 0.1870179774
0.4073218305 0.1870249084
0.4073643411 0.1870318562
0.4074068517 0.1870388210
0.4074493623 0.1870458026
0.4074918730 0.1870528013
0.4075343836 0.1870598169
0.4075768942 0.1870668495
0.4076194049 0.1870738991
0.4076619155 0.1870809659
0.4077044261 0.1870880497
0.4077469367 0.1870951506
0.4077894474 0.1871022687
0.4078319580 0.1871094040
0.4078744686 0.1871165565
0.4079169792 0.1871237262
0.4079594899 0.1871309132
0.4080020005 0.1871381175
0.4080445111 0.1871453391
0.4080870218 0.1871525781
0.4081295324 0.1871598344
0.4081720430 0.1871671082
0.4082145536 0.1871743994
0.4082570643 0.1871817081
0.4082995749 0.1871890343
0.4083420855 0.1871963780
0.4083845961 0.1872037392
0.4084271068 0.1872111181
0.4084696174 0.1872185146
0.4085121280 0.1872259287
0.4085546387 0.1872333605
0.4085971493 0.1872408099
0.4086396599 0.1872482772
0.4086821705 0.1872557622
0.4087246812 0.1872632649
0.4087671918 0.1872707855
0.4088097024 0.1872783240
0.4088522131 0.1872858803
0.4088947237 0.1872934545
0.4089372343 0.1873010467
0.4089797449 0.1873086569
0.4090222556 0.1873162850
0.4090647662 0.1873239312
0.4091072768 0.1873315954
0.4091497874 0.1873392777
0.4091922981 0.1873469781
0.4092348087 0.1873546967
0.4092773193 0.1873624335
0.4093198300 0.1873701884
0.4093623406 0.1873779616
0.4094048512 0.1873857531
0.4094473618 0.1873935629
0.4094898725 0.1874013909
0.4095323831 0.1874092374
0.4095748937 0.1874171022
0.4096174044 0.1874249854
0.4096599150 0.1874328871
0.4097024256 0.1874408073
0.4097449362 0.1874487460
0.4097874469 0.1874567032
0.4098299575 0.1874646789
0.4098724681 0.1874726733
0.4099149787 0.1874806863
0.4099574894 0.1874887179
0.4100000000 0.1874967683
0.4100000000 0.1914967683
0.4099574894 0.1914887179
0.4099149787 0.1914806863
0.4098724681 0.1914726733
0.4098299575 0.1914646789
0.4097874469 0.1914567032
0.4097449362 0.1914487460
0.4097024256 0.1914408073
0.4096599150 0.1914328871
0.4096174044 0.1914249854
0.4095748937 0.1914171022
0.4095323831 0.1914092374
0.4094898725 0.1914013909
0.4094473618 0.1913935629
0.4094048512 0.1913857531
0.4093623406 0.1913779616
0.4093198300 0.1913701884
0.4092773193 0.1913624335
0.4092348087 0.1913546967
0.4091922981 0.1913469781
0.4091497874 0.1913392777
0.4091072768 0.1913315954
0.4090647662 0.1913239312
0.4090222556 0.1913162850
0.4089797449 0.1913086569
0.4089372343 0.1913010467
0.4088947237 0.1912934545
0.4088522131 0.1912858803
0.4088097024 0.1912783240
0.4087671918 0.1912707855
0.4087246812 0.1912632649
0.4086821705 0.1912557622
0.4086396599 0.1912482772
0.4085971493 0.1912408099
0.4085546387 0.1912333605
0.4085121280 0.1912259287
0.4084696174 0.1912185146
0.4084271068 0.1912111181
0.4083845961 0.1912037392
0.4083420855 0.1911963780
0.4082995749 0.1911890343
0.4082570643 0.1911817081
0.4082145536 0.1911743994
0.4081720430 0.1911671082
0.4081295324 0.1911598344
0.4080870218 0.1911525781
0.4080445111 0.1911453391
0.4080020005 0.1911381175
0.4079594899 0.1911309132
0.4079169792 0.1911237262
0.4078744686 0.1911165565
0.4078319580 0.1911094040
0.4077894474 0.1911022687
0.4077469367 0.1910951506
0.4077044261 0.1910880497
0.4076619155 0.1910809659
0.4076194049 0.1910738991
0.4075768942 0.1910668495
0.4075343836 0.1910598169
0.4074918730 0.1910528013
0.4074493623 0.1910458026
0.4074068517 0.1910388210
0.4073643411 0.1910318562
0.4073218305 0.1910249084
0.4072793198 0.1910179774
0.4072368092 0.1910110633
0.4071942986 0.1910041659
0.4071517879 0.1909972854
0.4071092773 0.1909904216
0.4070667667 0.1909835746
0.4070242561 0.1909767442
0.4069817454 0.1909699305
0.4069392348 0.1909631335
0.4068967242 0.1909563530
0.4068542136 0.1909495892
0.4068117029 0.1909428419
0.4067691923 0.1909361111
0.4067266817 0.1909293969
0.4066841710 0.1909226991
0.4066416604 0.1909160178
0.4065991498 0.1909093529
0.4065566392 0.1909027044
0.4065141285 0.1908960722
0.4064716179 0.1908894564
0.4064291073 0.1908828569
0.4063865966 0.1908762736
0.4063440860 0.1908697067
0.4063015754 0.1908631559
0.4062590648 0.1908566214
0.4062165541 0.1908501030
0.4061740435 0.1908436007
0.4061315329 0.1908371146
0.4060890223 0.1908306446
0.4060465116 0.1908241906
0.4060040010 0.1908177527
0.4059614904 0.1908113307
0.4059189797 0.1908049248
0.4058764691 0.1907985348
0.4058339585 0.1907921607
0.4057914479 0.1907858025
0.4057489372 0.1907794602
0.4057064266 0.1907731337
0.4056639160 0.1907668231
0.4056214054 0.1907605282
0.4055788947 0.1907542491
0.4055363841 0.1907479857
0.4054938735 0.1907417381
0.4054513628 0.1907355061
0.4054088522 0.1907292898
0.4053663416 0.1907230891
0.4053238310 0.1907169040
0.4052813203 0.1907107344
0.4052388097 0.1907045805
0.4051962991 0.1906984420
0.4051537884 0.1906923190
0.4051112778 0.1906862115
0.4050687672 0.1906801195
0.4050262566 0.1906740428
0.4049837459 0.1906679815
0.4049412353 0.1906619356
0.4048987247 0.1906559051
0.4048562141 0.1906498898
0.4048137034 0.1906438898
0.4047711928 0.1906379051
0.4047286822 0.1906319356
0.4046861715 0.1906259813
0.4046436609 0.1906200422
0.4046011503 0.1906141182
0.4045586397 0.1906082093
0.4045161290 0.1906023156
0.4044736184 0.1905964369
0.4044311078 0.1905905732
0.4043885971 0.1905847246
0.4043460865 0.1905788910
0.4043035759 0.1905730723
0.4042610653 0.1905672686
0.4042185546 0.1905614797
0.4041760440 0.1905557058
0.4041335334 0.1905499467
0.4040910228 0.1905442025
0.4040485121 0.1905384731
0.4040060015 0.1905327584
0.4039634909 0.1905270585
0.4039209802 0.1905213734
0.4038784696 0.1905157029
0.4038359590 0.1905100472
0.4037934484 0.1905044060
0.4037509377 0.1904987796
0.4037084271 0.1904931677
0.4036659165 0.1904875704
0.4036234059 0.1904819876
0.4035808952 0.1904764194
0.4035383846 0.1904708657
0.4034958740 0.1904653264
0.4034533633 0.1904598016
0.4034108527 0.1904542912
0.4033683421 0.1904487953
0.4033258315 0.1904433137
0.4032833208 0.1904378464
0.4032408102 0.1904323935
0.4031982996 0.1904269549
0.4031557889 0.1904215305
0.4031132783 0.1904161204
0.4030707677 0.1904107245
0.4030282571 0.1904053428
0.4029857464 0.1903999753
0.4029432358 0.1903946219
0.4029007252 0.1903892827
0.4028582146 0.1903839575
0.4028157039 0.1903786464
0.4027731933 0.1903733494
0.4027306827 0.1903680664
0.4026881720 0.1903627973
0.4026456614 0.1903575423
0.4026031508 0.1903523012
0.4025606402 0.1903470740
0.4025181295 0.1903418608
0.4024756189 0.1903366614
0.4024331083 0.1903314758
0.4023905976 0.1903263041
0.4023480870 0.1903211461
0.4023055764 0.1903160020
0.4022630658 0.1903108716
0.4022205551 0.1903057549
0.4021780445 0.1903006519
0.4021355339 0.1902955626
0.4020930233 0.1902904869
0.4020505126 0.1902854249
0.4020080020 0.1902803765
0.4019654914 0.1902753416
0.4019229807 0.1902703203
0.4018804701 0.1902653126
0.4018379595 0.1902603183
0.4017954489 0.1902553376
0.4017529382 0.1902503702
0.4017104276 0.1902454163
0.4016679170 0.1902404759
0.4016254064 0.1902355488
0.4015828957 0.1902306350
0.4015403851 0.1902257347
0.4014978745 0.1902208476
0.4014553638 0.1902159738
0.4014128532 0.1902111132
0.4013703426 0.1902062660
0.4013278320 0.1902014319
0.4012853213 0.1901966110
0.4012428107 0.1901918033
0.4012003001 0.1901870087
0.4011577894 0.1901822273
0.4011152788 0.1901774589
0.4010727682 0.1901727037
0.4010302576 0.1901679614
0.4009877469 0.1901632322
0.4009452363 0.1901585160
0.4009027257 0.1901538128
0.4008602151 0.1901491226
0.4008177044 0.1901444452
0.4007751938 0.1901397808
0.4007326832 0.1901351293
0.4006901725 0.1901304906
0.4006476619 0.1901258648
0.4006051513 0.1901212518
0.4005626407 0.1901166515
0.4005201300 0.1901120641
0.4004776194 0.1901074894
0.4004351088 0.1901029274
0.4003925981 0.1900983781
0.4003500875 0.1900938414
0.4003075769 0.1900893175
0.4002650663 0.1900848061
0.4002225556 0.1900803074
0.4001800450 0.1900758212
0.4001375344 0.1900713476
0.4000950238 0.1900668866
0.4000525131 0.1900624380
0.4000100025 0.1900580020
0.3999674919 0.1900535784
0.3999249812 0.1900491672
0.3998824706 0.1900447685
0.3998399600 0.1900403822
0.3997974494 0.1900360082
0.3997549387 0.1900316466
0.3997124281 0.1900272974
0.3996699175 0.1900229604
0.3996274069 0.1900186357
0.3995848962 0.1900143233
0.3995423856 0.1900100231
0.3994998750 0.1900057352
0.3994573643 0.1900014594
0.3994148537 0.1899971958
0.3993723431 0.1899929444
0.3993298325 0.1899887051
0.3992873218 0.1899844779
0.3992448112 0.1899802627
0.3992023006 0.1899760597
0.3991597899 0.1899718686
0.3991172793 0.1899676896
0.3990747687 0.1899635226
0.3990322581 0.1899593675
0.3989897474 0.1899552244
0.3989472368 0.1899510932
0.3989047262 0.1899469739
0.3988622156 0.1899428665
0.3988197049 0.1899387710
0.3987771943 0.1899346873
0.3987346837 0.1899306154
0.3986921730 0.1899265553
0.3986496624 0.1899225070
0.3986071518 0.1899184704
0.3985646412 0.1899144455
0.3985221305 0.1899104324
0.3984796199 0.1899064309
0.3984371093 0.1899024411
0.3983945986 0.1898984629
0.3983520880 0.1898944964
0.3983095774 0.1898905414
0.3982670668 0.1898865980
0.3982245561 0.1898826662
0.3981820455 0.1898787459
0.3981395349 0.1898748371
0.3980970243 0.1898709398
0.3980545136 0.1898670540
0.3980120030 0.1898631796
0.3979694924 0.1898593166
0.3979269817 0.1898554650
0.3978844711 0.1898516248
0.3978419605 0.1898477960
0.3977994499 0.1898439785
0.3977569392 0.1898401723
0.3977144286 0.1898363774
0.3976719180 0.1898325938
0.3976294074 0.1898288214
0.3975868967 0.1898250602
0.3975443861 0.1898213103
0.3975018755 0.1898175716
0.3974593648 0.1898138440
0.3974168542 0.1898101275
0.3973743436 0.1898064222
0.3973318330 0.1898027280
0.3972893223 0.1897990449
0.3972468117 0.1897953728
0.3972043011 0.1897917117
0.3971617904 0.1897880617
0.3971192798 0.1897844227
0.3970767692 0.1897807946
0.3970342586 0.1897771775
0.3969917479 0.1897735714
0.3969492373 0.1897699761
0.3969067267 0.1897663918
0.3968642161 0.1897628183
0.3968217054 0.1897592557
0.3967791948 0.1897557039
0.3967366842 0.1897521629
0.3966941735 0.1897486327
0.3966516629 0.1897451132
0.3966091523 0.1897416045
0.3965666417 0.1897381066
0.3965241310 0.1897346193
0.3964816204 0.1897311427
0.3964391098 0.1897276768
0.3963965991 0.1897242216
0.3963540885 0.1897207769
0.3963115779 0.1897173429
0.3962690673 0.1897139194
0.3962265566 0.1897105065
0.3961840460 0.1897071042
0.3961415354 0.1897037124
0.3960990248 0.1897003310
0.3960565141 0.1896969602
0.3960140035 0.1896935998
0.3959714929 0.1896902499
0.3959289822 0.1896869103
0.3958864716 0.1896835812
0.3958439610 0.1896802625
0.3958014504 0.1896769541
0.3957589397 0.1896736560
0.3957164291 0.1896703683
0.3956739185 0.1896670909
0.3956314079 0.1896638237
0.3955888972 0.1896605669
0.3955463866 0.1896573202
0.3955038760 0.1896540838
0.3954613653 0.1896508576
0.3954188547 0.1896476415
0.3953763441 0.1896444357
0.3953338335 0.1896412399
0.3952913228 0.1896380543
0.3952488122 0.1896348788
0.3952063016 0.1896317133
0.3951637909 0.1896285580
0.3951212803 0.1896254126
0.3950787697 0.1896222773
0.3950362591 0.1896191520
0.3949937484 0.1896160367
0.3949512378 0.1896129313
0.3949087272 0.1896098359
0.3948662166 0.1896067504
0.3948237059 0.1896036749
0.3947811953 0.1896006092
0.3947386847 0.1895975533
0.3946961740 0.1895945074
0.3946536634 0.1895914712
0.3946111528 0.1895884449
0.3945686422 0.1895854283
0.3945261315 0.1895824215
0.3944836209 0.1895794245
0.3944411103 0.1895764372
0.3943985996 0.1895734596
0.3943560890 0.1895704917
0.3943135784 0.1895675335
0.3942710678 0.1895645849
0.3942285571 0.1895616460
0.3941860465 0.1895587167
0.3941435359 0.1895557969
0.3941010253 0.1895528868
0.3940585146 0.1895499862
0.3940160040 0.1895470952
0.3939734934 0.1895442137
0.3939309827 0.1895413417
0.3938884721 0.1895384791
0.3938459615 0.1895356261
0.3938034509 0.1895327825
0.3937609402 0.1895299483
0.3937184296 0.1895271235
0.3936759190 0.1895243081
0.3936334084 0.1895215021
0.3935908977 0.1895187055
0.3935483871 0.1895159181
0.3935058765 0.1895131401
0.3934633658 0.1895103714
0.3934208552 0.1895076120
0.3933783446 0.1895048618
0.3933358340 0.1895021209
0.3932933233 0.1894993892
0.3932508127 0.1894966667
0.3932083021 0.1894939534
0.3931657914 0.1894912492
0.3931232808 0.1894885542
0.3930807702 0.1894858684
0.3930382596 0.1894831916
0.3929957489 0.1894805240
0.3929532383 0.1894778654
0.3929107277 0.1894752159
0.3928682171 0.1894725754
0.3928257064 0.1894699439
0.3927831958 0.1894673215
0.3927406852 0.1894647080
0.3926981745 0.1894621035
0.3926556639 0.1894595080
0.3926131533 0.1894569213
0.3925706427 0.1894543436
0.3925281320 0.1894517748
0.3924856214 0.1894492149
0.3924431108 0.1894466638
0.3924006002 0.1894441216
0.3923580895 0.1894415882
0.3923155789 0.1894390636
0.3922730683 0.1894365478
0.3922305576 0.1894340408
0.3921880470 0.1894315425
0.3921455364 0.1894290530
0.3921030258 0.1894265721
0.3920605151 0.1894241000
0.3920180045 0.1894216365
0.3919754939 0.1894191818
0.3919329832 0.1894167356
0.3918904726 0.1894142981
0.3918479620 0.1894118692
0.3918054514 0.1894094489
0.3917629407 0.1894070372
0.3917204301 0.1894046340
0.3916779195 0.1894022394
0.3916354089 0.1893998533
0.3915928982 0.1893974757
0.3915503876 0.1893951066
0.3915078770 0.1893927460
0.3914653663 0.1893903938
0.3914228557 0.1893880501
0.3913803451 0.1893857148
0.3913378345 0.1893833879
0.3912953238 0.1893810694
0.3912528132 0.1893787592
0.3912103026 0.1893764574
0.3911677919 0.1893741639
0.3911252813 0.1893718788
0.3910827707 0.1893696019
0.3910402601 0.1893673334
0.3909977494 0.1893650731
0.3909552388 0.1893628210
0.3909127282 0.1893605772
0.3908702176 0.1893583416
0.3908277069 0.1893561142
0.3907851963 0.1893538950
0.3907426857 0.1893516840
0.3907001750 0.1893494810
0.3906576644 0.1893472863
0.3906151538 0.1893450996
0.3905726432 0.1893429211
0.3905301325 0.1893407506
0.3904876219 0.1893385882
0.3904451113 0.1893364338
0.3904026007 0.1893342875
0.3903600900 0.1893321491
0.3903175794 0.1893300188
0.3902750688 0.1893278965
0.3902325581 0.1893257821
0.3901900475 0.1893236757
0.3901475369 0.1893215772
0.3901050263 0.1893194866
0.3900625156 0.1893174039
0.3900200050 0.1893153291
0.3899774944 0.1893132622
0.3899349837 0.1893112031
0.3898924731 0.1893091519
0.3898499625 0.1893071084
0.3898074519 0.1893050728
0.3897649412 0.1893030450
0.3897224306 0.1893010249
0.3896799200 0.1892990126
0.3896374094 0.1892970080
0.3895948987 0.1892950111
0.3895523881 0.1892930219
0.3895098775 0.1892910405
0.3894673668 0.1892890666
0.3894248562 0.1892871005
0.3893823456 0.1892851420
0.3893398350 0.1892831911
0.3892973243 0.1892812478
0.3892548137 0.1892793121
0.3892123031 0.1892773840
0.3891697924 0.1892754635
0.3891272818 0.1892735505
0.3890847712 0.1892716450
0.3890422606 0.1892697470
0.3889997499 0.1892678566
0.3889572393 0.1892659736
0.3889147287 0.1892640980
0.3888722181 0.1892622300
0.3888297074 0.1892603693
0.3887871968 0.1892585161
0.3887446862 0.1892566703
0.3887021755 0.1892548319
0.3886596649 0.1892530008
0.3886171543 0.1892511771
0.3885746437 0.1892493607
0.3885321330 0.1892475517
0.3884896224 0.1892457499
0.3884471118 0.1892439555
0.3884046012 0.1892421683
0.3883620905 0.1892403884
0.3883195799 0.1892386158
0.3882770693 0.1892368504
0.3882345586 0.1892350922
0.3881920480 0.1892333412
0.3881495374 0.1892315974
0.3881070268 0.1892298607
0.3880645161 0.1892281312
0.3880220055 0.1892264089
0.3879794949 0.1892246937
0.3879369842 0.1892229855
0.3878944736 0.1892212845
0.3878519630 0.1892195906
0.3878094524 0.1892179037
0.3877669417 0.1892162239
0.3877244311 0.1892145511
0.3876819205 0.1892128853
0.3876394099 0.1892112266
0.3875968992 0.1892095748
0.3875543886 0.1892079300
0.3875118780 0.1892062922
0.3874693673 0.1892046613
0.3874268567 0.1892030373
0.3873843461 0.1892014203
0.3873418355 0.1891998101
0.3872993248 0.1891982069
0.3872568142 0.1891966105
0.3872143036 0.1891950209
0.3871717929 0.1891934383
0.3871292823 0.1891918624
0.3870867717 0.1891902933
0.3870442611 0.1891887311
0.3870017504 0.1891871756
0.3869592398 0.1891856269
0.3869167292 0.1891840850
0.3868742186 0.1891825497
0.3868317079 0.1891810213
0.3867891973 0.1891794995
0.3867466867 0.1891779844
0.3867041760 0.1891764760
0.3866616654 0.1891749743
0.3866191548 0.1891734792
0.3865766442 0.1891719908
0.3865341335 0.1891705090
0.3864916229 0.1891690338
0.3864491123 0.1891675651
0.3864066017 0.1891661031
0.3863640910 0.1891646477
0.3863215804 0.1891631988
0.3862790698 0.1891617564
0.3862365591 0.1891603205
0.3861940485 0.1891588912
0.3861515379 0.1891574684
0.3861090273 0.1891560520
0.3860665166 0.1891546421
0.3860240060 0.1891532387
0.3859814954 0.1891518417
0.3859389847 0.1891504511
0.3858964741 0.1891490670
0.3858539635 0.1891476892
0.3858114529 0.1891463179
0.3857689422 0.1891449529
0.3857264316 0.1891435942
0.3856839210 0.1891422419
0.3856414104 0.1891408959
0.3855988997 0.1891395563
0.3855563891 0.1891382229
0.3855138785 0.1891368958
0.3854713678 0.1891355751
0.3854288572 0.1891342605
0.3853863466 0.1891329522
0.3853438360 0.1891316502
0.3853013253 0.1891303543
0.3852588147 0.1891290647
0.3852163041 0.1891277813
0.3851737934 0.1891265040
0.3851312828 0.1891252329
0.3850887722 0.1891239680
0.3850462616 0.1891227092
0.3850037509 0.1891214565
0.3849612403 0.1891202099
0.3849187297 0.1891189694
0.3848762191 0.1891177350
0.3848337084 0.1891165067
0.3847911978 0.1891152845
0.3847486872 0.1891140682
0.3847061765 0.1891128581
0.3846636659 0.1891116539
0.3846211553 0.1891104557
0.3845786447 0.1891092636
0.3845361340 0.1891080774
0.3844936234 0.1891068971
0.3844511128 0.1891057229
0.3844086022 0.1891045545
0.3843660915 0.1891033921
0.3843235809 0.1891022356
0.3842810703 0.1891010850
0.3842385596 0.1890999403
0.3841960490 0.1890988015
0.3841535384 0.1890976685
0.3841110278 0.1890965414
0.3840685171 0.1890954201
0.3840260065 0.1890943046
0.3839834959 0.1890931949
0.3839409852 0.1890920910
0.3838984746 0.1890909930
0.3838559640 0.1890899006
0.3838134534 0.1890888141
0.3837709427 0.1890877333
0.3837284321 0.1890866582
0.3836859215 0.1890855888
0.3836434109 0.1890845252
0.3836009002 0.1890834672
0.3835583896 0.1890824149
0.3835158790 0.1890813683
0.3834733683 0.1890803274
0.3834308577 0.1890792920
0.3833883471 0.1890782624
0.3833458365 0.1890772383
0.3833033258 0.1890762198
0.3832608152 0.1890752070
0.3832183046 0.1890741997
0.3831757939 0.1890731980
0.3831332833 0.1890722018
0.3830907727 0.1890712112
0.3830482621 0.1890702261
0.3830057514 0.1890692466
0.3829632408 0.1890682725
0.3829207302 0.1890673040
0.3828782196 0.1890663409
0.3828357089 0.1890653833
0.3827931983 0.1890644311
0.3827506877 0.1890634844
0.3827081770 0.1890625431
0.3826656664 0.1890616073
0.3826231558 0.1890606768
0.3825806452 0.1890597518
0.3825381345 0.1890588321
0.3824956239 0.1890579179
0.3824531133 0.1890570089
0.3824106027 0.1890561054
0.3823680920 0.1890552071
0.3823255814 0.1890543142
0.3822830708 0.1890534266
0.3822405601 0.1890525443
0.3821980495 0.1890516673
0.3821555389 0.1890507956
0.3821130283 0.1890499291
0.3820705176 0.1890490679
0.3820280070 0.1890482119
0.3819854964 0.1890473612
0.3819429857 0.1890465156
0.3819004751 0.1890456753
0.3818579645 0.1890448402
0.3818154539 0.1890440102
0.3817729432 0.1890431855
0.3817304326 0.1890423659
0.3816879220 0.1890415514
0.3816454114 0.1890407421
0.3816029007 0.1890399379
0.3815603901 0.1890391388
0.3815178795 0.1890383448
0.3814753688 0.1890375559
0.3814328582 0.1890367721
0.3813903476 0.1890359933
0.3813478370 0.1890352197
0.3813053263 0.1890344510
0.3812628157 0.1890336874
0.3812203051 0.1890329288
0.3811777944 0.1890321752
0.3811352838 0.1890314266
0.3810927732 0.1890306830
0.3810502626 0.1890299444
0.3810077519 0.1890292108
0.3809652413 0.1890284821
0.3809227307 0.1890277583
0.3808802201 0.1890270395
0.3808377094 0.1890263256
0.3807951988 0.1890256166
0.3807526882 0.1890249125
0.3807101775 0.1890242133
0.3806676669 0.1890235189
0.3806251563 0.1890228295
0.3805826457 0.1890221449
0.3805401350 0.1890214651
0.3804976244 0.1890207901
0.3804551138 0.1890201200
0.3804126032 0.1890194547
0.3803700925 0.1890187942
0.3803275819 0.1890181385
0.3802850713 0.1890174875
0.3802425606 0.1890168414
0.3802000500 0.1890161999
0.3801575394 0.1890155633
0.3801150288 0.1890149313
0.3800725181 0.1890143041
0.3800300075 0.1890136816
0.3799874969 0.1890130638
0.3799449862 0.1890124507
0.3799024756 0.1890118422
0.3798599650 0.1890112385
0.3798174544 0.1890106394
0.3797749437 0.1890100449
0.3797324331 0.1890094551
0.3796899225 0.1890088699
0.3796474119 0.1890082893
0.3796049012 0.1890077133
0.3795623906 0.1890071420
0.3795198800 0.1890065752
0.3794773693 0.1890060130
0.3794348587 0.1890054553
0.3793923481 0.1890049022
0.3793498375 0.1890043537
0.3793073268 0.1890038096
0.3792648162 0.1890032701
0.3792223056 0.1890027352
0.3791797949 0.1890022047
0.3791372843 0.1890016787
0.3790947737 0.1890011572
0.3790522631 0.1890006401
0.3790097524 0.1890001276
0.3789672418 0.1889996194
0.3789247312 0.1889991158
0.3788822206 0.1889986165
0.3788397099 0.1889981217
0.3787971993 0.1889976312
0.3787546887 0.1889971452
0.3787121780 0.1889966636
0.3786696674 0.1889961863
0.3786271568 0.1889957134
0.3785846462 0.1889952449
0.3785421355 0.1889947808
0.3784996249 0.1889943209
0.3784571143 0.1889938654
0.3784146037 0.1889934142
0.3783720930 0.1889929674
0.3783295824 0.1889925248
0.3782870718 0.1889920865
0.3782445611 0.1889916525
0.3782020505 0.1889912228
0.3781595399 0.1889907973
0.3781170293 0.1889903761
0.3780745186 0.1889899591
0.3780320080 0.1889895464
0.3779894974 0.1889891379
0.3779469867 0.1889887336
0.3779044761 0.1889883335
0.3778619655 0.1889879376
0.3778194549 0.1889875458
0.3777769442 0.1889871583
0.3777344336 0.1889867749
0.3776919230 0.1889863957
0.3776494124 0.1889860206
0.3776069017 0.1889856496
0.3775643911 0.1889852828
0.3775218805 0.1889849201
0.3774793698 0.1889845615
0.3774368592 0.1889842070
0.3773943486 0.1889838566
0.3773518380 0.1889835103
0.3773093273 0.1889831680
0.3772668167 0.1889828298
0.3772243061 0.1889824956
0.3771817954 0.1889821655
0.3771392848 0.1889818395
0.3770967742 0.1889815174
0.3770542636 0.1889811994
0.3770117529 0.1889808853
0.3769692423 0.1889805753
0.3769267317 0.1889802692
0.3768842211 0.1889799672
0.3768417104 0.1889796691
0.3767991998 0.1889793749
0.3767566892 0.1889790847
0.3767141785 0.1889787985
0.3766716679 0.1889785161
0.3766291573 0.1889782378
0.3765866467 0.1889779633
0.3765441360 0.1889776927
0.3765016254 0.1889774260
0.3764591148 0.1889771632
0.3764166042 0.1889769043
0.3763740935 0.1889766492
0.3763315829 0.1889763981
0.3762890723 0.1889761507
0.3762465616 0.1889759072
0.3762040510 0.1889756676
0.3761615404 0.1889754317
0.3761190298 0.1889751997
0.3760765191 0.1889749715
0.3760340085 0.1889747471
0.3759914979 0.1889745265
0.3759489872 0.1889743096
0.3759064766 0.1889740966
0.3758639660 0.1889738873
0.3758214554 0.1889736817
0.3757789447 0.1889734799
0.3757364341 0.1889732819
0.3756939235 0.1889730875
0.3756514129 0.1889728969
0.3756089022 0.1889727100
0.3755663916 0.1889725268
0.3755238810 0.1889723473
0.3754813703 0.1889721715
0.3754388597 0.1889719994
0.3753963491 0.1889718309
0.3753538385 0.1889716661
0.3753113278 0.1889715050
0.3752688172 0.1889713475
0.3752263066 0.1889711936
0.3751837959 0.1889710434
0.3751412853 0.1889708967
0.3750987747 0.1889707537
0.3750562641 0.1889706143
0.3750137534 0.1889704785
0.3749712428 0.1889703463
0.3749287322 0.1889702177
0.3748862216 0.1889700926
0.3748437109 0.1889699711
0.3748012003 0.1889698532
0.3747586897 0.1889697387
0.3747161790 0.1889696279
0.3746736684 0.1889695205
0.3746311578 0.1889694167
0.3745886472 0.1889693164
0.3745461365 0.1889692196
0.3745036259 0.1889691263
0.3744611153 0.1889690365
0.3744186047 0.1889689502
0.3743760940 0.1889688674
0.3743335834 0.1889687880
0.3742910728 0.1889687120
0.3742485621 0.1889686396
0.3742060515 0.1889685705
0.3741635409 0.1889685049
0.3741210303 0.1889684428
0.3740785196 0.1889683840
0.3740360090 0.1889683287
0.3739934984 0.1889682767
0.3739509877 0.1889682282
0.3739084771 0.1889681830
0.3738659665 0.1889681413
0.3738234559 0.1889681029
0.3737809452 0.1889680678
0.3737384346 0.1889680361
0.3736959240 0.1889680078
0.3736534134 0.1889679828
0.3736109027 0.1889679612
0.3735683921 0.1889679428
0.3735258815 0.1889679278
0.3734833708 0.1889679161
0.3734408602 0.1889679078
0.3733983496 0.1889679027
0.3733558390 0.1889679009
0.3733133283 0.1889679023
0.3732708177 0.1889679071
0.3732283071 0.1889679151
0.3731857964 0.1889679264
0.3731432858 0.1889679409
0.3731007752 0.1889679587
0.3730582646 0.1889679797
0.3730157539 0.1889680040
0.3729732433 0.1889680314
0.3729307327 0.1889680621
0.3728882221 0.1889680960
0.3728457114 0.1889681331
0.3728032008 0.1889681734
0.3727606902 0.1889682168
0.3727181795 0.1889682635
0.3726756689 0.1889683133
0.3726331583 0.1889683663
0.3725906477 0.1889684225
0.3725481370 0.1889684818
0.3725056264 0.1889685442
0.3724631158 0.1889686098
0.3724206052 0.1889686785
0.3723780945 0.1889687503
0.3723355839 0.1889688253
0.3722930733 0.1889689033
0.3722505626 0.1889689845
0.3722080520 0.1889690688
0.3721655414 0.1889691561
0.3721230308 0.1889692465
0.3720805201 0.1889693400
0.3720380095 0.1889694366
0.3719954989 0.1889695362
0.3719529882 0.1889696389
0.3719104776 0.1889697446
0.3718679670 0.1889698534
0.3718254564 0.1889699652
0.3717829457 0.1889700800
0.3717404351 0.1889701979
0.3716979245 0.1889703187
0.3716554139 0.1889704426
0.3716129032 0.1889705695
0.3715703926 0.1889706993
0.3715278820 0.1889708322
0.3714853713 0.1889709680
0.3714428607 0.1889711068
0.3714003501 0.1889712486
0.3713578395 0.1889713933
0.3713153288 0.1889715410
0.3712728182 0.1889716916
0.3712303076 0.1889718452
0.3711877969 0.1889720017
0.3711452863 0.1889721611
0.3711027757 0.1889723235
0.3710602651 0.1889724887
0.3710177544 0.1889726569
0.3709752438 0.1889728280
0.3709327332 0.1889730019
0.3708902226 0.1889731788
0.3708477119 0.1889733585
0.3708052013 0.1889735412
0.3707626907 0.1889737266
0.3707201800 0.1889739150
0.3706776694 0.1889741062
0.3706351588 0.1889743003
0.3705926482 0.1889744972
0.3705501375 0.1889746969
0.3705076269 0.1889748995
0.3704651163 0.1889751049
0.3704226057 0.1889753131
0.3703800950 0.1889755242
0.3703375844 0.1889757380
0.3702950738 0.1889759546
0.3702525631 0.1889761741
0.3702100525 0.1889763963
0.3701675419 0.1889766213
0.3701250313 0.1889768491
0.3700825206 0.1889770797
0.3700400100 0.1889773130
0.3699974994 0.1889775491
0.3699549887 0.1889777880
0.3699124781 0.1889780296
0.3698699675 0.1889782739
0.3698274569 0.1889785210
0.3697849462 0.1889787708
0.3697424356 0.1889790233
0.3696999250 0.1889792785
0.3696574144 0.1889795365
0.3696149037 0.1889797971
0.3695723931 0.1889800605
0.3695298825 0.1889803266
0.3694873718 0.1889805953
0.3694448612 0.1889808667
0.3694023506 0.1889811409
0.3693598400 0.1889814176
0.3693173293 0.1889816971
0.3692748187 0.1889819792
0.3692323081 0.1889822640
0.3691897974 0.1889825514
0.3691472868 0.1889828414
0.3691047762 0.1889831341
0.3690622656 0.1889834295
0.3690197549 0.1889837274
0.3689772443 0.1889840280
0.3689347337 0.1889843312
0.3688922231 0.1889846370
0.3688497124 0.1889849454
0.3688072018 0.1889852564
0.3687646912 0.1889855700
0.3687221805 0.1889858862
0.3686796699 0.1889862050
0.3686371593 0.1889865263
0.3685946487 0.1889868503
0.3685521380 0.1889871768
0.3685096274 0.1889875058
0.3684671168 0.1889878374
0.3684246062 0.1889881716
0.3683820955 0.1889885083
0.3683395849 0.1889888476
0.3682970743 0.1889891893
0.3682545636 0.1889895337
0.3682120530 0.1889898805
0.3681695424 0.1889902299
0.3681270318 0.1889905817
0.3680845211 0.1889909361
0.3680420105 0.1889912930
0.3679994999 0.1889916524
0.3679569892 0.1889920143
0.3679144786 0.1889923787
0.3678719680 0.1889927455
0.3678294574 0.1889931148
0.3677869467 0.1889934866
0.3677444361 0.1889938609
0.3677019255 0.1889942377
0.3676594149 0.1889946169
0.3676169042 0.1889949985
0.3675743936 0.1889953826
0.3675318830 0.1889957692
0.3674893723 0.1889961581
0.3674468617 0.1889965496
0.3674043511 0.1889969434
0.3673618405 0.1889973397
0.3673193298 0.1889977384
0.3672768192 0.1889981395
0.3672343086 0.1889985430
0.3671917979 0.1889989489
0.3671492873 0.1889993572
0.3671067767 0.1889997680
0.3670642661 0.1890001811
0.3670217554 0.1890005965
0.3669792448 0.1890010144
0.3669367342 0.1890014347
0.3668942236 0.1890018573
0.3668517129 0.1890022823
0.3668092023 0.1890027096
0.3667666917 0.1890031393
0.3667241810 0.1890035714
0.3666816704 0.1890040058
0.3666391598 0.1890044426
0.3665966492 0.1890048817
0.3665541385 0.1890053231
0.3665116279 0.1890057668
0.3664691173 0.1890062129
0.3664266067 0.1890066613
0.3663840960 0.1890071121
0.3663415854 0.1890075651
0.3662990748 0.1890080204
0.3662565641 0.1890084781
0.3662140535 0.1890089380
0.3661715429 0.1890094003
0.3661290323 0.1890098648
0.3660865216 0.1890103316
0.3660440110 0.1890108007
0.3660015004 0.1890112721
0.3659589897 0.1890117457
0.3659164791 0.1890122217
0.3658739685 0.1890126998
0.3658314579 0.1890131803
0.3657889472 0.1890136630
0.3657464366 0.1890141479
0.3657039260 0.1890146351
0.3656614154 0.1890151246
0.3656189047 0.1890156162
0.3655763941 0.1890161101
0.3655338835 0.1890166063
0.3654913728 0.1890171047
0.3654488622 0.1890176053
0.3654063516 0.1890181081
0.3653638410 0.1890186131
0.3653213303 0.1890191203
0.3652788197 0.1890196298
0.3652363091 0.1890201414
0.3651937984 0.1890206553
0.3651512878 0.1890211713
0.3651087772 0.1890216895
0.3650662666 0.1890222099
0.3650237559 0.1890227325
0.3649812453 0.1890232573
0.3649387347 0.1890237842
0.3648962241 0.1890243134
0.3648537134 0.1890248446
0.3648112028 0.1890253781
0.3647686922 0.1890259137
0.3647261815 0.1890264515
0.3646836709 0.1890269914
0.3646411603 0.1890275334
0.3645986497 0.1890280776
0.3645561390 0.1890286240
0.3645136284 0.1890291725
0.3644711178 0.1890297231
0.3644286072 0.1890302758
0.3643860965 0.1890308307
0.3643435859 0.1890313877
0.3643010753 0.1890319468
0.3642585646 0.1890325080
0.3642160540 0.1890330713
0.3641735434 0.1890336368
0.3641310328 0.1890342043
0.3640885221 0.1890347739
0.3640460115 0.1890353457
0.3640035009 0.1890359195
0.3639609902 0.1890364954
0.3639184796 0.1890370734
0.3638759690 0.1890376535
0.3638334584 0.1890382356
0.3637909477 0.1890388199
0.3637484371 0.1890394062
0.3637059265 0.1890399946
0.3636634159 0.1890405850
0.3636209052 0.1890411775
0.3635783946 0.1890417720
0.3635358840 0.1890423687
0.3634933733 0.1890429673
0.3634508627 0.1890435680
0.3634083521 0.1890441708
0.3633658415 0.1890447756
0.3633233308 0.1890453824
0.3632808202 0.1890459913
0.3632383096 0.1890466022
0.3631957989 0.1890472151
0.3631532883 0.1890478300
0.3631107777 0.1890484470
0.3630682671 0.1890490660
0.3630257564 0.1890496870
0.3629832458 0.1890503100
0.3629407352 0.1890509350
0.3628982246 0.1890515620
0.3628557139 0.1890521911
0.3628132033 0.1890528221
0.3627706927 0.1890534551
0.3627281820 0.1890540901
0.3626856714 0.1890547271
0.3626431608 0.1890553661
0.3626006502 0.1890560071
0.3625581395 0.1890566501
0.3625156289 0.1890572950
0.3624731183 0.1890579419
0.3624306077 0.1890585908
0.3623880970 0.1890592416
0.3623455864 0.1890598945
0.3623030758 0.1890605492
0.3622605651 0.1890612060
0.3622180545 0.1890618647
0.3621755439 0.1890625253
0.3621330333 0.1890631879
0.3620905226 0.1890638525
0.3620480120 0.1890645189
0.3620055014 0.1890651874
0.3619629907 0.1890658578
0.3619204801 0.1890665301
0.3618779695 0.1890672043
0.3618354589 0.1890678805
0.3617929482 0.1890685586
0.3617504376 0.1890692386
0.3617079270 0.1890699206
0.3616654164 0.1890706045
0.3616229057 0.1890712902
0.3615803951 0.1890719780
0.3615378845 0.1890726676
0.3614953738 0.1890733591
0.3614528632 0.1890740525
0.3614103526 0.1890747479
0.3613678420 0.1890754451
0.3613253313 0.1890761443
0.3612828207 0.1890768453
0.3612403101 0.1890775482
0.3611977994 0.1890782531
0.3611552888 0.1890789598
0.3611127782 0.1890796684
0.3610702676 0.1890803789
0.3610277569 0.1890810912
0.3609852463 0.1890818055
0.3609427357 0.1890825216
0.3609002251 0.1890832396
0.3608577144 0.1890839594
0.3608152038 0.1890846812
0.3607726932 0.1890854048
0.3607301825 0.1890861303
0.3606876719 0.1890868576
0.3606451613 0.1890875868
0.3606026507 0.1890883178
0.3605601400 0.1890890507
0.3605176294 0.1890897855
0.3604751188 0.1890905221
0.3604326082 0.1890912605
0.3603900975 0.1890920008
0.3603475869 0.1890927430
0.3603050763 0.1890934870
0.3602625656 0.1890942328
0.3602200550 0.1890949805
0.3601775444 0.1890957300
0.3601350338 0.1890964813
0.3600925231 0.1890972345
0.3600500125 0.1890979894
0.3600075019 0.1890987463
0.3599649912 0.1890995049
0.3599224806 0.1891002654
0.3598799700 0.1891010276
0.3598374594 0.1891017917
0.3597949487 0.1891025577
0.3597524381 0.1891033254
0.3597099275 0.1891040949
0.3596674169 0.1891048663
0.3596249062 0.1891056394
0.3595823956 0.1891064144
0.3595398850 0.1891071912
0.3594973743 0.1891079697
0.3594548637 0.1891087501
0.3594123531 0.1891095323
0.3593698425 0.1891103162
0.3593273318 0.1891111020
0.3592848212 0.1891118895
0.3592423106 0.1891126789
0.3591997999 0.1891134700
0.3591572893 0.1891142629
0.3591147787 0.1891150576
0.3590722681 0.1891158541
0.3590297574 0.1891166524
0.3589872468 0.1891174524
0.3589447362 0.1891182542
0.3589022256 0.1891190578
0.3588597149 0.1891198632
0.3588172043 0.1891206703
0.3587746937 0.1891214792
0.3587321830 0.1891222899
0.3586896724 0.1891231024
0.3586471618 0.1891239166
0.3586046512 0.1891247326
0.3585621405 0.1891255503
0.3585196299 0.1891263698
0.3584771193 0.1891271911
0.3584346087 0.1891280141
0.3583920980 0.1891288388
0.3583495874 0.1891296654
0.3583070768 0.1891304936
0.3582645661 0.1891313237
0.3582220555 0.1891321555
0.3581795449 0.1891329890
0.3581370343 0.1891338242
0.3580945236 0.1891346613
0.3580520130 0.1891355000
0.3580095024 0.1891363405
0.3579669917 0.1891371828
0.3579244811 0.1891380268
0.3578819705 0.1891388725
0.3578394599 0.1891397199
0.3577969492 0.1891405691
0.3577544386 0.1891414200
0.3577119280 0.1891422727
0.3576694174 0.1891431271
0.3576269067 0.1891439832
0.3575843961 0.1891448410
0.3575418855 0.1891457006
0.3574993748 0.1891465619
0.3574568642 0.1891474249
0.3574143536 0.1891482897
0.3573718430 0.1891491561
0.3573293323 0.1891500243
0.3572868217 0.1891508942
0.3572443111 0.1891517658
0.3572018005 0.1891526391
0.3571592898 0.1891535142
0.3571167792 0.1891543910
0.3570742686 0.1891552694
0.3570317579 0.1891561496
0.3569892473 0.1891570315
0.3569467367 0.1891579151
0.3569042261 0.1891588004
0.3568617154 0.1891596875
0.3568192048 0.1891605762
0.3567766942 0.1891614666
0.3567341835 0.1891623588
0.3566916729 0.1891632526
0.3566491623 0.1891641481
0.3566066517 0.1891650454
0.3565641410 0.1891659443
0.3565216304 0.1891668450
0.3564791198 0.1891677473
0.3564366092 0.1891686513
0.3563940985 0.1891695571
0.3563515879 0.1891704645
0.3563090773 0.1891713736
0.3562665666 0.1891722844
0.3562240560 0.1891731969
0.3561815454 0.1891741111
0.3561390348 0.1891750270
0.3560965241 0.1891759446
0.3560540135 0.1891768638
0.3560115029 0.1891777848
0.3559689922 0.1891787074
0.3559264816 0.1891796317
0.3558839710 0.1891805577
0.3558414604 0.1891814854
0.3557989497 0.1891824148
0.3557564391 0.1891833458
0.3557139285 0.1891842786
0.3556714179 0.1891852130
0.3556289072 0.1891861491
0.3555863966 0.1891870869
0.3555438860 0.1891880263
0.3555013753 0.1891889675
0.3554588647 0.1891899103
0.3554163541 0.1891908548
0.3553738435 0.1891918009
0.3553313328 0.1891927488
0.3552888222 0.1891936983
0.3552463116 0.1891946495
0.3552038010 0.1891956023
0.3551612903 0.1891965569
0.3551187797 0.1891975131
0.3550762691 0.1891984710
0.3550337584 0.1891994305
0.3549912478 0.1892003917
0.3549487372 0.1892013546
0.3549062266 0.1892023192
0.3548637159 0.1892032854
0.3548212053 0.1892042533
0.3547786947 0.1892052229
0.3547361840 0.1892061941
0.3546936734 0.1892071670
0.3546511628 0.1892081416
0.3546086522 0.1892091178
0.3545661415 0.1892100957
0.3545236309 0.1892110753
0.3544811203 0.1892120565
0.3544386097 0.1892130394
0.3543960990 0.1892140240
0.3543535884 0.1892150102
0.3543110778 0.1892159981
0.3542685671 0.1892169877
0.3542260565 0.1892179789
0.3541835459 0.1892189718
0.3541410353 0.1892199663
0.3540985246 0.1892209625
0.3540560140 0.1892219604
0.3540135034 0.1892229599
0.3539709927 0.1892239611
0.3539284821 0.1892249639
0.3538859715 0.1892259684
0.3538434609 0.1892269746
0.3538009502 0.1892279824
0.3537584396 0.1892289919
0.3537159290 0.1892300031
0.3536734184 0.1892310159
0.3536309077 0.1892320304
0.3535883971 0.1892330465
0.3535458865 0.1892340643
0.3535033758 0.1892350837
0.3534608652 0.1892361048
0.3534183546 0.1892371276
0.3533758440 0.1892381520
0.3533333333 0.1892391781
0.3532908227 0.1892402058
0.3532483121 0.1892412352
0.3532058015 0.1892422663
0.3531632908 0.1892432990
0.3531207802 0.1892443334
0.3530782696 0.1892453694
0.3530357589 0.1892464071
0.3529932483 0.1892474464
0.3529507377 0.1892484875
0.3529082271 0.1892495301
0.3528657164 0.1892505744
0.3528232058 0.1892516204
0.3527806952 0.1892526681
0.3527381845 0.1892537174
0.3526956739 0.1892547683
0.3526531633 0.1892558210
0.3526106527 0.1892568752
0.3525681420 0.1892579312
0.3525256314 0.1892589888
0.3524831208 0.1892600480
0.3524406102 0.1892611090
0.3523980995 0.1892621715
0.3523555889 0.1892632358
0.3523130783 0.1892643017
0.3522705676 0.1892653692
0.3522280570 0.1892664384
0.3521855464 0.1892675093
0.3521430358 0.1892685819
0.3521005251 0.1892696561
0.3520580145 0.1892707319
0.3520155039 0.1892718095
0.3519729932 0.1892728886
0.3519304826 0.1892739695
0.3518879720 0.1892750520
0.3518454614 0.1892761362
0.3518029507 0.1892772220
0.3517604401 0.1892783095
0.3517179295 0.1892793987
0.3516754189 0.1892804895
0.3516329082 0.1892815821
0.3515903976 0.1892826762
0.3515478870 0.1892837720
0.3515053763 0.1892848695
0.3514628657 0.1892859687
0.3514203551 0.1892870695
0.3513778445 0.1892881720
0.3513353338 0.1892892762
0.3512928232 0.1892903820
0.3512503126 0.1892914896
0.3512078020 0.1892925987
0.3511652913 0.1892937096
0.3511227807 0.1892948221
0.3510802701 0.1892959363
0.3510377594 0.1892970521
0.3509952488 0.1892981697
0.3509527382 0.1892992889
0.3509102276 0.1893004097
0.3508677169 0.1893015323
0.3508252063 0.1893026565
0.3507826957 0.1893037824
0.3507401850 0.1893049100
0.3506976744 0.1893060392
0.3506551638 0.1893071702
0.3506126532 0.1893083028
0.3505701425 0.1893094371
0.3505276319 0.1893105730
0.3504851213 0.1893117107
0.3504426107 0.1893128500
0.3504001000 0.1893139910
0.3503575894 0.1893151337
0.3503150788 0.1893162780
0.3502725681 0.1893174241
0.3502300575 0.1893185718
0.3501875469 0.1893197212
0.3501450363 0.1893208724
0.3501025256 0.1893220251
0.3500600150 0.1893231796
0.3500175044 0.1893243358
0.3499749937 0.1893254936
0.3499324831 0.1893266532
0.3498899725 0.1893278144
0.3498474619 0.1893289773
0.3498049512 0.1893301420
0.3497624406 0.1893313083
0.3497199300 0.1893324763
0.3496774194 0.1893336460
0.3496349087 0.1893348174
0.3495923981 0.1893359904
0.3495498875 0.1893371652
0.3495073768 0.1893383417
0.3494648662 0.1893395199
0.3494223556 0.1893406998
0.3493798450 0.1893418814
0.3493373343 0.1893430646
0.3492948237 0.1893442496
0.3492523131 0.1893454363
0.3492098025 0.1893466247
0.3491672918 0.1893478148
0.3491247812 0.1893490066
0.3490822706 0.1893502001
0.3490397599 0.1893513954
0.3489972493 0.1893525923
0.3489547387 0.1893537909
0.3489122281 0.1893549913
0.3488697174 0.1893561934
0.3488272068 0.1893573972
0.3487846962 0.1893586027
0.3487421855 0.1893598099
0.3486996749 0.1893610188
0.3486571643 0.1893622295
0.3486146537 0.1893634418
0.3485721430 0.1893646559
0.3485296324 0.1893658717
0.3484871218 0.1893670893
0.3484446112 0.1893683085
0.3484021005 0.1893695295
0.3483595899 0.1893707522
0.3483170793 0.1893719767
0.3482745686 0.1893732028
0.3482320580 0.1893744307
0.3481895474 0.1893756604
0.3481470368 0.1893768917
0.3481045261 0.1893781248
0.3480620155 0.1893793597
0.3480195049 0.1893805962
0.3479769942 0.1893818346
0.3479344836 0.1893830746
0.3478919730 0.1893843164
0.3478494624 0.1893855599
0.3478069517 0.1893868052
0.3477644411 0.1893880522
0.3477219305 0.1893893010
0.3476794199 0.1893905515
0.3476369092 0.1893918037
0.3475943986 0.1893930577
0.3475518880 0.1893943135
0.3475093773 0.1893955710
0.3474668667 0.1893968303
0.3474243561 0.1893980913
0.3473818455 0.1893993541
0.3473393348 0.1894006186
0.3472968242 0.1894018849
0.3472543136 0.1894031530
0.3472118030 0.1894044228
0.3471692923 0.1894056944
0.3471267817 0.1894069677
0.3470842711 0.1894082428
0.3470417604 0.1894095197
0.3469992498 0.1894107984
0.3469567392 0.1894120788
0.3469142286 0.1894133610
0.3468717179 0.1894146450
0.3468292073 0.1894159307
0.3467866967 0.1894172182
0.3467441860 0.1894185075
0.3467016754 0.1894197986
0.3466591648 0.1894210915
0.3466166542 0.1894223861
0.3465741435 0.1894236826
0.3465316329 0.1894249808
0.3464891223 0.1894262808
0.3464466117 0.1894275826
0.3464041010 0.1894288862
0.3463615904 0.1894301916
0.3463190798 0.1894314988
0.3462765691 0.1894328078
0.3462340585 0.1894341185
0.3461915479 0.1894354311
0.3461490373 0.1894367455
0.3461065266 0.1894380617
0.3460640160 0.1894393797
0.3460215054 0.1894406995
0.3459789947 0.1894420211
0.3459364841 0.1894433445
0.3458939735 0.1894446697
0.3458514629 0.1894459967
0.3458089522 0.1894473256
0.3457664416 0.1894486563
0.3457239310 0.1894499888
0.3456814204 0.1894513231
0.3456389097 0.1894526592
0.3455963991 0.1894539972
0.3455538885 0.1894553370
0.3455113778 0.1894566786
0.3454688672 0.1894580220
0.3454263566 0.1894593673
0.3453838460 0.1894607144
0.3453413353 0.1894620634
0.3452988247 0.1894634141
0.3452563141 0.1894647668
0.3452138035 0.1894661212
0.3451712928 0.1894674775
0.3451287822 0.1894688357
0.3450862716 0.1894701957
0.3450437609 0.1894715575
0.3450012503 0.1894729212
0.3449587397 0.1894742868
0.3449162291 0.1894756542
0.3448737184 0.1894770234
0.3448312078 0.1894783945
0.3447886972 0.1894797675
0.3447461865 0.1894811424
0.3447036759 0.1894825191
0.3446611653 0.1894838976
0.3446186547 0.1894852781
0.3445761440 0.1894866604
0.3445336334 0.1894880446
0.3444911228 0.1894894306
0.3444486122 0.1894908186
0.3444061015 0.1894922084
0.3443635909 0.1894936001
0.3443210803 0.1894949936
0.3442785696 0.1894963891
0.3442360590 0.1894977864
0.3441935484 0.1894991857
0.3441510378 0.1895005868
0.3441085271 0.1895019898
0.3440660165 0.1895033947
0.3440235059 0.1895048015
0.3439809952 0.1895062102
0.3439384846 0.1895076209
0.3438959740 0.1895090334
0.3438534634 0.1895104478
0.3438109527 0.1895118641
0.3437684421 0.1895132824
0.3437259315 0.1895147025
0.3436834209 0.1895161246
0.3436409102 0.1895175485
0.3435983996 0.1895189744
0.3435558890 0.1895204023
0.3435133783 0.1895218320
0.3434708677 0.1895232637
0.3434283571 0.1895246973
0.3433858465 0.1895261328
0.3433433358 0.1895275702
0.3433008252 0.1895290096
0.3432583146 0.1895304510
0.3432158040 0.1895318942
0.3431732933 0.1895333394
0.3431307827 0.1895347866
0.3430882721 0.1895362357
0.3430457614 0.1895376867
0.3430032508 0.1895391397
0.3429607402 0.1895405947
0.3429182296 0.1895420516
0.3428757189 0.1895435104
0.3428332083 0.1895449712
0.3427906977 0.1895464340
0.3427481870 0.1895478988
0.3427056764 0.1895493655
0.3426631658 0.1895508342
0.3426206552 0.1895523048
0.3425781445 0.1895537774
0.3425356339 0.1895552520
0.3424931233 0.1895567286
0.3424506127 0.1895582072
0.3424081020 0.1895596877
0.3423655914 0.1895611703
0.3423230808 0.1895626548
0.3422805701 0.1895641413
0.3422380595 0.1895656298
0.3421955489 0.1895671203
0.3421530383 0.1895686128
0.3421105276 0.1895701073
0.3420680170 0.1895716038
0.3420255064 0.1895731023
0.3419829957 0.1895746028
0.3419404851 0.1895761053
0.3418979745 0.1895776098
0.3418554639 0.1895791164
0.3418129532 0.1895806250
0.3417704426 0.1895821355
0.3417279320 0.1895836482
0.3416854214 0.1895851628
0.3416429107 0.1895866795
0.3416004001 0.1895881981
0.3415578895 0.1895897189
0.3415153788 0.1895912416
0.3414728682 0.1895927664
0.3414303576 0.1895942933
0.3413878470 0.1895958222
0.3413453363 0.1895973531
0.3413028257 0.1895988861
0.3412603151 0.1896004211
0.3412178045 0.1896019582
0.3411752938 0.1896034973
0.3411327832 0.1896050385
0.3410902726 0.1896065818
0.3410477619 0.1896081271
0.3410052513 0.1896096745
0.3409627407 0.1896112240
0.3409202301 0.1896127755
0.3408777194 0.1896143292
0.3408352088 0.1896158848
0.3407926982 0.1896174426
0.3407501875 0.1896190025
0.3407076769 0.1896205644
0.3406651663 0.1896221284
0.3406226557 0.1896236946
0.3405801450 0.1896252628
0.3405376344 0.1896268331
0.3404951238 0.1896284055
0.3404526132 0.1896299800
0.3404101025 0.1896315566
0.3403675919 0.1896331353
0.3403250813 0.1896347162
0.3402825706 0.1896362991
0.3402400600 0.1896378842
0.3401975494 0.1896394714
0.3401550388 0.1896410607
0.3401125281 0.1896426521
0.3400700175 0.1896442457
0.3400275069 0.1896458414
0.3399849962 0.1896474392
0.3399424856 0.1896490391
0.3398999750 0.1896506412
0.3398574644 0.1896522455
0.3398149537 0.1896538518
0.3397724431 0.1896554604
0.3397299325 0.1896570711
0.3396874219 0.1896586839
0.3396449112 0.1896602989
0.3396024006 0.1896619160
0.3395598900 0.1896635353
0.3395173793 0.1896651568
0.3394748687 0.1896667804
0.3394323581 0.1896684062
0.3393898475 0.1896700342
0.3393473368 0.1896716644
0.3393048262 0.1896732967
0.3392623156 0.1896749312
0.3392198050 0.1896765679
0.3391772943 0.1896782068
0.3391347837 0.1896798479
0.3390922731 0.1896814912
0.3390497624 0.1896831366
0.3390072518 0.1896847843
0.3389647412 0.1896864342
0.3389222306 0.1896880862
0.3388797199 0.1896897405
0.3388372093 0.1896913970
0.3387946987 0.1896930557
0.3387521880 0.1896947167
0.3387096774 0.1896963798
0.3386671668 0.1896980452
0.3386246562 0.1896997128
0.3385821455 0.1897013826
0.3385396349 0.1897030547
0.3384971243 0.1897047290
0.3384546137 0.1897064055
0.3384121030 0.1897080843
0.3383695924 0.1897097653
0.3383270818 0.1897114486
0.3382845711 0.1897131341
0.3382420605 0.1897148219
0.3381995499 0.1897165119
0.3381570393 0.1897182042
0.3381145286 0.1897198988
0.3380720180 0.1897215956
0.3380295074 0.1897232947
0.3379869967 0.1897249960
0.3379444861 0.1897266997
0.3379019755 0.1897284056
0.3378594649 0.1897301138
0.3378169542 0.1897318243
0.3377744436 0.1897335370
0.3377319330 0.1897352521
0.3376894224 0.1897369695
0.3376469117 0.1897386891
0.3376044011 0.1897404111
0.3375618905 0.1897421353
0.3375193798 0.1897438619
0.3374768692 0.1897455908
0.3374343586 0.1897473220
0.3373918480 0.1897490555
0.3373493373 0.1897507913
0.3373068267 0.1897525295
0.3372643161 0.1897542699
0.3372218055 0.1897560128
0.3371792948 0.1897577579
0.3371367842 0.1897595054
0.3370942736 0.1897612552
0.3370517629 0.1897630073
0.3370092523 0.1897647618
0.3369667417 0.1897665187
0.3369242311 0.1897682779
0.3368817204 0.1897700395
0.3368392098 0.1897718034
0.3367966992 0.1897735697
0.3367541885 0.1897753383
0.3367116779 0.1897771093
0.3366691673 0.1897788827
0.3366266567 0.1897806585
0.3365841460 0.1897824366
0.3365416354 0.1897842171
0.3364991248 0.1897860000
0.3364566142 0.1897877853
0.3364141035 0.1897895730
0.3363715929 0.1897913631
0.3363290823 0.1897931556
0.3362865716 0.1897949505
0.3362440610 0.1897967478
0.3362015504 0.1897985475
0.3361590398 0.1898003496
0.3361165291 0.1898021541
0.3360740185 0.1898039610
0.3360315079 0.1898057704
0.3359889972 0.1898075822
0.3359464866 0.1898093964
0.3359039760 0.1898112130
0.3358614654 0.1898130321
0.3358189547 0.1898148536
0.3357764441 0.1898166776
0.3357339335 0.1898185040
0.3356914229 0.1898203329
0.3356489122 0.1898221642
0.3356064016 0.1898239980
0.3355638910 0.1898258342
0.3355213803 0.1898276729
0.3354788697 0.1898295140
0.3354363591 0.1898313576
0.3353938485 0.1898332037
0.3353513378 0.1898350523
0.3353088272 0.1898369034
0.3352663166 0.1898387569
0.3352238060 0.1898406129
0.3351812953 0.1898424714
0.3351387847 0.1898443324
0.3350962741 0.1898461959
0.3350537634 0.1898480620
0.3350112528 0.1898499305
0.3349687422 0.1898518015
0.3349262316 0.1898536750
0.3348837209 0.1898555510
0.3348412103 0.1898574296
0.3347986997 0.1898593107
0.3347561890 0.1898611943
0.3347136784 0.1898630804
0.3346711678 0.1898649691
0.3346286572 0.1898668603
0.3345861465 0.1898687540
0.3345436359 0.1898706503
0.3345011253 0.1898725491
0.3344586147 0.1898744505
0.3344161040 0.1898763544
0.3343735934 0.1898782609
0.3343310828 0.1898801700
0.3342885721 0.1898820816
0.3342460615 0.1898839958
0.3342035509 0.1898859125
0.3341610403 0.1898878319
0.3341185296 0.1898897538
0.3340760190 0.1898916782
0.3340335084 0.1898936053
0.3339909977 0.1898955350
0.3339484871 0.1898974672
0.3339059765 0.1898994021
0.3338634659 0.1899013395
0.3338209552 0.1899032796
0.3337784446 0.1899052222
0.3337359340 0.1899071675
0.3336934234 0.1899091154
0.3336509127 0.1899110659
0.3336084021 0.1899130190
0.3335658915 0.1899149748
0.3335233808 0.1899169332
0.3334808702 0.1899188942
0.3334383596 0.1899208578
0.3333958490 0.1899228241
0.3333533383 0.1899247930
0.3333108277 0.1899267646
0.3332683171 0.1899287388
0.3332258065 0.1899307157
0.3331832958 0.1899326952
0.3331407852 0.1899346774
0.3330982746 0.1899366623
0.3330557639 0.1899386498
0.3330132533 0.1899406401
0.3329707427 0.1899426329
0.3329282321 0.1899446285
0.3328857214 0.1899466268
0.3328432108 0.1899486277
0.3328007002 0.1899506313
0.3327581895 0.1899526376
0.3327156789 0.1899546467
0.3326731683 0.1899566584
0.3326306577 0.1899586728
0.3325881470 0.1899606899
0.3325456364 0.1899627098
0.3325031258 0.1899647324
0.3324606152 0.1899667577
0.3324181045 0.1899687857
0.3323755939 0.1899708164
0.3323330833 0.1899728499
0.3322905726 0.1899748861
0.3322480620 0.1899769251
0.3322055514 0.1899789668
0.3321630408 0.1899810112
0.3321205301 0.1899830584
0.3320780195 0.1899851083
0.3320355089 0.1899871610
0.3319929982 0.1899892165
0.3319504876 0.1899912747
0.3319079770 0.1899933358
0.3318654664 0.1899953995
0.3318229557 0.1899974661
0.3317804451 0.1899995354
0.3317379345 0.1900016075
0.3316954239 0.1900036825
0.3316529132 0.1900057602
0.3316104026 0.1900078407
0.3315678920 0.1900099240
0.3315253813 0.1900120101
0.3314828707 0.1900140990
0.3314403601 0.1900161907
0.3313978495 0.1900182852
0.3313553388 0.1900203826
0.3313128282 0.1900224828
0.3312703176 0.1900245858
0.3312278070 0.1900266916
0.3311852963 0.1900288003
0.3311427857 0.1900309118
0.3311002751 0.1900330262
0.3310577644 0.1900351434
0.3310152538 0.1900372634
0.3309727432 0.1900393863
0.3309302326 0.1900415121
0.3308877219 0.1900436407
0.3308452113 0.1900457722
0.3308027007 0.1900479066
0.3307601900 0.1900500438
0.3307176794 0.1900521839
0.3306751688 0.1900543269
0.3306326582 0.1900564728
0.3305901475 0.1900586216
0.3305476369 0.1900607732
0.3305051263 0.1900629278
0.3304626157 0.1900650852
0.3304201050 0.1900672456
0.3303775944 0.1900694089
0.3303350838 0.1900715750
0.3302925731 0.1900737441
0.3302500625 0.1900759161
0.3302075519 0.1900780911
0.3301650413 0.1900802690
0.3301225306 0.1900824498
0.3300800200 0.1900846335
0.3300375094 0.1900868202
0.3299949987 0.1900890098
0.3299524881 0.1900912024
0.3299099775 0.1900933979
0.3298674669 0.1900955963
0.3298249562 0.1900977978
0.3297824456 0.1901000022
0.3297399350 0.1901022095
0.3296974244 0.1901044199
0.3296549137 0.1901066332
0.3296124031 0.1901088495
0.3295698925 0.1901110687
0.3295273818 0.1901132910
0.3294848712 0.1901155162
0.3294423606 0.1901177445
0.3293998500 0.1901199757
0.3293573393 0.1901222100
0.3293148287 0.1901244472
0.3292723181 0.1901266875
0.3292298075 0.1901289307
0.3291872968 0.1901311770
0.3291447862 0.1901334263
0.3291022756 0.1901356787
0.3290597649 0.1901379341
0.3290172543 0.1901401925
0.3289747437 0.1901424539
0.3289322331 0.1901447184
0.3288897224 0.1901469859
0.3288472118 0.1901492565
0.3288047012 0.1901515302
0.3287621905 0.1901538069
0.3287196799 0.1901560866
0.3286771693 0.1901583694
0.3286346587 0.1901606553
0.3285921480 0.1901629443
0.3285496374 0.1901652364
0.3285071268 0.1901675315
0.3284646162 0.1901698297
0.3284221055 0.1901721310
0.3283795949 0.1901744354
0.3283370843 0.1901767429
0.3282945736 0.1901790535
0.3282520630 0.1901813672
0.3282095524 0.1901836841
0.3281670418 0.1901860040
0.3281245311 0.1901883271
0.3280820205 0.1901906532
0.3280395099 0.1901929825
0.3279969992 0.1901953150
0.3279544886 0.1901976505
0.3279119780 0.1901999893
0.3278694674 0.1902023311
0.3278269567 0.1902046761
0.3277844461 0.1902070243
0.3277419355 0.1902093756
0.3276994249 0.1902117300
0.3276569142 0.1902140876
0.3276144036 0.1902164484
0.3275718930 0.1902188124
0.3275293823 0.1902211795
0.3274868717 0.1902235499
0.3274443611 0.1902259234
0.3274018505 0.1902283001
0.3273593398 0.1902306799
0.3273168292 0.1902330630
0.3272743186 0.1902354493
0.3272318080 0.1902378388
0.3271892973 0.1902402315
0.3271467867 0.1902426274
0.3271042761 0.1902450265
0.3270617654 0.1902474288
0.3270192548 0.1902498344
0.3269767442 0.1902522432
0.3269342336 0.1902546552
0.3268917229 0.1902570704
0.3268492123 0.1902594889
0.3268067017 0.1902619107
0.3267641910 0.1902643357
0.3267216804 0.1902667639
0.3266791698 0.1902691954
0.3266366592 0.1902716302
0.3265941485 0.1902740682
0.3265516379 0.1902765095
0.3265091273 0.1902789541
0.3264666167 0.1902814019
0.3264241060 0.1902838530
0.3263815954 0.1902863074
0.3263390848 0.1902887651
0.3262965741 0.1902912261
0.3262540635 0.1902936904
0.3262115529 0.1902961580
0.3261690423 0.1902986289
0.3261265316 0.1903011031
0.3260840210 0.1903035806
0.3260415104 0.1903060615
0.3259989997 0.1903085456
0.3259564891 0.1903110331
0.3259139785 0.1903135240
0.3258714679 0.1903160181
0.3258289572 0.1903185156
0.3257864466 0.1903210164
0.3257439360 0.1903235206
0.3257014254 0.1903260282
0.3256589147 0.1903285391
0.3256164041 0.1903310533
0.3255738935 0.1903335709
0.3255313828 0.1903360919
0.3254888722 0.1903386163
0.3254463616 0.1903411440
0.3254038510 0.1903436751
0.3253613403 0.1903462096
0.3253188297 0.1903487475
0.3252763191 0.1903512887
0.3252338085 0.1903538334
0.3251912978 0.1903563815
0.3251487872 0.1903589330
0.3251062766 0.1903614879
0.3250637659 0.1903640461
0.3250212553 0.1903666079
0.3249787447 0.1903691730
0.3249362341 0.1903717416
0.3248937234 0.1903743136
0.3248512128 0.1903768890
0.3248087022 0.1903794678
0.3247661915 0.1903820501
0.3247236809 0.1903846359
0.3246811703 0.1903872251
0.3246386597 0.1903898178
0.3245961490 0.1903924139
0.3245536384 0.1903950135
0.3245111278 0.1903976165
0.3244686172 0.1904002230
0.3244261065 0.1904028330
0.3243835959 0.1904054465
0.3243410853 0.1904080634
0.3242985746 0.1904106839
0.3242560640 0.1904133078
0.3242135534 0.1904159352
0.3241710428 0.1904185662
0.3241285321 0.1904212006
0.3240860215 0.1904238385
0.3240435109 0.1904264800
0.3240010003 0.1904291250
0.3239584896 0.1904317735
0.3239159790 0.1904344255
0.3238734684 0.1904370810
0.3238309577 0.1904397401
0.3237884471 0.1904424027
0.3237459365 0.1904450689
0.3237034259 0.1904477386
0.3236609152 0.1904504118
0.3236184046 0.1904530886
0.3235758940 0.1904557690
0.3235333833 0.1904584529
0.3234908727 0.1904611404
0.3234483621 0.1904638315
0.3234058515 0.1904665261
0.3233633408 0.1904692243
0.3233208302 0.1904719261
0.3232783196 0.1904746315
0.3232358090 0.1904773405
0.3231932983 0.1904800531
0.3231507877 0.1904827693
0.3231082771 0.1904854890
0.3230657664 0.1904882124
0.3230232558 0.1904909394
0.3229807452 0.1904936701
0.3229382346 0.1904964043
0.3228957239 0.1904991421
0.3228532133 0.1905018836
0.3228107027 0.1905046288
0.3227681920 0.1905073775
0.3227256814 0.1905101299
0.3226831708 0.1905128860
0.3226406602 0.1905156457
0.3225981495 0.1905184090
0.3225556389 0.1905211760
0.3225131283 0.1905239467
0.3224706177 0.1905267210
0.3224281070 0.1905294990
0.3223855964 0.1905322807
0.3223430858 0.1905350661
0.3223005751 0.1905378551
0.3222580645 0.1905406479
0.3222155539 0.1905434443
0.3221730433 0.1905462444
0.3221305326 0.1905490482
0.3220880220 0.1905518557
0.3220455114 0.1905546670
0.3220030008 0.1905574819
0.3219604901 0.1905603006
0.3219179795 0.1905631229
0.3218754689 0.1905659490
0.3218329582 0.1905687789
0.3217904476 0.1905716124
0.3217479370 0.1905744497
0.3217054264 0.1905772908
0.3216629157 0.1905801355
0.3216204051 0.1905829841
0.3215778945 0.1905858364
0.3215353838 0.1905886924
0.3214928732 0.1905915522
0.3214503626 0.1905944158
0.3214078520 0.1905972831
0.3213653413 0.1906001542
0.3213228307 0.1906030291
0.3212803201 0.1906059078
0.3212378095 0.1906087903
0.3211952988 0.1906116765
0.3211527882 0.1906145666
0.3211102776 0.1906174604
0.3210677669 0.1906203581
0.3210252563 0.1906232595
0.3209827457 0.1906261648
0.3209402351 0.1906290739
0.3208977244 0.1906319868
0.3208552138 0.1906349035
0.3208127032 0.1906378241
0.3207701925 0.1906407485
0.3207276819 0.1906436767
0.3206851713 0.1906466088
0.3206426607 0.1906495447
0.3206001500 0.1906524844
0.3205576394 0.1906554281
0.3205151288 0.1906583755
0.3204726182 0.1906613269
0.3204301075 0.1906642820
0.3203875969 0.1906672411
0.3203450863 0.1906702041
0.3203025756 0.1906731709
0.3202600650 0.1906761416
0.3202175544 0.1906791161
0.3201750438 0.1906820946
0.3201325331 0.1906850770
0.3200900225 0.1906880633
0.3200475119 0.1906910534
0.3200050013 0.1906940475
0.3199624906 0.1906970455
0.3199199800 0.1907000474
0.3198774694 0.1907030532
0.3198349587 0.1907060629
0.3197924481 0.1907090766
0.3197499375 0.1907120942
0.3197074269 0.1907151157
0.3196649162 0.1907181412
0.3196224056 0.1907211706
0.3195798950 0.1907242040
0.3195373843 0.1907272413
0.3194948737 0.1907302826
0.3194523631 0.1907333278
0.3194098525 0.1907363770
0.3193673418 0.1907394302
0.3193248312 0.1907424873
0.3192823206 0.1907455484
0.3192398100 0.1907486135
0.3191972993 0.1907516826
0.3191547887 0.1907547557
0.3191122781 0.1907578327
0.3190697674 0.1907609138
0.3190272568 0.1907639988
0.3189847462 0.1907670879
0.3189422356 0.1907701810
0.3188997249 0.1907732781
0.3188572143 0.1907763792
0.3188147037 0.1907794843
0.3187721930 0.1907825934
0.3187296824 0.1907857066
0.3186871718 0.1907888238
0.3186446612 0.1907919451
0.3186021505 0.1907950704
0.3185596399 0.1907981997
0.3185171293 0.1908013331
0.3184746187 0.1908044705
0.3184321080 0.1908076120
0.3183895974 0.1908107576
0.3183470868 0.1908139072
0.3183045761 0.1908170609
0.3182620655 0.1908202187
0.3182195549 0.1908233805
0.3181770443 0.1908265464
0.3181345336 0.1908297165
0.3180920230 0.1908328906
0.3180495124 0.1908360688
0.3180070018 0.1908392511
0.3179644911 0.1908424375
0.3179219805 0.1908456280
0.3178794699 0.1908488226
0.3178369592 0.1908520213
0.3177944486 0.1908552242
0.3177519380 0.1908584312
0.3177094274 0.1908616423
0.3176669167 0.1908648575
0.3176244061 0.1908680769
0.3175818955 0.1908713004
0.3175393848 0.1908745280
0.3174968742 0.1908777598
0.3174543636 0.1908809958
0.3174118530 0.1908842359
0.3173693423 0.1908874801
0.3173268317 0.1908907285
0.3172843211 0.1908939811
0.3172418105 0.1908972379
0.3171992998 0.1909004988
0.3171567892 0.1909037640
0.3171142786 0.1909070333
0.3170717679 0.1909103067
0.3170292573 0.1909135844
0.3169867467 0.1909168663
0.3169442361 0.1909201524
0.3169017254 0.1909234426
0.3168592148 0.1909267371
0.3168167042 0.1909300358
0.3167741935 0.1909333387
0.3167316829 0.1909366458
0.3166891723 0.1909399572
0.3166466617 0.1909432728
0.3166041510 0.1909465926
0.3165616404 0.1909499166
0.3165191298 0.1909532449
0.3164766192 0.1909565774
0.3164341085 0.1909599142
0.3163915979 0.1909632552
0.3163490873 0.1909666005
0.3163065766 0.1909699500
0.3162640660 0.1909733038
0.3162215554 0.1909766619
0.3161790448 0.1909800242
0.3161365341 0.1909833909
0.3160940235 0.1909867617
0.3160515129 0.1909901369
0.3160090023 0.1909935164
0.3159664916 0.1909969001
0.3159239810 0.1910002882
0.3158814704 0.1910036805
0.3158389597 0.1910070771
0.3157964491 0.1910104781
0.3157539385 0.1910138834
0.3157114279 0.1910172929
0.3156689172 0.1910207068
0.3156264066 0.1910241250
0.3155838960 0.1910275476
0.3155413853 0.1910309744
0.3154988747 0.1910344056
0.3154563641 0.1910378412
0.3154138535 0.1910412811
0.3153713428 0.1910447253
0.3153288322 0.1910481739
0.3152863216 0.1910516268
0.3152438110 0.1910550841
0.3152013003 0.1910585457
0.3151587897 0.1910620117
0.3151162791 0.1910654821
0.3150737684 0.1910689568
0.3150312578 0.1910724360
0.3149887472 0.1910759195
0.3149462366 0.1910794074
0.3149037259 0.1910828996
0.3148612153 0.1910863963
0.3148187047 0.1910898974
0.3147761940 0.1910934029
0.3147336834 0.1910969127
0.3146911728 0.1911004270
0.3146486622 0.1911039457
0.3146061515 0.1911074688
0.3145636409 0.1911109963
0.3145211303 0.1911145283
0.3144786197 0.1911180646
0.3144361090 0.1911216054
0.3143935984 0.1911251507
0.3143510878 0.1911287003
0.3143085771 0.1911322544
0.3142660665 0.1911358130
0.3142235559 0.1911393760
0.3141810453 0.1911429435
0.3141385346 0.1911465154
0.3140960240 0.1911500918
0.3140535134 0.1911536726
0.3140110028 0.1911572579
0.3139684921 0.1911608477
0.3139259815 0.1911644420
0.3138834709 0.1911680407
0.3138409602 0.1911716439
0.3137984496 0.1911752516
0.3137559390 0.1911788639
0.3137134284 0.1911824805
0.3136709177 0.1911861017
0.3136284071 0.1911897274
0.3135858965 0.1911933576
0.3135433858 0.1911969924
0.3135008752 0.1912006316
0.3134583646 0.1912042753
0.3134158540 0.1912079236
0.3133733433 0.1912115764
0.3133308327 0.1912152337
0.3132883221 0.1912188956
0.3132458115 0.1912225620
0.3132033008 0.1912262329
0.3131607902 0.1912299084
0.3131182796 0.1912335884
0.3130757689 0.1912372730
0.3130332583 0.1912409621
0.3129907477 0.1912446558
0.3129482371 0.1912483540
0.3129057264 0.1912520568
0.3128632158 0.1912557642
0.3128207052 0.1912594762
0.3127781945 0.1912631927
0.3127356839 0.1912669138
0.3126931733 0.1912706395
0.3126506627 0.1912743698
0.3126081520 0.1912781047
0.3125656414 0.1912818441
0.3125231308 0.1912855882
0.3124806202 0.1912893369
0.3124381095 0.1912930902
0.3123955989 0.1912968481
0.3123530883 0.1913006106
0.3123105776 0.1913043777
0.3122680670 0.1913081494
0.3122255564 0.1913119258
0.3121830458 0.1913157068
0.3121405351 0.1913194924
0.3120980245 0.1913232827
0.3120555139 0.1913270776
0.3120130033 0.1913308772
0.3119704926 0.1913346813
0.3119279820 0.1913384902
0.3118854714 0.1913423037
0.3118429607 0.1913461218
0.3118004501 0.1913499447
0.3117579395 0.1913537721
0.3117154289 0.1913576043
0.3116729182 0.1913614411
0.3116304076 0.1913652826
0.3115878970 0.1913691288
0.3115453863 0.1913729796
0.3115028757 0.1913768352
0.3114603651 0.1913806954
0.3114178545 0.1913845603
0.3113753438 0.1913884299
0.3113328332 0.1913923043
0.3112903226 0.1913961833
0.3112478120 0.1914000670
0.3112053013 0.1914039555
0.3111627907 0.1914078486
0.3111202801 0.1914117465
0.3110777694 0.1914156491
0.3110352588 0.1914195564
0.3109927482 0.1914234684
0.3109502376 0.1914273852
0.3109077269 0.1914313067
0.3108652163 0.1914352330
0.3108227057 0.1914391640
0.3107801950 0.1914430997
0.3107376844 0.1914470402
0.3106951738 0.1914509855
0.3106526632 0.1914549355
0.3106101525 0.1914588902
0.3105676419 0.1914628498
0.3105251313 0.1914668141
0.3104826207 0.1914707831
0.3104401100 0.1914747570
0.3103975994 0.1914787356
0.3103550888 0.1914827190
0.3103125781 0.1914867071
0.3102700675 0.1914907001
0.3102275569 0.1914946979
0.3101850463 0.1914987004
0.3101425356 0.1915027078
0.3101000250 0.1915067199
0.3100575144 0.1915107369
0.3100150038 0.1915147586
0.3099724931 0.1915187852
0.3099299825 0.1915228166
0.3098874719 0.1915268528
0.3098449612 0.1915308938
0.3098024506 0.1915349397
0.3097599400 0.1915389903
0.3097174294 0.1915430459
0.3096749187 0.1915471062
0.3096324081 0.1915511714
0.3095898975 0.1915552414
0.3095473868 0.1915593163
0.3095048762 0.1915633960
0.3094623656 0.1915674806
0.3094198550 0.1915715700
0.3093773443 0.1915756643
0.3093348337 0.1915797634
0.3092923231 0.1915838675
0.3092498125 0.1915879763
0.3092073018 0.1915920901
0.3091647912 0.1915962087
0.3091222806 0.1916003322
0.3090797699 0.1916044606
0.3090372593 0.1916085939
0.3089947487 0.1916127320
0.3089522381 0.1916168751
0.3089097274 0.1916210230
0.3088672168 0.1916251759
0.3088247062 0.1916293336
0.3087821955 0.1916334963
0.3087396849 0.1916376638
0.3086971743 0.1916418363
0.3086546637 0.1916460137
0.3086121530 0.1916501960
0.3085696424 0.1916543832
0.3085271318 0.1916585753
0.3084846212 0.1916627724
0.3084421105 0.1916669744
0.3083995999 0.1916711813
0.3083570893 0.1916753932
0.3083145786 0.1916796100
0.3082720680 0.1916838318
0.3082295574 0.1916880585
0.3081870468 0.1916922901
0.3081445361 0.1916965267
0.3081020255 0.1917007683
0.3080595149 0.1917050148
0.3080170043 0.1917092663
0.3079744936 0.1917135227
0.3079319830 0.1917177841
0.3078894724 0.1917220505
0.3078469617 0.1917263219
0.3078044511 0.1917305982
0.3077619405 0.1917348795
0.3077194299 0.1917391658
0.3076769192 0.1917434571
0.3076344086 0.1917477534
0.3075918980 0.1917520547
0.3075493873 0.1917563610
0.3075068767 0.1917606722
0.3074643661 0.1917649885
0.3074218555 0.1917693098
0.3073793448 0.1917736360
0.3073368342 0.1917779673
0.3072943236 0.1917823037
0.3072518130 0.1917866450
0.3072093023 0.1917909913
0.3071667917 0.1917953427
0.3071242811 0.1917996991
0.3070817704 0.1918040605
0.3070392598 0.1918084270
0.3069967492 0.1918127985
0.3069542386 0.1918171750
0.3069117279 0.1918215566
0.3068692173 0.1918259432
0.3068267067 0.1918303349
0.3067841960 0.1918347316
0.3067416854 0.1918391334
0.3066991748 0.1918435402
0.3066566642 0.1918479521
0.3066141535 0.1918523691
0.3065716429 0.1918567911
0.3065291323 0.1918612182
0.3064866217 0.1918656504
0.3064441110 0.1918700876
0.3064016004 0.1918745299
0.3063590898 0.1918789773
0.3063165791 0.1918834298
0.3062740685 0.1918878873
0.3062315579 0.1918923500
0.3061890473 0.1918968177
0.3061465366 0.1919012906
0.3061040260 0.1919057685
0.3060615154 0.1919102516
0.3060190048 0.1919147397
0.3059764941 0.1919192329
0.3059339835 0.1919237313
0.3058914729 0.1919282348
0.3058489622 0.1919327433
0.3058064516 0.1919372570
0.3057639410 0.1919417759
0.3057214304 0.1919462998
0.3056789197 0.1919508289
0.3056364091 0.1919553631
0.3055938985 0.1919599024
0.3055513878 0.1919644469
0.3055088772 0.1919689965
0.3054663666 0.1919735512
0.3054238560 0.1919781111
0.3053813453 0.1919826761
0.3053388347 0.1919872463
0.3052963241 0.1919918217
0.3052538135 0.1919964021
0.3052113028 0.1920009878
0.3051687922 0.1920055786
0.3051262816 0.1920101745
0.3050837709 0.1920147757
0.3050412603 0.1920193820
0.3049987497 0.1920239934
0.3049562391 0.1920286101
0.3049137284 0.1920332319
0.3048712178 0.1920378589
0.3048287072 0.1920424910
0.3047861965 0.1920471284
0.3047436859 0.1920517709
0.3047011753 0.1920564187
0.3046586647 0.1920610716
0.3046161540 0.1920657297
0.3045736434 0.1920703930
0.3045311328 0.1920750615
0.3044886222 0.1920797352
0.3044461115 0.1920844142
0.3044036009 0.1920890983
0.3043610903 0.1920937876
0.3043185796 0.1920984822
0.3042760690 0.1921031819
0.3042335584 0.1921078869
0.3041910478 0.1921125971
0.3041485371 0.1921173125
0.3041060265 0.1921220332
0.3040635159 0.1921267591
0.3040210053 0.1921314902
0.3039784946 0.1921362265
0.3039359840 0.1921409681
0.3038934734 0.1921457149
0.3038509627 0.1921504670
0.3038084521 0.1921552243
0.3037659415 0.1921599868
0.3037234309 0.1921647546
0.3036809202 0.1921695276
0.3036384096 0.1921743059
0.3035958990 0.1921790895
0.3035533883 0.1921838783
0.3035108777 0.1921886724
0.3034683671 0.1921934717
0.3034258565 0.1921982763
0.3033833458 0.1922030861
0.3033408352 0.1922079013
0.3032983246 0.1922127217
0.3032558140 0.1922175474
0.3032133033 0.1922223783
0.3031707927 0.1922272146
0.3031282821 0.1922320561
0.3030857714 0.1922369029
0.3030432608 0.1922417550
0.3030007502 0.1922466123
0.3029582396 0.1922514750
0.3029157289 0.1922563430
0.3028732183 0.1922612162
0.3028307077 0.1922660948
0.3027881970 0.1922709787
0.3027456864 0.1922758678
0.3027031758 0.1922807623
0.3026606652 0.1922856621
0.3026181545 0.1922905671
0.3025756439 0.1922954775
0.3025331333 0.1923003933
0.3024906227 0.1923053143
0.3024481120 0.1923102406
0.3024056014 0.1923151723
0.3023630908 0.1923201093
0.3023205801 0.1923250516
0.3022780695 0.1923299993
0.3022355589 0.1923349522
0.3021930483 0.1923399105
0.3021505376 0.1923448742
0.3021080270 0.1923498432
0.3020655164 0.1923548175
0.3020230058 0.1923597971
0.3019804951 0.1923647821
0.3019379845 0.1923697725
0.3018954739 0.1923747682
0.3018529632 0.1923797692
0.3018104526 0.1923847756
0.3017679420 0.1923897874
0.3017254314 0.1923948045
0.3016829207 0.1923998270
0.3016404101 0.1924048548
0.3015978995 0.1924098880
0.3015553888 0.1924149265
0.3015128782 0.1924199705
0.3014703676 0.1924250197
0.3014278570 0.1924300744
0.3013853463 0.1924351344
0.3013428357 0.1924401999
0.3013003251 0.1924452706
0.3012578145 0.1924503468
0.3012153038 0.1924554283
0.3011727932 0.1924605153
0.3011302826 0.1924656076
0.3010877719 0.1924707053
0.3010452613 0.1924758084
0.3010027507 0.1924809169
0.3009602401 0.1924860307
0.3009177294 0.1924911500
0.3008752188 0.1924962747
0.3008327082 0.1925014047
0.3007901975 0.1925065402
0.3007476869 0.1925116811
0.3007051763 0.1925168273
0.3006626657 0.1925219790
0.3006201550 0.1925271361
0.3005776444 0.1925322986
0.3005351338 0.1925374665
0.3004926232 0.1925426398
0.3004501125 0.1925478186
0.3004076019 0.1925530027
0.3003650913 0.1925581923
0.3003225806 0.1925633873
0.3002800700 0.1925685877
0.3002375594 0.1925737936
0.3001950488 0.1925790048
0.3001525381 0.1925842215
0.3001100275 0.1925894437
0.3000675169 0.1925946712
0.3000250063 0.1925999042
0.2999824956 0.1926051427
0.2999399850 0.1926103865
0.2998974744 0.1926156358
0.2998549637 0.1926208906
0.2998124531 0.1926261508
0.2997699425 0.1926314164
0.2997274319 0.1926366875
0.2996849212 0.1926419641
0.2996424106 0.1926472460
0.2995999000 0.1926525335
0.2995573893 0.1926578264
0.2995148787 0.1926631247
0.2994723681 0.1926684285
0.2994298575 0.1926737378
0.2993873468 0.1926790525
0.2993448362 0.1926843727
0.2993023256 0.1926896983
0.2992598150 0.1926950294
0.2992173043 0.1927003660
0.2991747937 0.1927057080
0.2991322831 0.1927110555
0.2990897724 0.1927164085
0.2990472618 0.1927217670
0.2990047512 0.1927271309
0.2989622406 0.1927325003
0.2989197299 0.1927378752
0.2988772193 0.1927432555
0.2988347087 0.1927486414
0.2987921980 0.1927540327
0.2987496874 0.1927594295
0.2987071768 0.1927648318
0.2986646662 0.1927702396
0.2986221555 0.1927756528
0.2985796449 0.1927810716
0.2985371343 0.1927864958
0.2984946237 0.1927919256
0.2984521130 0.1927973608
0.2984096024 0.1928028015
0.2983670918 0.1928082477
0.2983245811 0.1928136995
0.2982820705 0.1928191567
0.2982395599 0.1928246194
0.2981970493 0.1928300876
0.2981545386 0.1928355613
0.2981120280 0.1928410406
0.2980695174 0.1928465253
0.2980270068 0.1928520155
0.2979844961 0.1928575113
0.2979419855 0.1928630126
0.2978994749 0.1928685193
0.2978569642 0.1928740316
0.2978144536 0.1928795494
0.2977719430 0.1928850727
0.2977294324 0.1928906016
0.2976869217 0.1928961359
0.2976444111 0.1929016758
0.2976019005 0.1929072212
0.2975593898 0.1929127721
0.2975168792 0.1929183285
0.2974743686 0.1929238905
0.2974318580 0.1929294580
0.2973893473 0.1929350310
0.2973468367 0.1929406095
0.2973043261 0.1929461936
0.2972618155 0.1929517832
0.2972193048 0.1929573783
0.2971767942 0.1929629790
0.2971342836 0.1929685851
0.2970917729 0.1929741969
0.2970492623 0.1929798141
0.2970067517 0.1929854369
0.2969642411 0.1929910653
0.2969217304 0.1929966992
0.2968792198 0.1930023386
0.2968367092 0.1930079835
0.2967941985 0.1930136340
0.2967516879 0.1930192901
0.2967091773 0.1930249517
0.2966666667 0.1930306188
0.2966241560 0.1930362915
0.2965816454 0.1930419697
0.2965391348 0.1930476535
0.2964966242 0.1930533428
0.2964541135 0.1930590377
0.2964116029 0.1930647381
0.2963690923 0.1930704441
0.2963265816 0.1930761556
0.2962840710 0.1930818727
0.2962415604 0.1930875953
0.2961990498 0.1930933235
0.2961565391 0.1930990573
0.2961140285 0.1931047966
0.2960715179 0.1931105415
0.2960290073 0.1931162919
0.2959864966 0.1931220479
0.2959439860 0.1931278095
0.2959014754 0.1931335766
0.2958589647 0.1931393493
0.2958164541 0.1931451275
0.2957739435 0.1931509113
0.2957314329 0.1931567007
0.2956889222 0.1931624956
0.2956464116 0.1931682961
0.2956039010 0.1931741022
0.2955613903 0.1931799138
0.2955188797 0.1931857310
0.2954763691 0.1931915538
0.2954338585 0.1931973822
0.2953913478 0.1932032161
0.2953488372 0.1932090556
0.2953063266 0.1932149007
0.2952638160 0.1932207513
0.2952213053 0.1932266075
0.2951787947 0.1932324693
0.2951362841 0.1932383367
0.2950937734 0.1932442096
0.2950512628 0.1932500881
0.2950087522 0.1932559722
0.2949662416 0.1932618619
0.2949237309 0.1932677572
0.2948812203 0.1932736580
0.2948387097 0.1932795644
0.2947961990 0.1932854764
0.2947536884 0.1932913940
0.2947111778 0.1932973171
0.2946686672 0.1933032459
0.2946261565 0.1933091802
0.2945836459 0.1933151201
0.2945411353 0.1933210656
0.2944986247 0.1933270166
0.2944561140 0.1933329733
0.2944136034 0.1933389355
0.2943710928 0.1933449034
0.2943285821 0.1933508768
0.2942860715 0.1933568558
0.2942435609 0.1933628403
0.2942010503 0.1933688305
0.2941585396 0.1933748263
0.2941160290 0.1933808276
0.2940735184 0.1933868346
0.2940310078 0.1933928471
0.2939884971 0.1933988652
0.2939459865 0.1934048889
0.2939034759 0.1934109182
0.2938609652 0.1934169531
0.2938184546 0.1934229935
0.2937759440 0.1934290396
0.2937334334 0.1934350913
0.2936909227 0.1934411485
0.2936484121 0.1934472113
0.2936059015 0.1934532798
0.2935633908 0.1934593538
0.2935208802 0.1934654334
0.2934783696 0.1934715186
0.2934358590 0.1934776094
0.2933933483 0.1934837058
0.2933508377 0.1934898078
0.2933083271 0.1934959153
0.2932658165 0.1935020285
0.2932233058 0.1935081473
0.2931807952 0.1935142716
0.2931382846 0.1935204016
0.2930957739 0.1935265371
0.2930532633 0.1935326783
0.2930107527 0.1935388250
0.2929682421 0.1935449773
0.2929257314 0.1935511353
0.2928832208 0.1935572988
0.2928407102 0.1935634679
0.2927981995 0.1935696426
0.2927556889 0.1935758229
0.2927131783 0.1935820088
0.2926706677 0.1935882003
0.2926281570 0.1935943973
0.2925856464 0.1936006000
0.2925431358 0.1936068083
0.2925006252 0.1936130222
0.2924581145 0.1936192416
0.2924156039 0.1936254667
0.2923730933 0.1936316973
0.2923305826 0.1936379336
0.2922880720 0.1936441754
0.2922455614 0.1936504228
0.2922030508 0.1936566759
0.2921605401 0.1936629345
0.2921180295 0.1936691987
0.2920755189 0.1936754685
0.2920330083 0.1936817439
0.2919904976 0.1936880249
0.2919479870 0.1936943115
0.2919054764 0.1937006036
0.2918629657 0.1937069014
0.2918204551 0.1937132048
0.2917779445 0.1937195137
0.2917354339 0.1937258283
0.2916929232 0.1937321484
0.2916504126 0.1937384741
0.2916079020 0.1937448054
0.2915653913 0.1937511424
0.2915228807 0.1937574849
0.2914803701 0.1937638329
0.2914378595 0.1937701866
0.2913953488 0.1937765459
0.2913528382 0.1937829107
0.2913103276 0.1937892812
0.2912678170 0.1937956572
0.2912253063 0.1938020388
0.2911827957 0.1938084260
0.2911402851 0.1938148188
0.2910977744 0.1938212172
0.2910552638 0.1938276212
0.2910127532 0.1938340307
0.2909702426 0.1938404458
0.2909277319 0.1938468666
0.2908852213 0.1938532929
0.2908427107 0.1938597247
0.2908002001 0.1938661622
0.2907576894 0.1938726053
0.2907151788 0.1938790539
0.2906726682 0.1938855081
0.2906301575 0.1938919679
0.2905876469 0.1938984333
0.2905451363 0.1939049042
0.2905026257 0.1939113808
0.2904601150 0.1939178629
0.2904176044 0.1939243506
0.2903750938 0.1939308438
0.2903325831 0.1939373427
0.2902900725 0.1939438471
0.2902475619 0.1939503571
0.2902050513 0.1939568726
0.2901625406 0.1939633938
0.2901200300 0.1939699205
0.2900775194 0.1939764528
0.2900350088 0.1939829906
0.2899924981 0.1939895340
0.2899499875 0.1939960830
0.2899074769 0.1940026376
0.2898649662 0.1940091977
0.2898224556 0.1940157634
0.2897799450 0.1940223347
0.2897374344 0.1940289115
0.2896949237 0.1940354939
0.2896524131 0.1940420819
0.2896099025 0.1940486754
0.2895673918 0.1940552745
0.2895248812 0.1940618791
0.2894823706 0.1940684893
0.2894398600 0.1940751051
0.2893973493 0.1940817264
0.2893548387 0.1940883533
0.2893123281 0.1940949857
0.2892698175 0.1941016237
0.2892273068 0.1941082672
0.2891847962 0.1941149163
0.2891422856 0.1941215710
0.2890997749 0.1941282312
0.2890572643 0.1941348969
0.2890147537 0.1941415682
0.2889722431 0.1941482451
0.2889297324 0.1941549275
0.2888872218 0.1941616154
0.2888447112 0.1941683089
0.2888022006 0.1941750079
0.2887596899 0.1941817125
0.2887171793 0.1941884226
0.2886746687 0.1941951383
0.2886321580 0.1942018594
0.2885896474 0.1942085862
0.2885471368 0.1942153184
0.2885046262 0.1942220562
0.2884621155 0.1942287996
0.2884196049 0.1942355485
0.2883770943 0.1942423029
0.2883345836 0.1942490628
0.2882920730 0.1942558282
0.2882495624 0.1942625992
0.2882070518 0.1942693757
0.2881645411 0.1942761578
0.2881220305 0.1942829453
0.2880795199 0.1942897384
0.2880370093 0.1942965370
0.2879944986 0.1943033412
0.2879519880 0.1943101508
0.2879094774 0.1943169660
0.2878669667 0.1943237866
0.2878244561 0.1943306128
0.2877819455 0.1943374445
0.2877394349 0.1943442817
0.2876969242 0.1943511245
0.2876544136 0.1943579727
0.2876119030 0.1943648264
0.2875693923 0.1943716857
0.2875268817 0.1943785504
0.2874843711 0.1943854207
0.2874418605 0.1943922964
0.2873993498 0.1943991777
0.2873568392 0.1944060644
0.2873143286 0.1944129566
0.2872718180 0.1944198544
0.2872293073 0.1944267576
0.2871867967 0.1944336663
0.2871442861 0.1944405805
0.2871017754 0.1944475002
0.2870592648 0.1944544254
0.2870167542 0.1944613561
0.2869742436 0.1944682922
0.2869317329 0.1944752338
0.2868892223 0.1944821809
0.2868467117 0.1944891335
0.2868042011 0.1944960916
0.2867616904 0.1945030551
0.2867191798 0.1945100241
0.2866766692 0.1945169986
0.2866341585 0.1945239785
0.2865916479 0.1945309639
0.2865491373 0.1945379548
0.2865066267 0.1945449511
0.2864641160 0.1945519529
0.2864216054 0.1945589602
0.2863790948 0.1945659729
0.2863365841 0.1945729911
0.2862940735 0.1945800147
0.2862515629 0.1945870437
0.2862090523 0.1945940783
0.2861665416 0.1946011182
0.2861240310 0.1946081636
0.2860815204 0.1946152145
0.2860390098 0.1946222708
0.2859964991 0.1946293325
0.2859539885 0.1946363997
0.2859114779 0.1946434723
0.2858689672 0.1946505503
0.2858264566 0.1946576338
0.2857839460 0.1946647227
0.2857414354 0.1946718170
0.2856989247 0.1946789168
0.2856564141 0.1946860219
0.2856139035 0.1946931325
0.2855713928 0.1947002485
0.2855288822 0.1947073700
0.2854863716 0.1947144968
0.2854438610 0.1947216290
0.2854013503 0.1947287667
0.2853588397 0.1947359098
0.2853163291 0.1947430582
0.2852738185 0.1947502121
0.2852313078 0.1947573714
0.2851887972 0.1947645360
0.2851462866 0.1947717061
0.2851037759 0.1947788816
0.2850612653 0.1947860624
0.2850187547 0.1947932486
0.2849762441 0.1948004403
0.2849337334 0.1948076373
0.2848912228 0.1948148396
0.2848487122 0.1948220474
0.2848062016 0.1948292605
0.2847636909 0.1948364791
0.2847211803 0.1948437029
0.2846786697 0.1948509322
0.2846361590 0.1948581668
0.2845936484 0.1948654068
0.2845511378 0.1948726521
0.2845086272 0.1948799028
0.2844661165 0.1948871589
0.2844236059 0.1948944203
0.2843810953 0.1949016871
0.2843385846 0.1949089592
0.2842960740 0.1949162366
0.2842535634 0.1949235194
0.2842110528 0.1949308076
0.2841685421 0.1949381011
0.2841260315 0.1949453999
0.2840835209 0.1949527040
0.2840410103 0.1949600135
0.2839984996 0.1949673283
0.2839559890 0.1949746484
0.2839134784 0.1949819739
0.2838709677 0.1949893046
0.2838284571 0.1949966407
0.2837859465 0.1950039821
0.2837434359 0.1950113288
0.2837009252 0.1950186808
0.2836584146 0.1950260381
0.2836159040 0.1950334008
0.2835733933 0.1950407687
0.2835308827 0.1950481419
0.2834883721 0.1950555204
0.2834458615 0.1950629042
0.2834033508 0.1950702933
0.2833608402 0.1950776876
0.2833183296 0.1950850873
0.2832758190 0.1950924922
0.2832333083 0.1950999024
0.2831907977 0.1951073179
0.2831482871 0.1951147386
0.2831057764 0.1951221646
0.2830632658 0.1951295959
0.2830207552 0.1951370324
0.2829782446 0.1951444742
0.2829357339 0.1951519213
0.2828932233 0.1951593735
0.2828507127 0.1951668311
0.2828082021 0.1951742939
0.2827656914 0.1951817619
0.2827231808 0.1951892352
0.2826806702 0.1951967137
0.2826381595 0.1952041974
0.2825956489 0.1952116863
0.2825531383 0.1952191805
0.2825106277 0.1952266799
0.2824681170 0.1952341846
0.2824256064 0.1952416944
0.2823830958 0.1952492094
0.2823405851 0.1952567297
0.2822980745 0.1952642552
0.2822555639 0.1952717858
0.2822130533 0.1952793217
0.2821705426 0.1952868627
0.2821280320 0.1952944090
0.2820855214 0.1953019604
0.2820430108 0.1953095171
0.2820005001 0.1953170789
0.2819579895 0.1953246458
0.2819154789 0.1953322180
0.2818729682 0.1953397953
0.2818304576 0.1953473778
0.2817879470 0.1953549655
0.2817454364 0.1953625583
0.2817029257 0.1953701563
0.2816604151 0.1953777594
0.2816179045 0.1953853677
0.2815753938 0.1953929811
0.2815328832 0.1954005997
0.2814903726 0.1954082234
0.2814478620 0.1954158522
0.2814053513 0.1954234862
0.2813628407 0.1954311253
0.2813203301 0.1954387695
0.2812778195 0.1954464189
0.2812353088 0.1954540733
0.2811927982 0.1954617329
0.2811502876 0.1954693976
0.2811077769 0.1954770674
0.2810652663 0.1954847423
0.2810227557 0.1954924222
0.2809802451 0.1955001073
0.2809377344 0.1955077975
0.2808952238 0.1955154928
0.2808527132 0.1955231931
0.2808102026 0.1955308985
0.2807676919 0.1955386090
0.2807251813 0.1955463246
0.2806826707 0.1955540452
0.2806401600 0.1955617709
0.2805976494 0.1955695016
0.2805551388 0.1955772374
0.2805126282 0.1955849783
0.2804701175 0.1955927242
0.2804276069 0.1956004751
0.2803850963 0.1956082311
0.2803425856 0.1956159921
0.2803000750 0.1956237582
0.2802575644 0.1956315292
0.2802150538 0.1956393053
0.2801725431 0.1956470864
0.2801300325 0.1956548725
0.2800875219 0.1956626637
0.2800450113 0.1956704598
0.2800025006 0.1956782610
0.2799599900 0.1956860671
0.2799174794 0.1956938782
0.2798749687 0.1957016943
0.2798324581 0.1957095154
0.2797899475 0.1957173415
0.2797474369 0.1957251726
0.2797049262 0.1957330086
0.2796624156 0.1957408496
0.2796199050 0.1957486955
0.2795773943 0.1957565464
0.2795348837 0.1957644023
0.2794923731 0.1957722631
0.2794498625 0.1957801289
0.2794073518 0.1957879996
0.2793648412 0.1957958752
0.2793223306 0.1958037558
0.2792798200 0.1958116413
0.2792373093 0.1958195317
0.2791947987 0.1958274270
0.2791522881 0.1958353273
0.2791097774 0.1958432324
0.2790672668 0.1958511425
0.2790247562 0.1958590574
0.2789822456 0.1958669773
0.2789397349 0.1958749020
0.2788972243 0.1958828317
0.2788547137 0.1958907662
0.2788122031 0.1958987055
0.2787696924 0.1959066498
0.2787271818 0.1959145989
0.2786846712 0.1959225529
0.2786421605 0.1959305117
0.2785996499 0.1959384754
0.2785571393 0.1959464440
0.2785146287 0.1959544174
0.2784721180 0.1959623956
0.2784296074 0.1959703786
0.2783870968 0.1959783665
0.2783445861 0.1959863592
0.2783020755 0.1959943567
0.2782595649 0.1960023591
0.2782170543 0.1960103662
0.2781745436 0.1960183782
0.2781320330 0.1960263949
0.2780895224 0.1960344165
0.2780470118 0.1960424428
0.2780045011 0.1960504739
0.2779619905 0.1960585098
0.2779194799 0.1960665505
0.2778769692 0.1960745959
0.2778344586 0.1960826461
0.2777919480 0.1960907011
0.2777494374 0.1960987608
0.2777069267 0.1961068252
0.2776644161 0.1961148944
0.2776219055 0.1961229684
0.2775793948 0.1961310471
0.2775368842 0.1961391305
0.2774943736 0.1961472186
0.2774518630 0.1961553114
0.2774093523 0.1961634090
0.2773668417 0.1961715112
0.2773243311 0.1961796182
0.2772818205 0.1961877298
0.2772393098 0.1961958462
0.2771967992 0.1962039672
0.2771542886 0.1962120929
0.2771117779 0.1962202233
0.2770692673 0.1962283584
0.2770267567 0.1962364981
0.2769842461 0.1962446425
0.2769417354 0.1962527915
0.2768992248 0.1962609452
0.2768567142 0.1962691035
0.2768142036 0.1962772664
0.2767716929 0.1962854340
0.2767291823 0.1962936062
0.2766866717 0.1963017830
0.2766441610 0.1963099645
0.2766016504 0.1963181505
0.2765591398 0.1963263412
0.2765166292 0.1963345364
0.2764741185 0.1963427363
0.2764316079 0.1963509407
0.2763890973 0.1963591497
0.2763465866 0.1963673633
0.2763040760 0.1963755814
0.2762615654 0.1963838042
0.2762190548 0.1963920314
0.2761765441 0.1964002632
0.2761340335 0.1964084996
0.2760915229 0.1964167405
0.2760490123 0.1964249860
0.2760065016 0.1964332359
0.2759639910 0.1964414904
0.2759214804 0.1964497494
0.2758789697 0.1964580130
0.2758364591 0.1964662810
0.2757939485 0.1964745535
0.2757514379 0.1964828305
0.2757089272 0.1964911120
0.2756664166 0.1964993980
0.2756239060 0.1965076884
0.2755813953 0.1965159834
0.2755388847 0.1965242828
0.2754963741 0.1965325866
0.2754538635 0.1965408949
0.2754113528 0.1965492076
0.2753688422 0.1965575248
0.2753263316 0.1965658464
0.2752838210 0.1965741725
0.2752413103 0.1965825029
0.2751987997 0.1965908378
0.2751562891 0.1965991771
0.2751137784 0.1966075207
0.2750712678 0.1966158688
0.2750287572 0.1966242213
0.2749862466 0.1966325781
0.2749437359 0.1966409393
0.2749012253 0.1966493049
0.2748587147 0.1966576749
0.2748162041 0.1966660492
0.2747736934 0.1966744278
0.2747311828 0.1966828108
0.2746886722 0.1966911982
0.2746461615 0.1966995898
0.2746036509 0.1967079858
0.2745611403 0.1967163861
0.2745186297 0.1967247908
0.2744761190 0.1967331997
0.2744336084 0.1967416129
0.2743910978 0.1967500305
0.2743485871 0.1967584523
0.2743060765 0.1967668784
0.2742635659 0.1967753087
0.2742210553 0.1967837433
0.2741785446 0.1967921822
0.2741360340 0.1968006254
0.2740935234 0.1968090727
0.2740510128 0.1968175244
0.2740085021 0.1968259802
0.2739659915 0.1968344403
0.2739234809 0.1968429046
0.2738809702 0.1968513731
0.2738384596 0.1968598458
0.2737959490 0.1968683227
0.2737534384 0.1968768038
0.2737109277 0.1968852891
0.2736684171 0.1968937786
0.2736259065 0.1969022722
0.2735833958 0.1969107700
0.2735408852 0.1969192720
0.2734983746 0.1969277781
0.2734558640 0.1969362884
0.2734133533 0.1969448028
0.2733708427 0.1969533213
0.2733283321 0.1969618439
0.2732858215 0.1969703707
0.2732433108 0.1969789016
0.2732008002 0.1969874365
0.2731582896 0.1969959756
0.2731157789 0.1970045187
0.2730732683 0.1970130660
0.2730307577 0.1970216173
0.2729882471 0.1970301726
0.2729457364 0.1970387320
0.2729032258 0.1970472955
0.2728607152 0.1970558630
0.2728182046 0.1970644346
0.2727756939 0.1970730102
0.2727331833 0.1970815898
0.2726906727 0.1970901734
0.2726481620 0.1970987610
0.2726056514 0.1971073527
0.2725631408 0.1971159483
0.2725206302 0.1971245479
0.2724781195 0.1971331515
0.2724356089 0.1971417590
0.2723930983 0.1971503705
0.2723505876 0.1971589860
0.2723080770 0.1971676054
0.2722655664 0.1971762288
0.2722230558 0.1971848561
0.2721805451 0.1971934873
0.2721380345 0.1972021224
0.2720955239 0.1972107615
0.2720530133 0.1972194044
0.2720105026 0.1972280513
0.2719679920 0.1972367020
0.2719254814 0.1972453566
0.2718829707 0.1972540151
0.2718404601 0.1972626774
0.2717979495 0.1972713436
0.2717554389 0.1972800137
0.2717129282 0.1972886876
0.2716704176 0.1972973653
0.2716279070 0.1973060468
0.2715853963 0.1973147322
0.2715428857 0.1973234214
0.2715003751 0.1973321144
0.2714578645 0.1973408111
0.2714153538 0.1973495117
0.2713728432 0.1973582160
0.2713303326 0.1973669241
0.2712878220 0.1973756360
0.2712453113 0.1973843516
0.2712028007 0.1973930710
0.2711602901 0.1974017941
0.2711177794 0.1974105209
0.2710752688 0.1974192515
0.2710327582 0.1974279857
0.2709902476 0.1974367237
0.2709477369 0.1974454654
0.2709052263 0.1974542108
0.2708627157 0.1974629598
0.2708202051 0.1974717125
0.2707776944 0.1974804689
0.2707351838 0.1974892290
0.2706926732 0.1974979926
0.2706501625 0.1975067600
0.2706076519 0.1975155309
0.2705651413 0.1975243055
0.2705226307 0.1975330837
0.2704801200 0.1975418655
0.2704376094 0.1975506509
0.2703950988 0.1975594399
0.2703525881 0.1975682325
0.2703100775 0.1975770286
0.2702675669 0.1975858284
0.2702250563 0.1975946316
0.2701825456 0.1976034385
0.2701400350 0.1976122488
0.2700975244 0.1976210627
0.2700550138 0.1976298801
0.2700125031 0.1976387010
0.2699699925 0.1976475255
0.2699274819 0.1976563534
0.2698849712 0.1976651848
0.2698424606 0.1976740197
0.2697999500 0.1976828581
0.2697574394 0.1976916999
0.2697149287 0.1977005452
0.2696724181 0.1977093939
0.2696299075 0.1977182461
0.2695873968 0.1977271016
0.2695448862 0.1977359606
0.2695023756 0.1977448231
0.2694598650 0.1977536889
0.2694173543 0.1977625581
0.2693748437 0.1977714307
0.2693323331 0.1977803066
0.2692898225 0.1977891860
0.2692473118 0.1977980686
0.2692048012 0.1978069547
0.2691622906 0.1978158440
0.2691197799 0.1978247367
0.2690772693 0.1978336327
0.2690347587 0.1978425321
0.2689922481 0.1978514347
0.2689497374 0.1978603406
0.2689072268 0.1978692498
0.2688647162 0.1978781623
0.2688222056 0.1978870780
0.2687796949 0.1978959970
0.2687371843 0.1979049193
0.2686946737 0.1979138448
0.2686521630 0.1979227735
0.2686096524 0.1979317054
0.2685671418 0.1979406406
0.2685246312 0.1979495789
0.2684821205 0.1979585204
0.2684396099 0.1979674652
0.2683970993 0.1979764130
0.2683545886 0.1979853641
0.2683120780 0.1979943183
0.2682695674 0.1980032756
0.2682270568 0.1980122361
0.2681845461 0.1980211997
0.2681420355 0.1980301665
0.2680995249 0.1980391363
0.2680570143 0.1980481092
0.2680145036 0.1980570852
0.2679719930 0.1980660643
0.2679294824 0.1980750465
0.2678869717 0.1980840317
0.2678444611 0.1980930200
0.2678019505 0.1981020113
0.2677594399 0.1981110056
0.2677169292 0.1981200030
0.2676744186 0.1981290034
0.2676319080 0.1981380067
0.2675893973 0.1981470131
0.2675468867 0.1981560224
0.2675043761 0.1981650347
0.2674618655 0.1981740500
0.2674193548 0.1981830682
0.2673768442 0.1981920894
0.2673343336 0.1982011135
0.2672918230 0.1982101405
0.2672493123 0.1982191704
0.2672068017 0.1982282033
0.2671642911 0.1982372390
0.2671217804 0.1982462776
0.2670792698 0.1982553191
0.2670367592 0.1982643634
0.2669942486 0.1982734106
0.2669517379 0.1982824606
0.2669092273 0.1982915135
0.2668667167 0.1983005692
0.2668242061 0.1983096277
0.2667816954 0.1983186890
0.2667391848 0.1983277531
0.2666966742 0.1983368199
0.2666541635 0.1983458896
0.2666116529 0.1983549620
0.2665691423 0.1983640371
0.2665266317 0.1983731150
0.2664841210 0.1983821956
0.2664416104 0.1983912789
0.2663990998 0.1984003650
0.2663565891 0.1984094537
0.2663140785 0.1984185451
0.2662715679 0.1984276392
0.2662290573 0.1984367360
0.2661865466 0.1984458354
0.2661440360 0.1984549375
0.2661015254 0.1984640422
0.2660590148 0.1984731496
0.2660165041 0.1984822595
0.2659739935 0.1984913720
0.2659314829 0.1985000000
0.2658889722 0.1985000000
0.2658464616 0.1985000000
0.2658039510 0.1985000000
0.2657614404 0.1985000000
0.2657189297 0.1985000000
0.2656764191 0.1985000000
0.2656339085 0.1985000000
0.2655913978 0.1985000000
0.2655488872 0.1985000000
0.2655063766 0.1985000000
0.2654638660 0.1985000000
0.2654213553 0.1985000000
0.2653788447 0.1985000000
0.2653363341 0.1985000000
0.2652938235 0.1985000000
0.2652513128 0.1985000000
0.2652088022 0.1985000000
0.2651662916 0.1985000000
0.2651237809 0.1985000000
0.2650812703 0.1985000000
0.2650387597 0.1985000000
0.2649962491 0.1985000000
0.2649537384 0.1985000000
0.2649112278 0.1985000000
0.2648687172 0.1985000000
0.2648262066 0.1985000000
0.2647836959 0.1985000000
0.2647411853 0.1985000000
0.2646986747 0.1985000000
0.2646561640 0.1985000000
0.2646136534 0.1985000000
0.2645711428 0.1985000000
0.2645286322 0.1985000000
0.2644861215 0.1985000000
0.2644436109 0.1985000000
0.2644011003 0.1985000000
0.2643585896 0.1985000000
0.2643160790 0.1985000000
0.2642735684 0.1985000000
0.2642310578 0.1985000000
0.2641885471 0.1985000000
0.2641460365 0.1985000000
0.2641035259 0.1985000000
0.2640610153 0.1985000000
0.2640185046 0.1985000000
0.2639759940 0.1985000000
0.2639334834 0.1985000000
0.2638909727 0.1985000000
0.2638484621 0.1985000000
0.2638059515 0.1985000000
0.2637634409 0.1985000000
0.2637209302 0.1985000000
0.2636784196 0.1985000000
0.2636359090 0.1985000000
0.2635933983 0.1985000000
0.2635508877 0.1985000000
0.2635083771 0.1985000000
0.2634658665 0.1985000000
0.2634233558 0.1985000000
0.2633808452 0.1985000000
0.2633383346 0.1985000000
0.2632958240 0.1985000000
0.2632533133 0.1985000000
0.2632108027 0.1985000000
0.2631682921 0.1985000000
0.2631257814 0.1985000000
0.2630832708 0.1985000000
0.2630407602 0.1985000000
0.2629982496 0.1985000000
0.2629557389 0.1985000000
0.2629132283 0.1985000000
0.2628707177 0.1985000000
0.2628282071 0.1985000000
0.2627856964 0.1985000000
0.2627431858 0.1985000000
0.2627006752 0.1985000000
0.2626581645 0.1985000000
0.2626156539 0.1985000000
0.2625731433 0.1985000000
0.2625306327 0.1985000000
0.2624881220 0.1985000000
0.2624456114 0.1985000000
0.2624031008 0.1985000000
0.2623605901 0.1985000000
0.2623180795 0.1985000000
0.2622755689 0.1985000000
0.2622330583 0.1985000000
0.2621905476 0.1985000000
0.2621480370 0.1985000000
0.2621055264 0.1985000000
0.2620630158 0.1985000000
0.2620205051 0.1985000000
0.2619779945 0.1985000000
0.2619354839 0.1985000000
0.2618929732 0.1985000000
0.2618504626 0.1985000000
0.2618079520 0.1985000000
0.2617654414 0.1985000000
0.2617229307 0.1985000000
0.2616804201 0.1985000000
0.2616379095 0.1985000000
0.2615953988 0.1985000000
0.2615528882 0.1985000000
0.2615103776 0.1985000000
0.2614678670 0.1985000000
0.2614253563 0.1985000000
0.2613828457 0.1985000000
0.2613403351 0.1985000000
0.2612978245 0.1985000000
0.2612553138 0.1985000000
0.2612128032 0.1985000000
0.2611702926 0.1985000000
0.2611277819 0.1985000000
0.2610852713 0.1985000000
0.2610427607 0.1985000000
0.2610002501 0.1985000000
0.2609577394 0.1985000000
0.2609152288 0.1985000000
0.2608727182 0.1985000000
0.2608302076 0.1985000000
0.2607876969 0.1985000000
0.2607451863 0.1985000000
0.2607026757 0.1985000000
0.2606601650 0.1985000000
0.2606176544 0.1985000000
0.2605751438 0.1985000000
0.2605326332 0.1985000000
0.2604901225 0.1985000000
0.2604476119 0.1985000000
0.2604051013 0.1985000000
0.2603625906 0.1985000000
0.2603200800 0.1985000000
0.2602775694 0.1985000000
0.2602350588 0.1985000000
0.2601925481 0.1985000000
0.2601500375 0.1985000000
0.2601075269 0.1985000000
0.2600650163 0.1985000000
0.2600225056 0.1985000000
0.2599799950 0.1985000000
0.2599374844 0.1985000000
0.2598949737 0.1985000000
0.2598524631 0.1985000000
0.2598099525 0.1985000000
0.2597674419 0.1985000000
0.2597249312 0.1985000000
0.2596824206 0.1985000000
0.2596399100 0.1985000000
0.2595973993 0.1985000000
0.2595548887 0.1985000000
0.2595123781 0.1985000000
0.2594698675 0.1985000000
0.2594273568 0.1985000000
0.2593848462 0.1985000000
0.2593423356 0.1985000000
0.2592998250 0.1985000000
0.2592573143 0.1985000000
0.2592148037 0.1985000000
0.2591722931 0.1985000000
0.2591297824 0.1985000000
0.2590872718 0.1985000000
0.2590447612 0.1985000000
0.2590022506 0.1985000000
0.2589597399 0.1985000000
0.2589172293 0.1985000000
0.2588747187 0.1985000000
0.2588322081 0.1985000000
0.2587896974 0.1985000000
0.2587471868 0.1985000000
0.2587046762 0.1985000000
0.2586621655 0.1985000000
0.2586196549 0.1985000000
0.2585771443 0.1985000000
0.2585346337 0.1985000000
0.2584921230 0.1985000000
0.2584496124 0.1985000000
0.2584071018 0.1985000000
0.2583645911 0.1985000000
0.2583220805 0.1985000000
0.2582795699 0.1985000000
0.2582370593 0.1985000000
0.2581945486 0.1985000000
0.2581520380 0.1985000000
0.2581095274 0.1985000000
0.2580670168 0.1985000000
0.2580245061 0.1985000000
0.2579819955 0.1985000000
0.2579394849 0.1985000000
0.2578969742 0.1985000000
0.2578544636 0.1985000000
0.2578119530 0.1985000000
0.2577694424 0.1985000000
0.2577269317 0.1985000000
0.2576844211 0.1985000000
0.2576419105 0.1985000000
0.2575993998 0.1985000000
0.2575568892 0.1985000000
0.2575143786 0.1985000000
0.2574718680 0.1985000000
0.2574293573 0.1985000000
0.2573868467 0.1985000000
0.2573443361 0.1985000000
0.2573018255 0.1985000000
0.2572593148 0.1985000000
0.2572168042 0.1985000000
0.2571742936 0.1985000000
0.2571317829 0.1985000000
0.2570892723 0.1985000000
0.2570467617 0.1985000000
0.2570042511 0.1985000000
0.2569617404 0.1985000000
0.2569192298 0.1985000000
0.2568767192 0.1985000000
0.2568342086 0.1985000000
0.2567916979 0.1985000000
0.2567491873 0.1985000000
0.2567066767 0.1985000000
0.2566641660 0.1985000000
0.2566216554 0.1985000000
0.2565791448 0.1985000000
0.2565366342 0.1985000000
0.2564941235 0.1985000000
0.2564516129 0.1985000000
0.2564091023 0.1985000000
0.2563665916 0.1985000000
0.2563240810 0.1985000000
0.2562815704 0.1985000000
0.2562390598 0.1985000000
0.2561965491 0.1985000000
0.2561540385 0.1985000000
0.2561115279 0.1985000000
0.2560690173 0.1985000000
0.2560265066 0.1985000000
0.2559839960 0.1985000000
0.2559414854 0.1985000000
0.2558989747 0.1985000000
0.2558564641 0.1985000000
0.2558139535 0.1985000000
0.2557714429 0.1985000000
0.2557289322 0.1985000000
0.2556864216 0.1985000000
0.2556439110 0.1985000000
0.2556014004 0.1985000000
0.2555588897 0.1985000000
0.2555163791 0.1985000000
0.2554738685 0.1985000000
0.2554313578 0.1985000000
0.2553888472 0.1985000000
0.2553463366 0.1985000000
0.2553038260 0.1985000000
0.2552613153 0.1985000000
0.2552188047 0.1985000000
0.2551762941 0.1985000000
0.2551337834 0.1985000000
0.2550912728 0.1985000000
0.2550487622 0.1985000000
0.2550062516 0.1985000000
0.2549637409 0.1985000000
0.2549212303 0.1985000000
0.2548787197 0.1985000000
0.2548362091 0.1985000000
0.2547936984 0.1985000000
0.2547511878 0.1985000000
0.2547086772 0.1985000000
0.2546661665 0.1985000000
0.2546236559 0.1985000000
0.2545811453 0.1985000000
0.2545386347 0.1985000000
0.2544961240 0.1985000000
0.2544536134 0.1985000000
0.2544111028 0.1985000000
0.2543685921 0.1985000000
0.2543260815 0.1985000000
0.2542835709 0.1985000000
0.2542410603 0.1985000000
0.2541985496 0.1985000000
0.2541560390 0.1985000000
0.2541135284 0.1985000000
0.2540710178 0.1985000000
0.2540285071 0.1985000000
0.2539859965 0.1985000000
0.2539434859 0.1985000000
0.2539009752 0.1985000000
0.2538584646 0.1985000000
0.2538159540 0.1985000000
0.2537734434 0.1985000000
0.2537309327 0.1985000000
0.2536884221 0.1985000000
0.2536459115 0.1985000000
0.2536034009 0.1985000000
0.2535608902 0.1985000000
0.2535183796 0.1985000000
0.2534758690 0.1985000000
0.2534333583 0.1985000000
0.2533908477 0.1985000000
0.2533483371 0.1985000000
0.2533058265 0.1985000000
0.2532633158 0.1985000000
0.2532208052 0.1985000000
0.2531782946 0.1985000000
0.2531357839 0.1985000000
0.2530932733 0.1985000000
0.2530507627 0.1985000000
0.2530082521 0.1985000000
0.2529657414 0.1985000000
0.2529232308 0.1985000000
0.2528807202 0.1985000000
0.2528382096 0.1985000000
0.2527956989 0.1985000000
0.2527531883 0.1985000000
0.2527106777 0.1985000000
0.2526681670 0.1985000000
0.2526256564 0.1985000000
0.2525831458 0.1985000000
0.2525406352 0.1985000000
0.2524981245 0.1985000000
0.2524556139 0.1985000000
0.2524131033 0.1985000000
0.2523705926 0.1985000000
0.2523280820 0.1985000000
0.2522855714 0.1985000000
0.2522430608 0.1985000000
0.2522005501 0.1985000000
0.2521580395 0.1985000000
0.2521155289 0.1985000000
0.2520730183 0.1985000000
0.2520305076 0.1985000000
0.2519879970 0.1985000000
0.2519454864 0.1985000000
0.2519029757 0.1985000000
0.2518604651 0.1985000000
0.2518179545 0.1985000000
0.2517754439 0.1985000000
0.2517329332 0.1985000000
0.2516904226 0.1985000000
0.2516479120 0.1985000000
0.2516054014 0.1985000000
0.2515628907 0.1985000000
0.2515203801 0.1985000000
0.2514778695 0.1985000000
0.2514353588 0.1985000000
0.2513928482 0.1985000000
0.2513503376 0.1985000000
0.2513078270 0.1985000000
0.2512653163 0.1985000000
0.2512228057 0.1985000000
0.2511802951 0.1985000000
0.2511377844 0.1985000000
0.2510952738 0.1985000000
0.2510527632 0.1985000000
0.2510102526 0.1985000000
0.2509677419 0.1985000000
0.2509252313 0.1985000000
0.2508827207 0.1985000000
0.2508402101 0.1985000000
0.2507976994 0.1985000000
0.2507551888 0.1985000000
0.2507126782 0.1985000000
0.2506701675 0.1985000000
0.2506276569 0.1985000000
0.2505851463 0.1985000000
0.2505426357 0.1985000000
0.2505001250 0.1985000000
0.2504576144 0.1985000000
0.2504151038 0.1985000000
0.2503725931 0.1985000000
0.2503300825 0.1985000000
0.2502875719 0.1985000000
0.2502450613 0.1985000000
0.2502025506 0.1985000000
0.2501600400 0.1985000000
0.2501175294 0.1985000000
0.2500750188 0.1985000000
0.2500325081 0.1985000000
0.2499899975 0.1985000000
0.2499474869 0.1985000000
0.2499049762 0.1985000000
0.2498624656 0.1985000000
0.2498199550 0.1985000000
0.2497774444 0.1985000000
0.2497349337 0.1985000000
0.2496924231 0.1985000000
0.2496499125 0.1985000000
0.2496074019 0.1985000000
0.2495648912 0.1985000000
0.2495223806 0.1985000000
0.2494798700 0.1985000000
0.2494373593 0.1985000000
0.2493948487 0.1985000000
0.2493523381 0.1985000000
0.2493098275 0.1985000000
0.2492673168 0.1985000000
0.2492248062 0.1985000000
0.2491822956 0.1985000000
0.2491397849 0.1985000000
0.2490972743 0.1985000000
0.2490547637 0.1985000000
0.2490122531 0.1985000000
0.2489697424 0.1985000000
0.2489272318 0.1985000000
0.2488847212 0.1985000000
0.2488422106 0.1985000000
0.2487996999 0.1985000000
0.2487571893 0.1985000000
0.2487146787 0.1985000000
0.2486721680 0.1985000000
0.2486296574 0.1985000000
0.2485871468 0.1985000000
0.2485446362 0.1985000000
0.2485021255 0.1985000000
0.2484596149 0.1985000000
0.2484171043 0.1985000000
0.2483745936 0.1985000000
0.2483320830 0.1985000000
0.2482895724 0.1985000000
0.2482470618 0.1985000000
0.2482045511 0.1985000000
0.2481620405 0.1985000000
0.2481195299 0.1985000000
0.2480770193 0.1985000000
0.2480345086 0.1985000000
0.2479919980 0.1985000000
0.2479494874 0.1985000000
0.2479069767 0.1985000000
0.2478644661 0.1985000000
0.2478219555 0.1985000000
0.2477794449 0.1985000000
0.2477369342 0.1985000000
0.2476944236 0.1985000000
0.2476519130 0.1985000000
0.2476094024 0.1985000000
0.2476094024 0.1984935871
